word	presences	finds
LES	2446	0
ISNA	946	0
AESIR	615	0
NAOI	477	0
ISNAE	448	0
ABO	409	0
NELIS	394	0
OSTIA	390	0
OTIC	387	0
HORI	385	0
ATRIA	360	0
NGAI	340	0
AERY	329	0
ISTLE	323	0
TAIG	320	0
AITU	310	0
EDHS	294	0
OHED	292	0
ARIOT	292	0
NOAH	284	0
ILIA	284	0
EISEL	280	0
OLEO	278	0
NEROL	275	0
ETUI	271	0
CIAO	259	0
URAO	256	0
ESTOC	256	0
NAIRA	253	0
EEW	248	0
YID	238	0
LOTSA	235	0
ERICA	235	0
UTERI	232	0
ULAN	230	0
NIGER	227	0
ANSAE	224	0
SEHRI	223	0
EYRA	218	0
ELHI	217	0
ODIST	211	0
ARECA	209	0
INERM	207	0
ARISTA	206	0
SEARAT	204	0
HORIS	197	0
EIDOS	197	0
USNEA	194	0
EHED	188	0
REIRD	187	0
NADIR	187	0
URAEI	186	0
TAHRS	185	0
ATMA	182	0
SIROC	180	0
LESES	179	0
SENITI	178	0
AHENT	176	0
DANIO	174	0
NIDAL	174	0
SNASTE	173	0
NEREIS	173	0
ERHU	172	0
ODSO	172	0
NARIC	171	0
ARISTO	171	0
SIEUR	169	0
SEPIA	169	0
AHINT	169	0
NIDOR	169	0
ATUA	168	0
INARM	166	0
TEDY	165	0
NGATI	164	0
BINT	164	0
EREV	163	0
AARTI	162	0
TREIF	161	0
AUREI	160	0
ABOS	160	0
AORIST	160	0
EPHA	156	0
LITAI	155	0
ASPIE	155	0
ATOCS	153	0
NETOP	153	0
OONTS	152	0
EPRIS	152	0
AUA	150	0
AMRIT	149	0
ISBA	149	0
ISSEI	149	0
TERATA	148	0
EDDO	147	0
TELIC	145	0
ISATIN	145	0
URIC	145	0
EUOI	144	0
RANSEL	143	0
IGAD	142	0
ANOAS	139	0
TAENIA	138	0
KERO	137	0
OSCAR	137	0
MAERL	137	0
ANLAS	135	0
NEGRO	133	0
ORACH	132	0
ALDEA	132	0
AINGA	132	0
DOSAI	131	0
RISTRA	131	0
SNEATH	131	0
SACRA	131	0
ETHNE	130	0
INUST	130	0
OBIA	129	0
OTARIES	129	0
TEDIER	129	0
NUTSO	129	0
AORTAE	129	0
ATRESIA	128	0
NEUM	128	0
ROSTRA	128	0
TEREDO	128	0
SANSEI	127	0
YRENT	127	0
OPAH	127	0
UREDO	126	0
AURIS	125	0
GERAH	125	0
REALIA	125	0
GENU	125	0
MIHA	125	0
UDAL	125	0
TARSIA	124	0
OLEOS	124	0
LANAI	124	0
SIERRA	124	0
AIGA	124	0
TAIGS	123	0
KSAR	123	0
LEHRS	123	0
ENISLE	123	0
PIERTS	122	0
AIERY	122	0
AULA	122	0
AITUS	122	0
OSTIAL	121	0
NEPIT	121	0
SETOSE	121	0
UMRA	121	0
GOIER	120	0
NAIRU	120	0
EIGNE	119	0
AEDINE	119	0
OUENS	118	0
TSETSE	118	0
GENRO	117	0
EELY	117	0
CERIAS	117	0
TIFO	117	0
AEGIS	117	0
ETUIS	116	0
TRILD	116	0
NEROLS	114	0
GOY	114	0
IMARI	114	0
DHOL	114	0
SPIC	114	0
ANESTRA	114	0
NITID	114	0
LOTAH	113	0
UPAS	113	0
SAOLA	113	0
SEROMA	113	0
ICTAL	112	0
ARYL	112	0
RORAL	111	0
UGH	111	0
ORIELS	111	0
MEOU	111	0
HAOLE	111	0
ASPRO	110	0
ATRIAL	110	0
SITUS	110	0
ISTANA	110	0
LAESIE	109	0
ARHAT	109	0
INAPT	109	0
SNOEP	109	0
NEREID	109	0
ISTLES	108	0
TSORIS	108	0
EGMA	108	0
NALEDS	108	0
ILEUS	107	0
OREIDE	106	0
NEROLI	106	0
EIKS	106	0
NIGERS	106	0
ANETIC	106	0
SLOID	106	0
ATMOS	106	0
SILENI	106	0
CRIP	106	0
TOMIA	106	0
URARE	106	0
BLERT	106	0
AORTAS	106	0
MUNT	105	0
ANENST	104	0
ODEON	104	0
NOAHS	104	0
EYRAS	104	0
EROTISE	103	0
CERITE	103	0
OTARY	103	0
NEELD	103	0
UNETH	103	0
TERCES	102	0
YAREST	102	0
OHIAS	102	0
NOSEAN	102	0
INSPO	102	0
NERINE	102	0
OTIOSE	102	0
MESETA	102	0
SALMI	101	0
FRENA	101	0
NICOL	100	0
URSON	100	0
OSSIA	100	0
AROHA	99	0
LATRIA	99	0
DOLIA	99	0
VLEI	99	0
ALISON	99	0
INLY	99	0
ITERANT	98	0
TELCO	98	0
AUAS	98	0
ERICAS	98	0
NYM	98	0
RUEDA	98	0
NOOIT	97	0
URENAS	97	0
URAOS	97	0
SADHE	97	0
ERBIA	96	0
UREIC	96	0
ARISTAE	96	0
AFIRE	96	0
ECADS	96	0
DAGO	96	0
LAARI	96	0
PLENA	96	0
NOSTRO	95	0
MESIC	95	0
AREOLA	95	0
TIGON	95	0
OGAM	95	0
OMERTA	94	0
INULA	94	0
DONAH	93	0
DREK	93	0
TAROCS	93	0
ULANS	93	0
FREON	92	0
OCREAS	92	0
PEDRO	92	0
YARTO	92	0
TEPID	91	0
WOG	91	0
RHUS	91	0
AHIND	91	0
NAIRAS	91	0
YLEM	91	0
INDRI	91	0
PTERIA	90	0
OLEIC	90	0
TAUON	90	0
AIOLI	90	0
ESLOIN	90	0
NICAD	89	0
OWSEN	89	0
PETSAI	89	0
ACARI	89	0
OSETRAS	89	0
PSION	89	0
ADMEN	89	0
LATAH	89	0
ENSEW	88	0
OTARID	88	0
GHEST	88	0
MESIAN	87	0
YIDS	87	0
THESP	87	0
LOHAN	87	0
SHEILA	87	0
SHENAI	87	0
SIDHA	87	0
EOLIAN	87	0
UPTA	86	0
TANSY	86	0
ESPY	86	0
EMACS	86	0
LWEI	86	0
NISEIS	85	0
SYREN	85	0
ATUAS	85	0
RETUSE	85	0
AECIA	85	0
TINEID	85	0
ACINI	85	0
DRERES	85	0
SESELI	85	0
SIETHS	85	0
NAGOR	85	0
ALEWS	85	0
INTOED	84	0
TERAPH	84	0
SURAH	84	0
ANURA	84	0
OSHAC	84	0
MEITH	83	0
PESANT	83	0
SPERST	83	0
AORTAL	83	0
HERIOT	83	0
HIRSEL	82	0
ASLANT	82	0
TERFE	82	0
RIALTO	82	0
ANTRAL	82	0
NAOSES	82	0
ERINUS	82	0
TACAN	82	0
CEROC	81	0
PAEDO	81	0
AMRITS	81	0
THEIC	81	0
TWP	81	0
TANTRA	81	0
SEIDEL	81	0
WEISE	81	0
ABEAR	81	0
CAESAR	81	0
SIGLA	80	0
AYRIE	80	0
NGAIO	80	0
SARMIE	80	0
NICHT	80	0
MATAI	80	0
TELSON	80	0
EDEMA	80	0
UREASE	79	0
ENUF	79	0
ARECAS	79	0
MENSH	79	0
SASTRA	79	0
SIENNA	79	0
AREOLE	79	0
UPON	79	0
KESAR	78	0
TONDO	78	0
EIDENT	78	0
IBIS	78	0
PLESH	78	0
HUIA	78	0
BINTS	78	0
UVA	78	0
ADIEU	78	0
NASION	78	0
CECA	78	0
OOSIER	78	0
ORGIA	78	0
ULTRA	78	0
SPEOS	78	0
SEGOL	77	0
LIERNE	77	0
ETAERIO	77	0
PIRAI	77	0
ASURA	77	0
VROT	77	0
STEELD	77	0
OLEINE	77	0
TEIID	77	0
TENACE	77	0
ADEEM	76	0
NADIRS	76	0
TREPAN	76	0
SENECA	75	0
NITERY	75	0
ARDRI	75	0
IKAT	75	0
NOETIC	75	0
WERSH	75	0
SIROSET	75	0
DANIOS	75	0
LLANO	75	0
REORG	75	0
ODAHS	75	0
INCLE	75	0
ARVO	75	0
INSTIL	75	0
NASTIC	74	0
PILAO	74	0
SENGIS	74	0
TELIAL	74	0
STANIEL	74	0
ISOMER	74	0
LYASE	74	0
EPHAS	74	0
ALEFT	74	0
SHERIAT	74	0
ENOSIS	74	0
NOESIS	74	0
EYOTS	73	0
AARTIS	73	0
PSOAE	73	0
NGATIS	73	0
MPRET	73	0
GENIP	73	0
CALESA	73	0
NIDUS	73	0
IGLU	73	0
LAMIA	73	0
DIYA	73	0
DISRATE	73	0
IFTAR	73	0
SEISIN	73	0
PSOAI	73	0
NYAH	73	0
TIERCE	72	0
SETUP	72	0
NASIAL	72	0
SKEO	72	0
NOMEN	72	0
GAITA	72	0
RACINO	72	0
CNIDA	72	0
ARUHE	72	0
ELEMI	72	0
OHONE	72	0
ATMAS	72	0
RETAMA	72	0
NAIAD	72	0
MATLO	72	0
OESTRAL	72	0
POSNET	72	0
ARGIL	72	0
NIRLED	71	0
REITERS	71	0
TASARS	71	0
RYND	71	0
TATSOI	71	0
TALPA	71	0
TEREK	71	0
NANCE	71	0
LOERIE	71	0
INISLE	71	0
ISATINE	71	0
ENIACS	71	0
INGOES	71	0
AGRIA	71	0
EPRISE	71	0
EVOE	70	0
SLAINTE	70	0
OECIST	70	0
ABSIT	70	0
SHIAI	70	0
COHEN	70	0
RAMOSE	70	0
EIDOLA	70	0
SANGH	69	0
ATAPS	69	0
NOESES	69	0
ALMAS	69	0
EMEU	69	0
EONIAN	69	0
LARIAT	69	0
SIDERAL	69	0
DHOTI	69	0
ORACHE	69	0
INSTEP	69	0
UPSET	69	0
TENREC	68	0
RHETOR	68	0
OOTID	68	0
ONAGER	68	0
CATENA	68	0
SIALON	68	0
HARELD	68	0
SESTET	68	0
URDEE	67	0
IDEATA	67	0
IRENIC	67	0
TONSOR	67	0
ODISM	67	0
APODE	67	0
HINAU	67	0
ARAMES	67	0
ELIADS	67	0
UNEASE	67	0
SEARATS	67	0
TANSIES	67	0
STROMA	67	0
NOTAIRE	67	0
NETOPS	67	0
SIRIH	67	0
YONIS	67	0
CROTAL	67	0
MERINO	67	0
STROAM	66	0
ORLON	66	0
APISH	66	0
INEARTH	66	0
DONAIR	66	0
TYRAN	66	0
ECCO	66	0
ARTISAN	66	0
OERSTED	66	0
MANITO	66	0
USTION	66	0
TATOU	66	0
SCROD	66	0
REIRDS	66	0
TIETAC	66	0
RORID	66	0
TAENITE	66	0
TYND	65	0
CASITA	65	0
ILIAL	65	0
TARSEAL	65	0
OSMATE	65	0
TOERAG	65	0
SAMIEL	65	0
TSARINA	65	0
AFRIT	65	0
OBIAS	65	0
KARST	65	0
OOSY	64	0
CYST	64	0
SAIGA	64	0
ASPIES	64	0
ANELED	64	0
ETESIAN	64	0
EYRIE	64	0
GOIEST	64	0
APSIS	64	0
ITERATES	64	0
IGNARO	64	0
URARES	64	0
INLIER	64	0
OPIATE	64	0
SNARIER	64	0
MARAH	63	0
ALDEAS	63	0
DOLENT	63	0
UNAU	63	0
EUSOL	63	0
SUCRE	63	0
THENAL	63	0
SUTILE	63	0
LEZ	63	0
YARTA	63	0
ANTLIA	63	0
DIPSO	63	0
IDYL	63	0
LOIPE	63	0
CERASIN	63	0
SEFER	63	0
AMNIC	63	0
ACINAR	63	0
TYROS	63	0
ATMAN	63	0
MIHAS	62	0
UREDIA	62	0
ENTRIST	62	0
LISENTE	62	0
ENARCH	62	0
URARI	62	0
SEHRIS	62	0
GALEA	62	0
NIDORS	62	0
OBESE	62	0
OMRAH	62	0
GUEST	62	0
AORTIC	62	0
PETARA	62	0
PERONE	62	0
TULSI	62	0
UPTER	62	0
NARIAL	62	0
NASUTE	62	0
OLESTRA	62	0
WHIO	61	0
CEORL	61	0
AWETO	61	0
EARCON	61	0
INORB	61	0
SLUIT	61	0
EMYS	61	0
AMLAS	61	0
NEPITS	61	0
TSADIS	61	0
ALEPH	61	0
TILTH	61	0
ADNATE	61	0
TINCT	61	0
GENOM	61	0
ARGOL	61	0
LADINO	61	0
TRYP	61	0
EMICS	60	0
IOLITE	60	0
STRIGA	60	0
SEITENS	60	0
ENGIRT	60	0
AGIOS	60	0
AIDOI	60	0
AFAR	60	0
OIDIA	60	0
SAMLET	60	0
OSSETRA	60	0
CRESOL	60	0
AROBA	60	0
ESTOCS	60	0
PAOLI	59	0
AURIST	59	0
TARAND	59	0
AGLU	59	0
CERCI	59	0
SEIFS	59	0
TUFA	59	0
LYART	59	0
BINAL	59	0
BETID	59	0
ADUST	59	0
AIGRET	59	0
SALPA	59	0
ARHATS	59	0
SALAL	59	0
LESBO	59	0
ERIACH	59	0
ORISON	59	0
AMYL	58	0
OLPAE	58	0
AMIDO	58	0
EONISM	58	0
PHESE	58	0
ETHNOS	58	0
NERINES	58	0
CRIANT	58	0
PEREIA	58	0
GIRSH	58	0
IAMB	58	0
RITARD	58	0
NEIFS	58	0
UREIDE	58	0
LYAM	58	0
FIENTS	58	0
DONSIER	58	0
CERITES	58	0
ERUV	58	0
INROAD	58	0
SATAIS	58	0
ILIAD	58	0
STADIA	58	0
ASDIC	58	0
IKON	58	0
TAIGA	57	0
SODIC	57	0
EISELS	57	0
ROSACE	57	0
SERIPH	57	0
UEYS	57	0
ILEUM	57	0
OWRIE	57	0
PANIM	57	0
KEROS	57	0
DEGRAS	57	0
AREACH	57	0
TORERO	57	0
ALMEH	57	0
INDEW	57	0
OMASA	57	0
THORIA	57	0
ROLAG	57	0
ROYST	57	0
ASTELY	57	0
TERCIO	57	0
ONELY	57	0
ATRESIC	57	0
AULAS	57	0
AULOS	57	0
INSEEM	57	0
UTASES	57	0
SELVA	57	0
SEMEIA	57	0
SEMITAR	57	0
BLERTS	57	0
IRREAL	57	0
ULEMA	56	0
YBET	56	0
TINSEY	56	0
VIREO	56	0
THETRI	56	0
URESES	56	0
BEDU	56	0
SODAIN	56	0
YURT	56	0
SCORIA	56	0
SAPOTE	56	0
SHARON	56	0
EENSY	56	0
LIAISE	56	0
LANAIS	56	0
SCOTIA	56	0
HOIDEN	56	0
SATAY	56	0
EREVS	56	0
NITERIE	56	0
ERHUS	56	0
REISHI	56	0
RASURE	56	0
INRUN	56	0
GERENT	56	0
INHERE	56	0
HIRSLE	56	0
SHELTA	56	0
OSTIATE	56	0
NAEVI	56	0
GENOAS	55	0
ARIOSI	55	0
SENARY	55	0
SOLDO	55	0
UNLED	55	0
SDEIGN	55	0
KEIRS	55	0
TEHSIL	55	0
ENURN	55	0
REWTH	55	0
ESPIES	55	0
ALOHA	55	0
SLORM	55	0
SARONG	55	0
ODEONS	55	0
ATELIC	55	0
DINIC	55	0
ELMY	55	0
SIMARS	55	0
USNEAS	55	0
OSCINE	55	0
SIENITE	55	0
ORISHA	55	0
TABRET	55	0
UTISES	55	0
HAOLES	55	0
ACERB	55	0
LOUED	55	0
MYAL	55	0
ARCUS	55	0
SOLITO	54	0
PYOT	54	0
GOETH	54	0
GESSO	54	0
RANDEM	54	0
APIOL	54	0
RISUS	54	0
THEGN	54	0
TRENTAL	54	0
ORGEAT	54	0
GENUS	54	0
DEMY	54	0
EADISH	54	0
MANRED	54	0
MAERLS	54	0
YELM	54	0
TERCET	54	0
SESAME	54	0
ELUATE	54	0
LILAC	54	0
LAITY	54	0
VLIES	53	0
PTUI	53	0
TARNAL	53	0
SLUSE	53	0
STATIM	53	0
NOMIC	53	0
MYC	53	0
DERNY	53	0
DISEUR	53	0
LEPID	53	0
SOIGNE	53	0
OCEANS	53	0
SANSAR	53	0
ENNOG	53	0
IRISATE	53	0
IWI	53	0
LABRET	53	0
THROED	53	0
THRIST	53	0
RETUND	53	0
ONDINE	53	0
BASNET	53	0
NADORS	53	0
THAGI	53	0
ENLARD	53	0
NISUS	52	0
NEROLIS	52	0
ALCID	52	0
MURENA	52	0
LAARIS	52	0
ANEMIA	52	0
ORCEIN	52	0
OPAHS	52	0
MASLIN	52	0
NERDIC	52	0
STATAL	52	0
CAAED	52	0
SIRDAR	52	0
RIGOL	52	0
SORGO	52	0
ARSENIC	52	0
TAENIAS	52	0
ECRUS	52	0
TREIFA	52	0
SEROTINE	52	0
BIONT	52	0
DEELY	52	0
PASEAR	52	0
LATERAD	51	0
ALGOR	51	0
TOISON	51	0
ELMEN	51	0
AIRMEN	51	0
LYSIN	51	0
EASSIL	51	0
MARERO	51	0
NGOMA	51	0
SCUTA	51	0
VERSET	51	0
TIRASSE	51	0
SNEAPS	51	0
TREPID	51	0
TREMIE	51	0
NANITES	51	0
BELAH	51	0
SNEESH	51	0
PELITE	51	0
PEBA	51	0
NERKA	51	0
RATHEST	51	0
EWK	51	0
DACITE	51	0
DIESES	51	0
ASEITY	51	0
SUDOR	50	0
CRAIC	50	0
DRUSEN	50	0
AGILA	50	0
DROPT	50	0
AETATIS	50	0
METIF	50	0
ILIAC	50	0
UVEA	50	0
SYTHE	50	0
APLITE	50	0
INARMS	50	0
PATOIS	50	0
UMRAS	50	0
RAGINI	50	0
ARRAH	50	0
ARSENAL	50	0
SATORIS	50	0
SEBATE	50	0
UREDOS	50	0
ALDOSE	50	0
ELCHI	50	0
SEROSAL	50	0
CHAETA	50	0
CHIAO	50	0
NONART	50	0
