pos	mean	lo	hi	n	clusters	block
0	3.67686	3.66041	3.69413	6805	6805	4x4_player
1	3.70595	3.68882	3.72533	6805	6805	4x4_player
2	3.98648	3.96822	4.00805	6805	6805	4x4_player
3	3.94592	3.92322	3.96628	6805	6805	4x4_player
4	3.98046	3.95815	4.00207	6805	6805	4x4_player
5	3.98237	3.95941	4.00147	6805	6805	4x4_player
6	3.99427	3.97427	4.01793	6805	6805	4x4_player
7	3.99148	3.97017	4.01155	6805	6805	4x4_player
8	4.03527	4.01344	4.05593	6805	6805	4x4_player
9	4.04364	4.02124	4.06511	6805	6805	4x4_player
10	4.04438	4.02032	4.06849	6805	6805	4x4_player
11	4.05364	4.02898	4.07346	6805	6805	4x4_player
12	4.05746	4.03506	4.08003	6805	6805	4x4_player
13	4.082	4.0598	4.10202	6805	6805	4x4_player
14	4.10977	4.08611	4.13206	6805	6805	4x4_player
15	4.09949	4.07675	4.12354	6805	6805	4x4_player
16	4.08846	4.06648	4.1105	6805	6805	4x4_player
17	4.11447	4.0902	4.13703	6805	6805	4x4_player
18	4.13402	4.10986	4.15611	6805	6805	4x4_player
19	4.13108	4.10759	4.15538	6805	6805	4x4_player
20	4.14254	4.11964	4.16823	6805	6805	4x4_player
21	4.14313	4.11693	4.16503	6805	6805	4x4_player
22	4.15856	4.13604	4.18305	6805	6805	4x4_player
23	4.16564	4.13932	4.19428	6804	6804	4x4_player
24	4.17534	4.15262	4.19904	6804	6804	4x4_player
0	3.87281	3.85102	3.89526	6777	6777	4x4_opponent
1	4.08323	4.06261	4.10625	6776	6776	4x4_opponent
2	4.24827	4.22504	4.27312	6775	6775	4x4_opponent
3	4.27956	4.25412	4.30202	6775	6775	4x4_opponent
4	4.29318	4.26694	4.31703	6774	6774	4x4_opponent
5	4.32152	4.29522	4.34534	6774	6774	4x4_opponent
6	4.31832	4.29282	4.34315	6773	6773	4x4_opponent
7	4.32954	4.30484	4.35409	6773	6773	4x4_opponent
8	4.32615	4.29974	4.35124	6773	6773	4x4_opponent
9	4.33373	4.30993	4.3604	6772	6772	4x4_opponent
10	4.3707	4.34492	4.39687	6771	6771	4x4_opponent
11	4.35401	4.32847	4.3789	6771	6771	4x4_opponent
12	4.32462	4.30034	4.35343	6771	6771	4x4_opponent
13	4.35225	4.32455	4.37823	6768	6768	4x4_opponent
14	4.36525	4.33952	4.39141	6768	6768	4x4_opponent
15	4.38487	4.361	4.40848	6766	6766	4x4_opponent
16	4.3522	4.32726	4.37858	6766	6766	4x4_opponent
17	4.32363	4.29904	4.34781	6764	6764	4x4_opponent
18	4.34713	4.31979	4.37268	6764	6764	4x4_opponent
19	4.36827	4.3431	4.39286	6764	6764	4x4_opponent
20	4.36838	4.34494	4.39527	6762	6762	4x4_opponent
21	4.35143	4.32579	4.38115	6761	6761	4x4_opponent
22	4.37073	4.34555	4.39944	6757	6757	4x4_opponent
23	4.34927	4.32204	4.37366	6757	6757	4x4_opponent
24	4.36205	4.33546	4.38804	6756	6756	4x4_opponent
0	4.08041	4.01554	4.1455	970	970	4x4_strong
1	4.25361	4.18929	4.30883	970	970	4x4_strong
2	4.47732	4.40767	4.55307	970	970	4x4_strong
3	4.4701	4.40087	4.53751	970	970	4x4_strong
4	4.51753	4.44308	4.599	970	970	4x4_strong
5	4.53918	4.46508	4.61421	970	970	4x4_strong
6	4.53196	4.46184	4.60025	970	970	4x4_strong
7	4.54021	4.46814	4.61125	970	970	4x4_strong
8	4.50515	4.43956	4.58051	970	970	4x4_strong
9	4.53196	4.46196	4.60577	970	970	4x4_strong
10	4.62577	4.55227	4.70083	970	970	4x4_strong
11	4.60515	4.53117	4.67541	970	970	4x4_strong
12	4.55773	4.49066	4.61935	970	970	4x4_strong
13	4.50825	4.42121	4.58064	970	970	4x4_strong
14	4.60206	4.52874	4.67357	970	970	4x4_strong
15	4.6134	4.53621	4.69023	970	970	4x4_strong
16	4.58351	4.5123	4.65811	970	970	4x4_strong
17	4.55464	4.4741	4.62642	970	970	4x4_strong
18	4.61031	4.53894	4.68495	970	970	4x4_strong
19	4.61959	4.54656	4.69213	970	970	4x4_strong
20	4.59794	4.52461	4.67436	970	970	4x4_strong
21	4.61959	4.5502	4.69911	970	970	4x4_strong
22	4.58041	4.50605	4.65977	970	970	4x4_strong
23	4.56082	4.49429	4.63652	970	970	4x4_strong
24	4.61546	4.54325	4.69437	970	970	4x4_strong
0	3.72543	3.69443	3.75498	2218	2218	5x5_player
1	3.63931	3.60562	3.67037	2218	2218	5x5_player
2	3.97205	3.93423	4.00324	2218	2218	5x5_player
3	3.92967	3.89055	3.96106	2218	2218	5x5_player
4	3.93688	3.89623	3.97222	2218	2218	5x5_player
5	3.92876	3.89427	3.96669	2218	2218	5x5_player
6	3.94815	3.91067	3.98714	2218	2218	5x5_player
7	3.96889	3.93097	4.0057	2218	2218	5x5_player
8	3.97791	3.94043	4.01572	2218	2218	5x5_player
9	3.98918	3.9494	4.02709	2218	2218	5x5_player
10	4.03832	4.00502	4.07927	2218	2218	5x5_player
11	4.03336	3.99543	4.07299	2218	2218	5x5_player
12	4.07755	4.04005	4.11808	2218	2218	5x5_player
13	4.0541	4.01297	4.09328	2218	2218	5x5_player
14	4.06312	4.02656	4.09841	2218	2218	5x5_player
15	4.09964	4.05176	4.14383	2218	2218	5x5_player
16	4.09693	4.05502	4.14048	2218	2218	5x5_player
17	4.09964	4.05501	4.1359	2218	2218	5x5_player
18	4.11767	4.07457	4.1548	2218	2218	5x5_player
19	4.1321	4.08463	4.1736	2218	2218	5x5_player
20	4.13616	4.09417	4.17594	2218	2218	5x5_player
21	4.12714	4.08402	4.17336	2218	2218	5x5_player
22	4.08251	4.04018	4.12372	2218	2218	5x5_player
23	4.12134	4.08213	4.16803	2217	2217	5x5_player
24	4.13802	4.09147	4.18102	2217	2217	5x5_player
0	3.82791	3.79379	3.8653	2214	2214	5x5_opponent
1	4.06233	4.02226	4.10355	2214	2214	5x5_opponent
2	4.21183	4.17217	4.25713	2214	2214	5x5_opponent
3	4.27642	4.23665	4.31578	2214	2214	5x5_opponent
4	4.30714	4.26738	4.34965	2214	2214	5x5_opponent
5	4.33875	4.29159	4.38481	2214	2214	5x5_opponent
6	4.31752	4.27486	4.35764	2214	2214	5x5_opponent
7	4.36466	4.31713	4.40756	2213	2213	5x5_opponent
8	4.38364	4.33453	4.42928	2213	2213	5x5_opponent
9	4.40009	4.35507	4.45741	2212	2212	5x5_opponent
10	4.3867	4.3407	4.43451	2211	2211	5x5_opponent
11	4.40751	4.35571	4.44898	2211	2211	5x5_opponent
12	4.35278	4.3069	4.39739	2211	2211	5x5_opponent
13	4.38806	4.34046	4.43543	2211	2211	5x5_opponent
14	4.40299	4.35611	4.44544	2211	2211	5x5_opponent
15	4.34645	4.30003	4.39091	2211	2211	5x5_opponent
16	4.41022	4.3648	4.45843	2211	2211	5x5_opponent
17	4.39077	4.34445	4.44198	2211	2211	5x5_opponent
18	4.38987	4.34562	4.43309	2211	2211	5x5_opponent
19	4.41357	4.36745	4.45657	2210	2210	5x5_opponent
20	4.36606	4.32309	4.41347	2210	2210	5x5_opponent
21	4.42353	4.37742	4.46993	2210	2210	5x5_opponent
22	4.37211	4.32915	4.41609	2209	2209	5x5_opponent
23	4.41467	4.3684	4.46034	2209	2209	5x5_opponent
24	4.37981	4.33318	4.42974	2209	2209	5x5_opponent
0	4.14058	4.05048	4.2474	377	377	5x5_strong
1	4.21751	4.10524	4.31307	377	377	5x5_strong
2	4.41114	4.30688	4.53009	377	377	5x5_strong
3	4.48806	4.37795	4.59797	377	377	5x5_strong
4	4.51724	4.4021	4.63646	377	377	5x5_strong
5	4.62865	4.51491	4.74039	377	377	5x5_strong
6	4.49337	4.37694	4.60385	377	377	5x5_strong
7	4.56764	4.45551	4.68421	377	377	5x5_strong
8	4.58886	4.4759	4.71504	377	377	5x5_strong
9	4.62599	4.49255	4.74554	377	377	5x5_strong
10	4.69496	4.56636	4.80868	377	377	5x5_strong
11	4.69496	4.57327	4.80434	377	377	5x5_strong
12	4.66048	4.54385	4.77199	377	377	5x5_strong
13	4.74271	4.61617	4.8892	377	377	5x5_strong
14	4.72414	4.60196	4.84163	377	377	5x5_strong
15	4.58355	4.45968	4.70233	377	377	5x5_strong
16	4.61273	4.5013	4.73918	377	377	5x5_strong
17	4.55968	4.45273	4.67179	377	377	5x5_strong
18	4.75066	4.65016	4.8703	377	377	5x5_strong
19	4.63926	4.53028	4.75875	377	377	5x5_strong
20	4.55703	4.44584	4.6785	377	377	5x5_strong
21	4.57294	4.43806	4.69507	377	377	5x5_strong
22	4.60477	4.48909	4.72353	377	377	5x5_strong
23	4.58886	4.45766	4.71243	377	377	5x5_strong
24	4.64456	4.5274	4.76296	377	377	5x5_strong
