word	opportunities	found	missed	rate
ERS	17149	395	16754	0.02303
TES	12604	3539	9065	0.2808
ING	9617	1480	8137	0.1539
ATE	10195	2358	7837	0.2313
ATS	7823	307	7516	0.03924
RES	18183	11046	7137	0.6075
TED	7815	1082	6733	0.1385
INS	5752	285	5467	0.04955
ARS	7705	2318	5387	0.3008
ARE	10823	5788	5035	0.5348
EST	6164	1549	4615	0.2513
ITS	4619	71	4548	0.01537
ATES	4706	999	3707	0.2123
ONE	4418	728	3690	0.1648
RED	6761	3080	3681	0.4556
OSE	3858	224	3634	0.05806
ENS	3663	309	3354	0.08436
SER	5282	1932	3350	0.3658
NED	3648	390	3258	0.1069
ANS	3437	198	3239	0.05761
ORE	5436	2227	3209	0.4097
IRE	4501	1338	3163	0.2973
ANE	3823	743	3080	0.1943
ALE	4227	1230	2997	0.291
SED	3149	416	2733	0.1321
LED	3316	607	2709	0.1831
ARES	4850	2276	2574	0.4693
AIN	5480	3100	2380	0.5657
ALS	2435	114	2321	0.04682
EAR	8249	5968	2281	0.7235
IDE	2452	178	2274	0.07259
ONS	2198	102	2096	0.04641
ARED	2459	363	2096	0.1476
EAN	2571	503	2068	0.1956
OLE	2476	510	1966	0.206
INGS	1940	121	1819	0.06237
ADS	1853	54	1799	0.02914
ART	3452	1708	1744	0.4948
ALES	2103	492	1611	0.234
ONES	1809	235	1574	0.1299
ORES	2488	943	1545	0.379
ORS	1679	135	1544	0.08041
MES	2225	707	1518	0.3178
ERE	2078	739	1339	0.3556
IDS	1361	24	1337	0.01763
STED	1454	139	1315	0.0956
OES	1284	25	1259	0.01947
ONER	1393	138	1255	0.09907
IRES	1720	476	1244	0.2767
ENTS	1589	357	1232	0.2247
UTS	1246	17	1229	0.01364
ANES	1458	260	1198	0.1783
AME	2026	848	1178	0.4186
OOT	1217	55	1162	0.04519
EAT	5596	4440	1156	0.7934
ORT	1608	467	1141	0.2904
ELS	1190	56	1134	0.04706
GER	1601	473	1128	0.2954
ANT	5573	4457	1116	0.7997
ASTER	1622	524	1098	0.3231
EDS	1116	22	1094	0.01971
IDES	1149	57	1092	0.04961
PES	2020	929	1091	0.4599
EEN	1098	18	1080	0.01639
IRED	1126	82	1044	0.07282
HES	1607	592	1015	0.3684
ILL	1214	213	1001	0.1755
OLES	1262	267	995	0.2116
EARS	2934	1946	988	0.6633
OON	1022	41	981	0.04012
AND	1548	585	963	0.3779
AIL	2912	1968	944	0.6758
PER	1964	1025	939	0.5219
OPE	1078	148	930	0.1373
ERES	1308	397	911	0.3035
AIS	1046	138	908	0.1319
OSES	971	70	901	0.07209
ODS	898	12	886	0.01336
AINS	1758	874	884	0.4972
EANS	1022	139	883	0.136
ARD	1159	294	865	0.2537
ODE	1128	280	848	0.2482
EAS	5219	4385	834	0.8402
ARTS	1299	476	823	0.3664
ERN	912	109	803	0.1195
HER	1967	1205	762	0.6126
APE	1391	634	757	0.4558
ENE	847	92	755	0.1086
SERS	819	71	748	0.08669
EEL	771	27	744	0.03502
OOS	763	31	732	0.04063
ELL	808	95	713	0.1176
URE	882	223	659	0.2528
MED	861	205	656	0.2381
PED	874	250	624	0.286
AMES	824	201	623	0.2439
EATS	1860	1246	614	0.6699
ANTS	1283	670	613	0.5222
AGS	624	13	611	0.02083
USE	869	262	607	0.3015
OPS	630	27	603	0.04286
ALL	1261	662	599	0.525
ESTS	686	96	590	0.1399
UNS	724	148	576	0.2044
AIT	1564	989	575	0.6324
TEN	3913	3352	561	0.8566
TING	2339	1789	550	0.7649
GERS	600	50	550	0.08333
END	2382	1845	537	0.7746
UTE	605	80	525	0.1322
ONERS	570	45	525	0.07895
ENES	548	35	513	0.06387
GED	623	112	511	0.1798
OMS	517	6	511	0.01161
ORTS	675	164	511	0.243
KED	521	20	501	0.03839
OOTS	511	11	500	0.02153
AYS	540	41	499	0.07593
THE	761	263	498	0.3456
OPES	541	44	497	0.08133
RING	1758	1269	489	0.7218
TRES	526	53	473	0.1008
AKE	633	161	472	0.2543
LET	1137	686	451	0.6033
ERED	475	25	450	0.05263
NIES	645	206	439	0.3194
RET	3916	3479	437	0.8884
ODES	564	130	434	0.2305
SET	1483	1053	430	0.71
ARSE	862	433	429	0.5023
SHES	475	51	424	0.1074
EARED	656	233	423	0.3552
TIE	3178	2760	418	0.8685
ASS	749	335	414	0.4473
OONS	421	8	413	0.019
REST	1471	1062	409	0.722
ORA	1156	749	407	0.6479
EMS	411	7	404	0.01703
ASH	1800	1398	402	0.7767
RETS	575	174	401	0.3026
APES	610	209	401	0.3426
AINE	627	227	400	0.362
RAS	4007	3610	397	0.9009
EELS	388	14	374	0.03608
APER	466	98	368	0.2103
OOR	382	16	366	0.04188
ELT	520	161	359	0.3096
OOP	365	6	359	0.01644
ESS	381	23	358	0.06037
TIER	879	522	357	0.5939
ERNS	383	28	355	0.07311
AILS	981	634	347	0.6463
URES	433	86	347	0.1986
LIES	630	285	345	0.4524
TIS	487	145	342	0.2977
AVE	807	471	336	0.5836
VERS	348	14	334	0.04023
ILLS	369	36	333	0.09756
TIES	755	422	333	0.5589
LING	1112	779	333	0.7005
WED	448	123	325	0.2746
ANDS	430	116	314	0.2698
ULE	338	28	310	0.08284
OOSE	315	9	306	0.02857
TAR	5700	5396	304	0.9467
SHED	377	76	301	0.2016
AITS	608	310	298	0.5099
TAS	4051	3760	291	0.9282
ATT	407	118	289	0.2899
UTES	312	26	286	0.08333
TARE	1599	1315	284	0.8224
ABS	286	5	281	0.01748
HERS	433	152	281	0.351
INTER	744	467	277	0.6277
INK	323	47	276	0.1455
ARDS	351	80	271	0.2279
YER	287	17	270	0.05923
NAS	398	128	270	0.3216
LETS	368	99	269	0.269
ALT	1328	1069	259	0.805
NIE	896	638	258	0.7121
OOM	264	6	258	0.02273
OKE	309	55	254	0.178
CHE	690	437	253	0.6333
NET	1110	858	252	0.773
ENDS	719	471	248	0.6551
OMA	302	62	240	0.2053
ERING	243	5	238	0.02058
ISH	259	21	238	0.08108
ELLS	260	23	237	0.08846
ASTERS	347	112	235	0.3228
NIS	349	114	235	0.3266
RAT	6238	6004	234	0.9625
ION	401	168	233	0.419
OPED	237	4	233	0.01688
AIR	3262	3030	232	0.9289
OAT	1526	1298	228	0.8506
ORD	379	156	223	0.4116
ICE	1967	1746	221	0.8876
EME	237	17	220	0.07173
TENS	636	416	220	0.6541
AKES	272	55	217	0.2022
AVER	322	106	216	0.3292
RATE	2488	2272	216	0.9132
OUR	807	593	214	0.7348
OTTER	276	64	212	0.2319
ICH	317	107	210	0.3375
INNER	226	18	208	0.07965
SING	1226	1019	207	0.8312
YES	251	45	206	0.1793
LATE	1921	1717	204	0.8938
OAR	921	719	202	0.7807
APED	236	35	201	0.1483
ALLS	291	92	199	0.3162
ILLER	217	20	197	0.09217
LIE	1798	1603	195	0.8915
REE	1697	1504	193	0.8863
USES	224	31	193	0.1384
OWER	252	60	192	0.2381
ETA	303	111	192	0.3663
ARET	642	451	191	0.7025
ESTER	526	337	189	0.6407
REES	317	130	187	0.4101
STING	536	349	187	0.6511
LIER	492	305	187	0.6199
SEL	735	552	183	0.751
OBS	184	1	183	0.005435
ICK	256	75	181	0.293
OIS	183	5	178	0.02732
OAST	366	188	178	0.5137
LAS	3345	3168	177	0.9471
APERS	207	30	177	0.1449
HET	570	393	177	0.6895
RATS	371	196	175	0.5283
EAST	1397	1222	175	0.8747
ANI	506	332	174	0.6561
ACH	767	593	174	0.7731
EALED	173	1	172	0.00578
OOPS	172	2	170	0.01163
URN	206	37	169	0.1796
OUS	630	462	168	0.7333
LAT	4484	4316	168	0.9625
RINE	909	742	167	0.8163
AID	1871	1705	166	0.9113
OYS	172	6	166	0.03488
SEN	2441	2275	166	0.932
DING	704	539	165	0.7656
AILED	370	205	165	0.5541
USER	220	56	164	0.2545
DEN	1682	1520	162	0.9037
UMS	166	4	162	0.0241
ULES	171	11	160	0.06433
UDS	159	0	159	0
SAT	1894	1736	158	0.9166
OWED	175	18	157	0.1029
RIT	2105	1951	154	0.9268
AVES	283	130	153	0.4594
TEAR	1417	1265	152	0.8927
HAT	2175	2024	151	0.9306
ELTS	193	43	150	0.2228
RIN	3350	3201	149	0.9555
NOS	1237	1089	148	0.8804
EALES	147	3	144	0.02041
HARE	630	487	143	0.773
TINGS	330	188	142	0.5697
ANTED	291	151	140	0.5189
AWED	146	7	139	0.04795
OIL	1323	1185	138	0.8957
ACE	2045	1907	138	0.9325
IRING	150	13	137	0.08667
BES	453	317	136	0.6998
EANED	146	10	136	0.06849
OATS	350	215	135	0.6143
RINS	535	401	134	0.7495
ITHER	135	1	134	0.007407
DIES	285	152	133	0.5333
CHER	195	64	131	0.3282
NETS	167	37	130	0.2216
SIT	2518	2389	129	0.9488
DIE	1388	1259	129	0.9071
ASP	198	70	128	0.3535
OBE	130	2	128	0.01538
TANE	262	135	127	0.5153
SIES	135	8	127	0.05926
TARED	206	80	126	0.3883
INNED	127	1	126	0.007874
TARN	315	189	126	0.6
USED	155	30	125	0.1935
LIT	2975	2851	124	0.9583
TATE	1144	1021	123	0.8925
OKES	142	19	123	0.1338
OSIER	123	1	122	0.00813
OOMS	122	0	122	0
TIRE	1167	1045	122	0.8955
HIT	566	445	121	0.7862
RAIN	1414	1294	120	0.9151
SETS	165	45	120	0.2727
TORE	774	654	120	0.845
TARS	212	92	120	0.434
ERA	324	205	119	0.6327
EMES	121	3	118	0.02479
OCH	152	34	118	0.2237
INTERS	252	136	116	0.5397
TINE	1074	958	116	0.892
UGS	119	5	114	0.04202
IONS	166	52	114	0.3133
UPS	114	0	114	0
ARETS	178	64	114	0.3596
AIRS	590	477	113	0.8085
EATER	666	554	112	0.8318
TIN	5047	4935	112	0.9778
LAR	2266	2154	112	0.9506
STEN	585	473	112	0.8085
ECH	187	76	111	0.4064
INKS	119	9	110	0.07563
INN	139	29	110	0.2086
ACES	583	474	109	0.813
LIS	935	827	108	0.8845
AGE	1445	1337	108	0.9253
HING	340	233	107	0.6853
RAN	2895	2789	106	0.9634
TINS	153	47	106	0.3072
OUT	1510	1404	106	0.9298
TEER	477	372	105	0.7799
EALE	110	6	104	0.05455
TIED	193	89	104	0.4611
OUP	122	19	103	0.1557
RATES	380	278	102	0.7316
EASE	1719	1618	101	0.9412
RONE	519	418	101	0.8054
EARD	142	41	101	0.2887
AKED	108	7	101	0.06481
ONIE	101	0	101	0
AVERS	117	17	100	0.1453
TERN	533	435	98	0.8161
ANA	222	124	98	0.5586
OPING	97	0	97	0
ABER	102	5	97	0.04902
TAIN	989	893	96	0.9029
ARIS	259	163	96	0.6293
ICES	407	311	96	0.7641
ARK	281	186	95	0.6619
TALE	1080	986	94	0.913
EARING	287	193	94	0.6725
LIED	144	52	92	0.3611
RINES	293	201	92	0.686
SIN	3400	3308	92	0.9729
TEAL	550	458	92	0.8327
ORDS	130	39	91	0.3
ACER	481	391	90	0.8129
ALTS	206	117	89	0.568
OTTERS	109	21	88	0.1927
TARES	246	158	88	0.6423
PING	441	354	87	0.8027
LATS	193	106	87	0.5492
KING	177	90	87	0.5085
ACED	261	174	87	0.6667
STIE	414	327	87	0.7899
MAS	1731	1644	87	0.9497
TEL	1003	916	87	0.9133
RINGS	230	144	86	0.6261
LATER	314	228	86	0.7261
TINA	120	34	86	0.2833
RAP	1152	1066	86	0.9253
PIER	284	198	86	0.6972
ANGER	223	137	86	0.6143
AGER	382	296	86	0.7749
NARE	266	180	86	0.6767
NEST	494	409	85	0.8279
INNERS	94	9	85	0.09574
ARSES	125	41	84	0.328
EEK	90	6	84	0.06667
AGES	366	282	84	0.7705
OUTS	409	326	83	0.7971
MEN	937	854	83	0.9114
TART	533	450	83	0.8443
LATED	186	103	83	0.5538
OMAS	89	7	82	0.07865
RAM	700	619	81	0.8843
OARS	212	131	81	0.6179
IFF	92	11	81	0.1196
APING	87	7	80	0.08046
ERM	111	31	80	0.2793
ASHED	211	132	79	0.6256
ENTER	283	204	79	0.7208
HIN	1411	1332	79	0.944
RAD	803	724	79	0.9016
OURS	255	177	78	0.6941
EPOS	78	0	78	0
SHET	114	36	78	0.3158
TOR	3922	3844	78	0.9801
EALING	78	0	78	0
HEN	825	747	78	0.9055
OBES	79	1	78	0.01266
HORE	179	102	77	0.5698
REED	270	194	76	0.7185
DOS	1155	1079	76	0.9342
ARLE	174	98	76	0.5632
OVER	228	152	76	0.6667
RITS	155	79	76	0.5097
NIT	2536	2461	75	0.9704
ADDER	97	22	75	0.2268
HOT	738	663	75	0.8984
ANCE	107	33	74	0.3084
APSE	76	2	74	0.02632
ALTER	384	310	74	0.8073
OLLIES	77	3	74	0.03896
LEST	228	155	73	0.6798
UTTER	94	21	73	0.2234
ESILE	73	0	73	0
TINES	207	134	73	0.6473
DENS	226	155	71	0.6858
HIS	472	401	71	0.8496
FER	323	252	71	0.7802
ARY	73	3	70	0.0411
OLLIE	75	5	70	0.06667
EROS	75	5	70	0.06667
OILS	362	292	70	0.8066
LOT	1349	1279	70	0.9481
OWSE	71	2	69	0.02817
ALA	325	256	69	0.7877
OLLER	71	2	69	0.02817
OMER	70	1	69	0.01429
ERNE	77	8	69	0.1039
REEN	179	110	69	0.6145
ODA	90	21	69	0.2333
REN	3324	3256	68	0.9795
TET	508	440	68	0.8661
OOSES	71	3	68	0.04225
TILE	1080	1013	67	0.938
KIER	71	4	67	0.05634
EFT	137	70	67	0.5109
RAI	5285	5218	67	0.9873
TATER	325	259	66	0.7969
INGLE	128	62	66	0.4844
STY	138	72	66	0.5217
AHS	75	10	65	0.1333
RADE	143	78	65	0.5455
MING	366	302	64	0.8251
LINGS	181	118	63	0.6519
HARES	143	80	63	0.5594
HAD	387	325	62	0.8398
RONES	175	113	62	0.6457
AMP	228	166	62	0.7281
URD	70	8	62	0.1143
RAINS	210	148	62	0.7048
OATER	226	165	61	0.7301
TAT	2021	1960	61	0.9698
ICKS	71	10	61	0.1408
AFF	107	47	60	0.4393
PIE	1128	1068	60	0.9468
MIS	1126	1066	60	0.9467
SITS	92	32	60	0.3478
NOT	1595	1536	59	0.963
LOS	1321	1262	59	0.9553
RIM	614	555	59	0.9039
FED	101	42	59	0.4158
ACKER	65	6	59	0.09231
UME	60	2	58	0.03333
URNS	70	12	58	0.1714
NOR	174	116	58	0.6667
GEN	584	526	58	0.9007
EARN	379	321	58	0.847
ANAS	80	23	57	0.2875
ASHES	248	191	57	0.7702
ALLY	81	25	56	0.3086
SERED	59	3	56	0.05085
EASER	392	336	56	0.8571
RIAL	108	52	56	0.4815
RETE	136	80	56	0.5882
ESTERS	144	88	56	0.6111
MET	821	766	55	0.933
TAINS	240	185	55	0.7708
TALER	277	222	55	0.8014
MINE	615	560	55	0.9106
ROT	2971	2916	55	0.9815
BED	151	96	55	0.6358
ERR	189	134	55	0.709
TONE	1619	1564	55	0.966
ONY	54	0	54	0
OWE	186	132	54	0.7097
TAI	2452	2398	54	0.978
KEN	140	86	54	0.6143
HOE	333	279	54	0.8378
HINS	94	41	53	0.4362
STIES	69	16	53	0.2319
ANIS	136	83	53	0.6103
GOS	134	81	53	0.6045
OCA	61	8	53	0.1311
NIED	67	15	52	0.2239
LARS	70	18	52	0.2571
IMP	61	9	52	0.1475
HARED	82	30	52	0.3659
OLD	387	335	52	0.8656
SINS	81	29	52	0.358
ICHES	61	9	52	0.1475
TEEN	279	227	52	0.8136
WING	237	185	52	0.7806
OHS	52	1	51	0.01923
ANN	105	54	51	0.5143
HITS	94	44	50	0.4681
SITE	674	624	50	0.9258
HAN	1043	993	50	0.9521
ALAS	77	27	50	0.3506
KET	99	50	49	0.5051
DIS	254	205	49	0.8071
RAIT	528	479	49	0.9072
HETS	68	19	49	0.2794
ELD	240	191	49	0.7958
AIDS	285	236	49	0.8281
SHIER	81	32	49	0.3951
LANT	261	213	48	0.8161
BLET	59	11	48	0.1864
GLED	49	1	48	0.02041
ARSED	64	16	48	0.25
PARE	635	587	48	0.9244
GIE	213	165	48	0.7746
TEA	6157	6109	48	0.9922
OARED	99	51	48	0.5152
NEE	233	186	47	0.7983
STAR	2450	2403	47	0.9808
ACHES	132	85	47	0.6439
ACHE	255	209	46	0.8196
ORAL	158	112	46	0.7089
OYER	49	3	46	0.06122
FES	309	263	46	0.8511
NUS	56	10	46	0.1786
ARB	71	25	46	0.3521
ARLES	59	13	46	0.2203
EMO	84	38	46	0.4524
HEAR	1057	1011	46	0.9565
AWN	247	201	46	0.8138
RISE	560	514	46	0.9179
HALE	396	351	45	0.8864
ANGERS	86	41	45	0.4767
UMP	70	25	45	0.3571
GIS	146	101	45	0.6918
TAN	1830	1785	45	0.9754
OUPS	52	7	45	0.1346
LITS	119	74	45	0.6218
PEN	832	787	45	0.9459
TORS	511	466	45	0.9119
RAMS	103	58	45	0.5631
BLED	49	4	45	0.08163
ODDER	45	0	45	0
GAS	462	418	44	0.9048
IOS	44	0	44	0
AWING	51	7	44	0.1373
AMA	142	98	44	0.6901
CAT	2018	1974	44	0.9782
OUD	51	7	44	0.1373
TENT	511	467	44	0.9139
ILLY	47	4	43	0.08511
TAE	417	374	43	0.8969
LID	237	194	43	0.8186
TARNS	71	28	43	0.3944
TON	2992	2949	43	0.9856
ENG	55	12	43	0.2182
USERS	49	6	43	0.1224
ITCH	132	90	42	0.6818
TATES	141	99	42	0.7021
INKER	50	8	42	0.16
AKING	42	0	42	0
HAS	1089	1047	42	0.9614
LINE	1338	1296	42	0.9686
RAPS	96	54	42	0.5625
ARTI	232	190	42	0.819
ALLIES	131	89	42	0.6794
POT	848	806	42	0.9505
SKER	50	9	41	0.18
TIRES	173	132	41	0.763
ACERS	154	113	41	0.7338
VERT	62	21	41	0.3387
ETTLE	43	2	41	0.04651
ERNED	44	3	41	0.06818
HATS	71	30	41	0.4225
VET	97	56	41	0.5773
ITA	44	3	41	0.06818
POS	1371	1330	41	0.9701
RIG	173	132	41	0.763
AUNT	152	111	41	0.7303
LEE	1133	1092	41	0.9638
EWER	63	22	41	0.3492
RITE	535	495	40	0.9252
HADE	113	73	40	0.646
ICER	274	234	40	0.854
SHEN	90	50	40	0.5556
LOTS	97	58	39	0.5979
UTTERS	42	3	39	0.07143
ESTATE	57	18	39	0.3158
RATER	264	225	39	0.8523
PIES	87	48	39	0.5517
ENDER	352	313	39	0.8892
RIDE	520	481	39	0.925
RANT	573	534	39	0.9319
LARE	511	473	38	0.9256
SALE	434	396	38	0.9124
ROTS	61	23	38	0.377
ICED	126	88	38	0.6984
MAN	1851	1813	38	0.9795
TASTE	381	343	38	0.9003
SAI	2714	2676	38	0.986
EGO	42	4	38	0.09524
ERNES	38	0	38	0
ISHES	43	5	38	0.1163
SEA	5949	5911	38	0.9936
ARM	393	355	38	0.9033
EANING	43	5	38	0.1163
STINGS	69	31	38	0.4493
TINAS	39	1	38	0.02564
ACT	370	332	38	0.8973
HOS	1167	1129	38	0.9674
ABERS	38	0	38	0
ICKER	64	27	37	0.4219
AMI	638	601	37	0.942
PAR	2748	2711	37	0.9865
LANE	386	349	37	0.9041
OWING	49	12	37	0.2449
HIE	384	347	37	0.9036
TEED	81	44	37	0.5432
ANKER	51	14	37	0.2745
TEEL	182	145	37	0.7967
EELING	37	0	37	0
ROD	652	615	37	0.9433
STERN	134	97	37	0.7239
HART	203	166	37	0.8177
MANS	80	44	36	0.55
REENS	59	23	36	0.3898
HIRE	464	428	36	0.9224
RATED	164	128	36	0.7805
TELS	48	12	36	0.25
OASTS	61	25	36	0.4098
DINGS	103	67	36	0.6505
LEA	5554	5518	36	0.9935
PAT	2147	2111	36	0.9832
HON	1118	1082	36	0.9678
STIR	636	600	36	0.9434
UNDER	79	44	35	0.557
GIES	46	11	35	0.2391
TORES	96	61	35	0.6354
OOPED	35	0	35	0
ONO	57	22	35	0.386
KIS	86	51	35	0.593
OCHES	36	1	35	0.02778
RUE	192	157	35	0.8177
EATERS	151	117	34	0.7748
LIN	3524	3490	34	0.9904
RIMS	66	32	34	0.4848
OWN	218	184	34	0.844
EASTS	156	122	34	0.7821
TONED	157	123	34	0.7834
XED	34	0	34	0
OOF	34	0	34	0
RID	1000	966	34	0.966
ILK	34	0	34	0
PEAR	423	390	33	0.922
SAL	2396	2363	33	0.9862
PIT	500	467	33	0.934
LIP	267	234	33	0.8764
TALES	121	88	33	0.7273
OMERS	33	0	33	0
LAD	960	927	33	0.9656
TAG	208	175	33	0.8413
IRK	38	5	33	0.1316
EFS	33	0	33	0
AFT	265	233	32	0.8792
KETS	38	6	32	0.1579
COT	975	943	32	0.9672
MOS	915	883	32	0.965
EASES	183	151	32	0.8251
AGED	93	61	32	0.6559
NITE	981	949	32	0.9674
TERNS	89	57	32	0.6404
TOLE	368	336	32	0.913
ERSES	36	4	32	0.1111
TELA	69	37	32	0.5362
ENTERS	82	50	32	0.6098
TONS	44	13	31	0.2955
EASED	229	198	31	0.8646
INGLES	52	21	31	0.4038
ECO	33	2	31	0.06061
ERAS	58	27	31	0.4655
LIERS	52	21	31	0.4038
TANS	54	23	31	0.4259
RAIL	752	721	31	0.9588
RADS	69	38	31	0.5507
OVERS	64	33	31	0.5156
RIP	646	615	31	0.952
TEARS	183	152	31	0.8306
TAP	1119	1088	31	0.9723
CARE	1146	1115	31	0.9729
AIRED	200	169	31	0.845
RAPE	450	419	31	0.9311
EKE	47	16	31	0.3404
ITAS	31	0	31	0
TOP	763	733	30	0.9607
RIPS	45	15	30	0.3333
DON	1057	1027	30	0.9716
IMPS	33	3	30	0.09091
LINES	269	239	30	0.8885
LOR	843	813	30	0.9644
LITE	919	889	30	0.9674
HIP	131	101	30	0.771
ESES	30	0	30	0
UMES	30	0	30	0
SHY	47	17	30	0.3617
REM	829	799	30	0.9638
RAIS	673	643	30	0.9554
LAP	294	264	30	0.898
EHS	29	0	29	0
TIRED	96	67	29	0.6979
TONER	432	403	29	0.9329
RENS	52	23	29	0.4423
ETH	345	316	29	0.9159
OFT	105	76	29	0.7238
LAM	897	868	29	0.9677
NIDE	107	78	29	0.729
NARES	41	12	29	0.2927
LADE	501	472	29	0.9421
ANGA	42	13	29	0.3095
TILES	115	86	29	0.7478
OCKER	30	1	29	0.03333
UNI	56	27	29	0.4821
HAM	307	279	28	0.9088
TEAD	408	380	28	0.9314
LEAS	833	805	28	0.9664
HOP	279	251	28	0.8996
BLETS	28	0	28	0
HOTE	97	69	28	0.7113
STARE	586	558	28	0.9522
NAE	96	68	28	0.7083
RAG	756	728	28	0.963
OILED	125	97	28	0.776
RODS	53	25	28	0.4717
EMIT	177	149	28	0.8418
DAL	682	654	28	0.9589
EAVE	52	24	28	0.4615
ABLE	333	305	28	0.9159
POTS	65	38	27	0.5846
LEER	187	160	27	0.8556
HIES	56	29	27	0.5179
HOSE	426	399	27	0.9366
ARKS	76	49	27	0.6447
RITES	74	47	27	0.6351
TUN	802	775	27	0.9663
LOP	370	343	27	0.927
SATE	411	384	27	0.9343
TEERS	84	57	27	0.6786
CORE	450	423	27	0.94
DONS	36	9	27	0.25
HOD	120	93	27	0.775
ERK	33	6	27	0.1818
PET	446	419	27	0.9395
AVEL	37	11	26	0.2973
VIN	303	277	26	0.9142
ESSE	29	3	26	0.1034
LEET	118	92	26	0.7797
ESILES	26	0	26	0
LEAT	393	367	26	0.9338
AGERS	91	65	26	0.7143
ONNED	26	0	26	0
HERE	212	186	26	0.8774
INGO	36	10	26	0.2778
OFF	32	6	26	0.1875
TONES	219	193	26	0.8813
LEAR	1024	999	25	0.9756
VETS	34	9	25	0.2647
TEW	125	100	25	0.8
MINES	57	32	25	0.5614
DAN	750	725	25	0.9667
OUTER	256	231	25	0.9023
TETS	36	11	25	0.3056
PIS	362	337	25	0.9309
GING	171	146	25	0.8538
HAME	93	68	25	0.7312
ODAS	28	3	25	0.1071
RASE	714	689	25	0.965
DATE	899	875	24	0.9733
SELS	26	2	24	0.07692
VIES	37	13	24	0.3514
READ	347	323	24	0.9308
SINGS	62	38	24	0.6129
MENT	137	113	24	0.8248
OLLERS	24	0	24	0
TAIL	534	510	24	0.9551
LASE	783	759	24	0.9693
SINE	547	523	24	0.9561
CAN	2138	2114	24	0.9888
CAR	4967	4943	24	0.9952
TRINE	302	278	24	0.9205
HIED	32	8	24	0.25
SILE	553	529	24	0.9566
SIDE	458	434	24	0.9476
ARTY	24	0	24	0
TESTE	245	221	24	0.902
AMIN	275	251	24	0.9127
GENT	136	112	24	0.8235
SENT	544	520	24	0.9559
HAE	167	143	24	0.8563
ROSE	536	512	24	0.9552
CAD	447	423	24	0.9463
TILED	79	55	24	0.6962
NITS	36	13	23	0.3611
AMPS	64	41	23	0.6406
URNED	25	2	23	0.08
UMPS	23	0	23	0
CANS	42	19	23	0.4524
USHER	30	7	23	0.2333
DAS	202	179	23	0.8861
ZED	25	2	23	0.08
VIE	143	120	23	0.8392
RIA	208	185	23	0.8894
NATES	36	13	23	0.3611
SKED	23	0	23	0
PATTE	184	161	23	0.875
WAN	794	771	23	0.971
ASK	139	116	23	0.8345
OATERS	52	29	23	0.5577
RESIT	329	306	23	0.9301
HONE	508	485	23	0.9547
OLDS	55	32	23	0.5818
RIALS	36	13	23	0.3611
SAR	979	956	23	0.9765
IFS	24	1	23	0.04167
LIST	452	429	23	0.9491
OINT	33	11	22	0.3333
CATE	837	815	22	0.9737
NAIL	313	291	22	0.9297
TEND	324	302	22	0.9321
SAN	2851	2829	22	0.9923
EGOS	23	1	22	0.04348
TATS	57	35	22	0.614
MINO	39	17	22	0.4359
TIME	486	464	22	0.9547
RANTS	71	49	22	0.6901
HEAT	443	421	22	0.9503
STENS	25	3	22	0.12
SHE	1248	1226	22	0.9824
UKE	28	6	22	0.2143
TARTED	35	13	22	0.3714
HAIN	97	75	22	0.7732
PEAT	197	175	22	0.8883
LAST	551	529	22	0.9601
SPIK	21	0	21	0
CHI	694	673	21	0.9697
REATE	128	107	21	0.8359
RALE	267	246	21	0.9213
KIT	225	204	21	0.9067
ORC	69	48	21	0.6957
CON	1300	1279	21	0.9838
TELE	158	137	21	0.8671
SITES	50	29	21	0.58
VAS	183	162	21	0.8852
EMOS	22	1	21	0.04545
CHING	35	14	21	0.4
EVER	71	50	21	0.7042
BAST	378	357	21	0.9444
EVE	181	160	21	0.884
OWES	37	16	21	0.4324
CARS	284	263	21	0.9261
EACH	95	74	21	0.7789
WIN	824	803	21	0.9745
AWNS	52	31	21	0.5962
PATE	854	833	21	0.9754
METS	34	13	21	0.3824
ARTIES	37	16	21	0.4324
HID	398	377	21	0.9472
ANTING	34	13	21	0.3824
RISES	47	26	21	0.5532
ENDED	43	22	21	0.5116
RAND	236	215	21	0.911
HARTS	33	12	21	0.3636
URDS	22	2	20	0.09091
HANT	161	141	20	0.8758
TOT	933	913	20	0.9786
EARNS	71	51	20	0.7183
GAE	78	58	20	0.7436
EATING	93	73	20	0.7849
EFTS	33	13	20	0.3939
LAMS	27	7	20	0.2593
HAP	113	93	20	0.823
MART	199	179	20	0.8995
KINGS	28	8	20	0.2857
TEAM	337	317	20	0.9407
ALTERS	96	76	20	0.7917
RUES	34	14	20	0.4118
AUNTS	42	22	20	0.5238
TEALS	87	67	20	0.7701
BRA	1009	989	20	0.9802
DIT	1029	1009	20	0.9806
RAY	250	230	20	0.92
TIL	2161	2141	20	0.9907
EVES	33	13	20	0.3939
SON	1099	1079	20	0.9818
WELS	22	2	20	0.09091
HEAL	224	204	20	0.9107
CIT	1223	1203	20	0.9836
SITED	55	35	20	0.6364
TIC	634	614	20	0.9685
TERES	61	41	20	0.6721
EMOTE	43	23	20	0.5349
TARTS	61	41	20	0.6721
ACKERS	20	0	20	0
RENT	948	929	19	0.98
SINED	47	28	19	0.5957
RAW	280	261	19	0.9321
ONOS	21	2	19	0.09524
RAINE	316	297	19	0.9399
OWT	24	5	19	0.2083
SEAT	713	694	19	0.9734
HARD	181	162	19	0.895
OTHER	115	96	19	0.8348
PIERS	40	21	19	0.525
GAR	895	876	19	0.9788
GIN	402	383	19	0.9527
HUT	111	92	19	0.8288
TEST	571	552	19	0.9667
PINS	48	29	19	0.6042
TINT	518	499	19	0.9633
DITE	248	229	19	0.9234
NAP	303	284	19	0.9373
ICKERS	27	8	19	0.2963
LIPS	34	15	19	0.4412
AMPED	30	11	19	0.3667
SHO	1367	1348	19	0.9861
SPED	21	2	19	0.09524
HOED	26	7	19	0.2692
HAW	126	107	19	0.8492
LAPS	109	90	19	0.8257
INKED	21	3	18	0.1429
NEED	73	55	18	0.7534
LINS	31	13	18	0.4194
PAN	1471	1453	18	0.9878
LADS	29	11	18	0.3793
TAB	335	317	18	0.9463
ROTTE	220	202	18	0.9182
TAW	277	259	18	0.935
TATERS	55	37	18	0.6727
ORMER	20	2	18	0.1
ETAPE	21	3	18	0.1429
ROTE	504	486	18	0.9643
HOTS	32	14	18	0.4375
TARING	63	45	18	0.7143
VINE	133	115	18	0.8647
PRO	613	595	18	0.9706
COS	1749	1731	18	0.9897
ADDIES	23	5	18	0.2174
MITE	485	467	18	0.9629
PATS	38	20	18	0.5263
SIS	197	179	18	0.9086
CART	891	873	18	0.9798
ETCH	148	130	18	0.8784
HOES	32	14	18	0.4375
CHA	1705	1687	18	0.9894
PINGS	46	28	18	0.6087
ANTE	517	499	18	0.9652
ANKERS	20	2	18	0.1
NIL	218	200	18	0.9174
ARTIS	41	24	17	0.5854
TRIN	642	625	17	0.9735
HOER	49	32	17	0.6531
KENS	21	4	17	0.1905
RAITS	50	33	17	0.66
AVENS	20	3	17	0.15
AIM	343	326	17	0.9504
AGGER	25	8	17	0.32
DENT	266	249	17	0.9361
WEE	400	383	17	0.9575
AMAS	36	19	17	0.5278
ROE	250	233	17	0.932
ETAS	21	4	17	0.1905
PEER	121	104	17	0.8595
CAST	681	664	17	0.975
NETT	231	214	17	0.9264
HIM	91	74	17	0.8132
RIME	190	173	17	0.9105
SEY	27	10	17	0.3704
OILER	150	133	17	0.8867
TAY	127	110	17	0.8661
NAT	744	727	17	0.9772
ARKED	30	13	17	0.4333
TRAD	263	246	17	0.9354
ACTS	46	29	17	0.6304
NAG	81	64	17	0.7901
TINED	21	4	17	0.1905
RODE	218	201	17	0.922
PANE	206	189	17	0.9175
PORE	302	285	17	0.9437
PARES	52	36	16	0.6923
LATH	368	352	16	0.9565
DORE	251	235	16	0.9363
CAL	513	497	16	0.9688
OCHE	21	5	16	0.2381
ADDING	20	4	16	0.2
DEL	878	862	16	0.9818
TAKE	176	160	16	0.9091
STATE	456	440	16	0.9649
STONE	464	448	16	0.9655
HASTE	227	211	16	0.9295
EAVES	24	8	16	0.3333
WEET	27	11	16	0.4074
SOD	167	151	16	0.9042
LATTE	290	274	16	0.9448
SIRE	433	417	16	0.963
GEL	123	107	16	0.8699
PAS	1488	1472	16	0.9892
HEW	93	77	16	0.828
ACING	56	40	16	0.7143
REI	639	623	16	0.975
AMIE	62	46	16	0.7419
CATS	42	26	16	0.619
LARES	49	33	16	0.6735
OXES	26	10	16	0.3846
SEAR	907	891	16	0.9824
PINE	339	323	16	0.9528
WAT	814	799	15	0.9816
HALES	42	27	15	0.6429
WEST	115	100	15	0.8696
AGA	42	27	15	0.6429
HEARS	133	118	15	0.8872
PORT	250	235	15	0.94
TEIN	300	285	15	0.95
RILL	214	199	15	0.9299
GATE	452	437	15	0.9668
TAILS	73	58	15	0.7945
NID	367	352	15	0.9591
WEER	41	26	15	0.6341
LAIN	90	75	15	0.8333
ROST	411	396	15	0.9635
WARE	214	199	15	0.9299
TENTS	65	50	15	0.7692
USING	20	5	15	0.25
LAW	249	234	15	0.9398
HADS	23	8	15	0.3478
DEE	939	924	15	0.984
REND	287	272	15	0.9477
LEETS	26	11	15	0.4231
HALED	28	13	15	0.4643
LAC	751	736	15	0.98
ONCE	22	7	15	0.3182
ITCHES	27	12	15	0.4444
REMS	34	19	15	0.5588
ABLES	77	62	15	0.8052
UDDER	20	5	15	0.25
LAB	111	96	15	0.8649
NOG	65	51	14	0.7846
WAI	696	682	14	0.9799
APT	159	145	14	0.9119
NINE	290	276	14	0.9517
ENDERS	109	95	14	0.8716
PENS	26	12	14	0.4615
SEARE	174	160	14	0.9195
LOPE	173	159	14	0.9191
ENDING	26	12	14	0.4615
OLDE	83	69	14	0.8313
PANS	27	13	14	0.4815
KIN	245	231	14	0.9429
AILING	57	43	14	0.7544
DIN	2259	2245	14	0.9938
MATE	917	903	14	0.9847
ORALS	32	18	14	0.5625
SPA	1650	1636	14	0.9915
HUN	220	206	14	0.9364
TAME	479	465	14	0.9708
WATS	28	14	14	0.5
HEM	103	89	14	0.8641
OLDER	46	32	14	0.6957
RAPES	69	55	14	0.7971
TEMS	28	14	14	0.5
PRAT	457	443	14	0.9694
RACE	431	417	14	0.9675
LOSE	432	418	14	0.9676
AIDER	129	115	14	0.8915
ROPE	266	252	14	0.9474
SEAL	414	400	14	0.9662
ERRS	25	11	14	0.44
TEARED	62	48	14	0.7742
MINGS	34	20	14	0.5882
PIN	1512	1498	14	0.9907
TOPE	329	315	14	0.9574
AMEN	205	191	14	0.9317
ARMS	49	35	14	0.7143
LANES	54	40	14	0.7407
TEELS	37	23	14	0.6216
ASHING	42	28	14	0.6667
PITS	29	15	14	0.5172
PETS	30	16	14	0.5333
TOE	451	437	14	0.969
BORT	97	83	14	0.8557
EMITS	67	53	14	0.791
BID	279	266	13	0.9534
SLATE	385	372	13	0.9662
TINTS	64	51	13	0.7969
TASE	1149	1136	13	0.9887
LOWS	62	49	13	0.7903
RENTE	246	233	13	0.9472
PIED	40	27	13	0.675
TAM	1109	1096	13	0.9883
LAG	174	161	13	0.9253
TRAIN	316	303	13	0.9589
MAL	1173	1160	13	0.9889
LONE	283	270	13	0.9541
AMIS	48	35	13	0.7292
VIER	23	10	13	0.4348
RATIO	86	73	13	0.8488
PART	445	432	13	0.9708
RICE	224	211	13	0.942
REDS	24	11	13	0.4583
CARES	61	48	13	0.7869
PARER	48	35	13	0.7292
AMENT	52	39	13	0.75
GAT	962	949	13	0.9865
EARINGS	27	14	13	0.5185
AXES	30	17	13	0.5667
TEE	2006	1993	13	0.9935
MIR	547	534	13	0.9762
HONS	21	8	13	0.381
AIDE	453	440	13	0.9713
PLAT	245	232	13	0.9469
REDE	118	105	13	0.8898
REP	799	786	13	0.9837
HOOT	172	159	13	0.9244
HARN	61	48	13	0.7869
HAG	88	75	13	0.8523
MEL	411	398	13	0.9684
POSE	309	296	13	0.9579
HAMES	20	7	13	0.35
MOTE	243	230	13	0.9465
FIR	427	414	13	0.9696
HAPS	21	8	13	0.381
SEE	1402	1389	13	0.9907
DINE	700	687	13	0.9814
METE	176	163	13	0.9261
RIPE	320	307	13	0.9594
WINS	27	14	13	0.5185
MATIN	67	54	13	0.806
PARS	299	286	13	0.9565
CAM	439	426	13	0.9704
LAME	373	360	13	0.9651
GEST	76	63	13	0.8289
TID	793	780	13	0.9836
EXES	21	9	12	0.4286
WAS	693	681	12	0.9827
TITE	284	272	12	0.9577
NIP	92	80	12	0.8696
WAST	300	288	12	0.96
TEENS	48	36	12	0.75
KAT	62	50	12	0.8065
BEL	293	281	12	0.959
FEST	83	71	12	0.8554
OUTED	94	82	12	0.8723
BAS	1328	1316	12	0.991
LINED	73	61	12	0.8356
BASE	230	218	12	0.9478
ANTI	201	189	12	0.9403
WEN	290	278	12	0.9586
SILES	27	15	12	0.5556
TOLED	26	14	12	0.5385
ANNA	24	12	12	0.5
RESTS	38	26	12	0.6842
HEST	68	56	12	0.8235
SAIN	568	556	12	0.9789
ALAR	21	9	12	0.4286
THEN	26	14	12	0.5385
CARTE	298	286	12	0.9597
SERIN	96	84	12	0.875
DOES	27	15	12	0.5556
TAPE	493	481	12	0.9757
TUNS	20	8	12	0.4
BET	295	283	12	0.9593
EON	32	20	12	0.625
ALLIED	43	31	12	0.7209
RAINED	68	56	12	0.8235
LANTS	34	22	12	0.6471
PEST	146	134	12	0.9178
DEAR	824	812	12	0.9854
RIMES	30	18	12	0.6
LOPS	21	9	12	0.4286
BAT	1122	1110	12	0.9893
TALL	385	373	12	0.9688
STAT	767	755	12	0.9844
SAIL	347	336	11	0.9683
RUN	665	654	11	0.9835
CRED	39	28	11	0.7179
RASH	205	194	11	0.9463
RUD	258	247	11	0.9574
TEAS	805	794	11	0.9863
TEASE	426	415	11	0.9742
SETT	236	225	11	0.9534
NESS	23	12	11	0.5217
ARLED	22	11	11	0.5
POST	272	261	11	0.9596
TRAP	271	260	11	0.9594
HATE	825	814	11	0.9867
SNAR	279	268	11	0.9606
MOA	385	374	11	0.9714
LACE	384	373	11	0.9714
REW	219	208	11	0.9498
LAY	227	216	11	0.9515
CANT	518	507	11	0.9788
RIDER	62	51	11	0.8226
WINGE	43	32	11	0.7442
LEES	30	19	11	0.6333
CARED	32	21	11	0.6562
RIDS	20	9	11	0.45
HIDE	216	205	11	0.9491
BIS	207	196	11	0.9469
LENS	126	115	11	0.9127
SONDE	77	66	11	0.8571
TRIDE	33	22	11	0.6667
LUN	427	416	11	0.9742
PORED	23	12	11	0.5217
HALT	167	156	11	0.9341
REAM	335	324	11	0.9672
SAM	407	396	11	0.973
FIER	28	17	11	0.6071
MAR	2008	1997	11	0.9945
SIR	1216	1205	11	0.991
SIDES	20	9	11	0.45
BAN	970	959	11	0.9887
TOTE	410	399	11	0.9732
HORS	281	270	11	0.9609
CID	379	368	11	0.971
RAGS	29	18	11	0.6207
MAE	82	71	11	0.8659
MINA	68	57	11	0.8382
ALP	26	15	11	0.5769
SEI	294	283	11	0.9626
CEAS	79	68	11	0.8608
TILT	143	132	11	0.9231
LESS	79	68	11	0.8608
PILE	312	301	11	0.9647
AFTER	66	55	11	0.8333
TOIL	392	381	11	0.9719
LEEP	38	27	11	0.7105
RODES	39	28	11	0.7179
COTS	26	15	11	0.5769
GIT	266	255	11	0.9586
HOG	58	47	11	0.8103
ARC	269	259	10	0.9628
RATERS	35	25	10	0.7143
SUE	149	139	10	0.9329
HAIR	124	114	10	0.9194
ARRET	69	59	10	0.8551
PARED	33	23	10	0.697
PAM	73	63	10	0.863
CANE	390	380	10	0.9744
RIGS	23	13	10	0.5652
DOT	1104	1094	10	0.9909
PALE	499	489	10	0.98
ROPES	26	16	10	0.6154
ANGLE	112	102	10	0.9107
GREE	136	126	10	0.9265
TRIP	104	94	10	0.9038
REAN	232	222	10	0.9569
LEAD	184	174	10	0.9457
WAIN	79	69	10	0.8734
TAPER	102	92	10	0.902
DOL	581	571	10	0.9828
GENTS	21	11	10	0.5238
LAID	79	69	10	0.8734
OWLS	31	21	10	0.6774
LAWS	27	17	10	0.6296
FEN	374	364	10	0.9733
NOTER	141	131	10	0.9291
SOU	926	916	10	0.9892
DINGE	110	100	10	0.9091
NIM	76	66	10	0.8684
SPIE	206	196	10	0.9515
NAILS	33	23	10	0.697
FATE	168	158	10	0.9405
TRON	309	299	10	0.9676
ROIN	54	44	10	0.8148
RAST	259	249	10	0.9614
TINGE	154	144	10	0.9351
CATER	203	193	10	0.9507
INCH	47	37	10	0.7872
NOTE	771	761	10	0.987
GET	168	158	10	0.9405
SATI	303	293	10	0.967
REIS	93	83	10	0.8925
MAT	2434	2424	10	0.9959
MATER	153	143	10	0.9346
ROOS	247	237	10	0.9595
TAPS	25	15	10	0.6
TORT	429	419	10	0.9767
CORS	290	280	10	0.9655
HAND	177	167	10	0.9435
MORE	227	217	10	0.9559
WAD	238	228	10	0.958
CASTE	303	293	10	0.967
CITE	596	586	10	0.9832
ROM	257	247	10	0.9611
STEALE	122	112	10	0.918
COST	601	591	10	0.9834
HENT	130	120	10	0.9231
TANG	331	321	10	0.9698
OTHERS	25	15	10	0.6
TEEM	62	52	10	0.8387
SHA	1870	1860	10	0.9947
TILL	283	273	10	0.9647
LINT	436	426	10	0.9771
SIC	380	370	10	0.9737
HAST	467	457	10	0.9786
TEAT	217	207	10	0.9539
RESTO	52	42	10	0.8077
LINER	226	217	9	0.9602
NOUT	24	15	9	0.625
LOO	939	930	9	0.9904
VISE	37	28	9	0.7568
TOILE	197	188	9	0.9543
ADD	52	43	9	0.8269
TINTER	78	69	9	0.8846
RAILS	58	49	9	0.8448
AVA	31	22	9	0.7097
CUTE	123	114	9	0.9268
MARS	184	175	9	0.9511
ROTI	139	130	9	0.9353
PAIN	244	235	9	0.9631
AIRER	110	101	9	0.9182
UNTIE	20	11	9	0.55
PEL	405	396	9	0.9778
CAPE	230	221	9	0.9609
ROTO	113	104	9	0.9204
RENTS	36	27	9	0.75
HIVE	79	70	9	0.8861
LADES	25	16	9	0.64
CALL	179	170	9	0.9497
ROW	281	272	9	0.968
RAILE	260	251	9	0.9654
RITT	101	92	9	0.9109
COR	1948	1939	9	0.9954
RAGE	261	252	9	0.9655
TUM	66	57	9	0.8636
SALT	469	460	9	0.9808
REIN	158	149	9	0.943
NOW	94	85	9	0.9043
ASSET	33	24	9	0.7273
ETHE	94	85	9	0.9043
TYE	97	88	9	0.9072
REWS	33	24	9	0.7273
PEAN	84	75	9	0.8929
BASTI	22	13	9	0.5909
VITE	21	12	9	0.5714
HIRED	22	13	9	0.5909
RANDS	22	13	9	0.5909
LENT	62	53	9	0.8548
TIDE	227	218	9	0.9604
ROWS	51	42	9	0.8235
MAST	246	237	9	0.9634
TONERS	81	72	9	0.8889
LOW	333	324	9	0.973
TARRE	103	94	9	0.9126
ARCH	135	126	9	0.9333
PAL	1125	1116	9	0.992
SALES	27	18	9	0.6667
SOT	218	209	9	0.9587
DARI	80	71	9	0.8875
SAG	329	320	9	0.9726
RUT	216	207	9	0.9583
RONT	251	242	9	0.9641
BAR	1465	1456	9	0.9939
REEDS	29	20	9	0.6897
HORN	177	168	9	0.9492
RIDES	41	32	9	0.7805
LUM	88	79	9	0.8977
ABLED	23	14	9	0.6087
ABLER	22	13	9	0.5909
ZING	29	20	9	0.6897
ELATE	365	356	9	0.9753
PUR	419	410	9	0.9785
NOOP	26	17	9	0.6538
AYE	40	31	9	0.775
CONS	27	18	9	0.6667
PEARS	25	16	9	0.64
WASTE	157	148	9	0.9427
SERRA	27	18	9	0.6667
ANTA	124	115	9	0.9274
SAID	47	38	9	0.8085
MISE	250	241	9	0.964
BIER	28	19	9	0.6786
LOD	385	377	8	0.9792
TRIE	384	376	8	0.9792
RANG	407	399	8	0.9803
OWNS	52	44	8	0.8462
ALINE	437	429	8	0.9817
VOR	32	24	8	0.75
DOE	287	279	8	0.9721
SOLE	405	397	8	0.9802
ENATE	38	30	8	0.7895
TIND	296	288	8	0.973
HEATS	20	12	8	0.6
SCAR	439	431	8	0.9818
COSIE	80	72	8	0.9
PEA	1879	1871	8	0.9957
PINED	24	16	8	0.6667
LADER	60	52	8	0.8667
SIDER	71	63	8	0.8873
GRAT	202	194	8	0.9604
NOM	201	193	8	0.9602
GAL	394	386	8	0.9797
HENS	22	14	8	0.6364
COD	528	520	8	0.9848
ICERS	39	31	8	0.7949
LICE	35	27	8	0.7714
TRIPE	31	23	8	0.7419
NON	258	250	8	0.969
SORE	626	618	8	0.9872
FET	258	250	8	0.969
RAWS	32	24	8	0.75
TREW	35	27	8	0.7714
MANE	225	217	8	0.9644
POON	56	48	8	0.8571
ATONE	257	249	8	0.9689
HOO	641	633	8	0.9875
TAGS	26	18	8	0.6923
STINGE	60	52	8	0.8667
ROO	1434	1426	8	0.9944
DATES	29	21	8	0.7241
TRINES	37	29	8	0.7838
LEAN	382	374	8	0.9791
SILED	24	16	8	0.6667
LIME	232	224	8	0.9655
TOUN	59	51	8	0.8644
HARP	62	54	8	0.871
ORATE	135	127	8	0.9407
EASTED	42	34	8	0.8095
TIG	283	275	8	0.9717
LOTTE	100	92	8	0.92
APO	22	14	8	0.6364
HITHE	21	13	8	0.619
MOR	1675	1667	8	0.9952
MEND	84	76	8	0.9048
PASSE	37	29	8	0.7838
SHARE	154	146	8	0.9481
NITER	198	190	8	0.9596
WOS	54	46	8	0.8519
REAL	588	580	8	0.9864
ELATES	88	80	8	0.9091
WOT	88	80	8	0.9091
EARL	83	75	8	0.9036
LANDE	166	158	8	0.9518
SPAT	178	170	8	0.9551
SPARE	119	111	8	0.9328
LASH	152	144	8	0.9474
TAILER	52	44	8	0.8462
LEY	27	19	8	0.7037
SUIT	45	37	8	0.8222
PEAL	123	115	8	0.935
SEND	203	195	8	0.9606
WIRE	144	137	7	0.9514
GOT	57	50	7	0.8772
PAY	52	45	7	0.8654
LATTER	90	83	7	0.9222
LASTER	76	69	7	0.9079
AIRT	219	212	7	0.968
SPIER	36	29	7	0.8056
RAPED	23	16	7	0.6957
POOT	89	82	7	0.9213
BARRE	65	58	7	0.8923
FIL	484	477	7	0.9855
HIPS	22	15	7	0.6818
PASTE	273	266	7	0.9744
AUNTER	22	15	7	0.6818
PEAS	109	102	7	0.9358
REDO	221	214	7	0.9683
HIRES	39	32	7	0.8205
OILERS	49	42	7	0.8571
POD	98	91	7	0.9286
MENE	75	68	7	0.9067
WATER	92	85	7	0.9239
LION	39	32	7	0.8205
AMINS	30	23	7	0.7667
AIRN	120	113	7	0.9417
OPA	33	26	7	0.7879
HEEL	59	52	7	0.8814
PINES	48	41	7	0.8542
WINE	161	154	7	0.9565
PATES	29	22	7	0.7586
PORES	35	28	7	0.8
MOW	75	68	7	0.9067
TOLES	35	28	7	0.8
HALL	87	80	7	0.9195
UNDE	71	64	7	0.9014
SIST	87	80	7	0.9195
FEARE	62	55	7	0.8871
CARL	106	99	7	0.934
EATH	56	49	7	0.875
SANT	309	302	7	0.9773
TELES	35	28	7	0.8
ROOP	54	47	7	0.8704
ROAN	64	57	7	0.8906
WATE	234	227	7	0.9701
HEAP	62	55	7	0.8871
TIT	1313	1306	7	0.9947
TOW	375	368	7	0.9813
BOR	983	976	7	0.9929
ROUT	409	402	7	0.9829
CEL	183	176	7	0.9617
HOON	35	28	7	0.8
SHINE	107	100	7	0.9346
HOA	321	314	7	0.9782
BAL	878	871	7	0.992
RETAIN	150	143	7	0.9533
LEASE	248	241	7	0.9718
TREE	276	269	7	0.9746
CONN	107	100	7	0.9346
RAISE	353	346	7	0.9802
SOL	1516	1509	7	0.9954
MILE	267	260	7	0.9738
COOT	91	84	7	0.9231
STRAIN	63	56	7	0.8889
KITE	92	85	7	0.9239
FOU	163	156	7	0.9571
SANE	591	584	7	0.9882
HINGE	89	82	7	0.9213
BATE	251	244	7	0.9721
CIS	205	198	7	0.9659
RAID	232	225	7	0.9698
NOD	462	455	7	0.9848
DENI	96	89	7	0.9271
ROLE	190	183	7	0.9632
CUT	344	337	7	0.9797
LATHE	184	177	7	0.962
LOOS	143	136	7	0.951
LURE	109	102	7	0.9358
CONE	227	221	6	0.9736
TELL	242	236	6	0.9752
REG	250	244	6	0.976
RUG	39	33	6	0.8462
LITER	152	146	6	0.9605
WALI	25	19	6	0.76
SHIT	204	198	6	0.9706
LOON	77	71	6	0.9221
NEAR	396	390	6	0.9848
GALE	96	90	6	0.9375
OATH	23	17	6	0.7391
MEE	537	531	6	0.9888
WEED	40	34	6	0.85
AGING	25	19	6	0.76
LEI	111	105	6	0.9459
LITRE	93	87	6	0.9355
PIC	116	110	6	0.9483
GON	403	397	6	0.9851
HOW	145	139	6	0.9586
FIRE	193	187	6	0.9689
WINGS	28	22	6	0.7857
TRAINS	49	43	6	0.8776
LUR	265	259	6	0.9774
RACER	49	43	6	0.8776
PAST	623	617	6	0.9904
DERE	174	168	6	0.9655
MON	638	632	6	0.9906
CORES	28	22	6	0.7857
RETIE	126	120	6	0.9524
MOOT	96	90	6	0.9375
AIMS	22	16	6	0.7273
BLATE	65	59	6	0.9077
HALER	40	34	6	0.85
WIT	514	508	6	0.9883
LORE	234	228	6	0.9744
WINES	23	17	6	0.7391
PEEL	50	44	6	0.88
DEET	38	32	6	0.8421
STEARIN	43	37	6	0.8605
LOOP	74	68	6	0.9189
PARTI	84	78	6	0.9286
RAVE	226	220	6	0.9735
COIN	93	87	6	0.9355
POI	225	219	6	0.9733
ANTRE	91	85	6	0.9341
NOLE	115	109	6	0.9478
TRAY	46	40	6	0.8696
CAG	206	200	6	0.9709
FORTE	41	35	6	0.8537
SHAD	150	144	6	0.96
SORT	434	428	6	0.9862
DART	203	197	6	0.9704
MAILE	137	131	6	0.9562
HOPE	119	113	6	0.9496
CAMP	23	17	6	0.7391
BORTS	26	20	6	0.7692
RACES	38	32	6	0.8421
PENT	128	122	6	0.9531
RATINE	82	76	6	0.9268
GOE	196	190	6	0.9694
LUTE	208	202	6	0.9712
SEAM	219	213	6	0.9726
RIPES	42	36	6	0.8571
ROK	100	94	6	0.94
CARER	64	58	6	0.9062
OUTERS	72	66	6	0.9167
NOSE	421	415	6	0.9857
HEIR	42	36	6	0.8571
TENE	212	206	6	0.9717
HAMS	20	14	6	0.7
LOPER	33	27	6	0.8182
TUB	76	70	6	0.9211
PUTT	51	45	6	0.8824
CENT	287	281	6	0.9791
LOTE	183	177	6	0.9672
LAYS	32	26	6	0.8125
NESTER	42	36	6	0.8571
DEAL	300	294	6	0.98
ROSTI	45	39	6	0.8667
SEAME	91	85	6	0.9341
MODE	135	129	6	0.9556
WHITE	33	27	6	0.8182
HIDER	44	38	6	0.8636
STIRE	194	188	6	0.9691
PARTS	30	24	6	0.8
TOUR	146	140	6	0.9589
ROC	199	193	6	0.9698
CRU	86	80	6	0.9302
DAM	305	299	6	0.9803
ANGLES	32	26	6	0.8125
WALE	141	135	6	0.9574
READS	34	28	6	0.8235
SOLDE	25	19	6	0.76
STAG	180	174	6	0.9667
CANTS	48	42	6	0.875
SHAM	116	110	6	0.9483
BARE	365	359	6	0.9836
FILE	155	149	6	0.9613
BIN	608	602	6	0.9901
PATIN	97	91	6	0.9381
COATE	145	139	6	0.9586
CLAN	36	30	6	0.8333
HONER	70	65	5	0.9286
COSTE	208	203	5	0.976
GITE	46	41	5	0.8913
AMINE	69	64	5	0.9275
WEAR	151	146	5	0.9669
NITRE	145	140	5	0.9655
MANGE	72	67	5	0.9306
TONNE	170	165	5	0.9706
OUSTS	21	16	5	0.7619
FAN	417	412	5	0.988
PLATE	106	101	5	0.9528
DOSE	353	348	5	0.9858
MOT	956	951	5	0.9948
MITER	128	123	5	0.9609
KID	20	15	5	0.75
MINTS	21	16	5	0.7619
OUST	231	226	5	0.9784
RUST	134	129	5	0.9627
BATH	116	111	5	0.9569
TILLER	47	42	5	0.8936
ETHS	25	20	5	0.8
FIND	64	59	5	0.9219
RARE	361	356	5	0.9861
SAND	231	226	5	0.9784
PRATT	27	22	5	0.8148
COAT	360	355	5	0.9861
LEARE	235	230	5	0.9787
MOI	259	254	5	0.9807
HEND	67	62	5	0.9254
LOU	737	732	5	0.9932
PEND	58	53	5	0.9138
PANNE	43	38	5	0.8837
CARTS	34	29	5	0.8529
MIST	203	198	5	0.9754
DENE	92	87	5	0.9457
RAVER	28	23	5	0.8214
RONG	22	17	5	0.7727
SAIR	240	235	5	0.9792
REC	446	441	5	0.9888
SOLA	238	233	5	0.979
FAT	583	578	5	0.9914
LOG	156	151	5	0.9679
MOE	71	66	5	0.9296
SUR	524	519	5	0.9905
DARE	472	467	5	0.9894
CREE	77	72	5	0.9351
RILE	306	301	5	0.9837
TILLS	20	15	5	0.75
PERE	103	98	5	0.9515
TASTER	39	34	5	0.8718
COP	353	348	5	0.9858
BEAR	320	315	5	0.9844
CINE	111	106	5	0.955
FIT	237	232	5	0.9789
TICE	170	165	5	0.9706
MOO	721	716	5	0.9931
TITER	97	92	5	0.9485
HITTER	36	31	5	0.8611
PONE	99	94	5	0.9495
LIPE	44	39	5	0.8864
HOI	165	160	5	0.9697
HOUT	70	65	5	0.9286
REPO	295	290	5	0.9831
PAC	394	389	5	0.9873
LIEN	54	49	5	0.9074
OWL	112	107	5	0.9554
DOM	218	213	5	0.9771
SERE	172	167	5	0.9709
CAB	121	116	5	0.9587
WOON	32	27	5	0.8438
REAR	288	283	5	0.9826
RIF	205	200	5	0.9756
MOTES	22	17	5	0.7727
REDD	59	54	5	0.9153
AWL	37	32	5	0.8649
MANI	85	80	5	0.9412
STATER	55	50	5	0.9091
LAV	236	231	5	0.9788
NAM	580	575	5	0.9914
POLE	185	180	5	0.973
RATH	172	167	5	0.9709
OVEN	37	32	5	0.8649
FINE	257	252	5	0.9805
CANN	99	94	5	0.9495
LITHE	82	77	5	0.939
SINGE	174	169	5	0.9713
WATT	69	64	5	0.9275
REAST	121	116	5	0.9587
TOOL	239	234	5	0.9791
TOKE	92	87	5	0.9457
MALE	166	161	5	0.9699
LAVE	160	155	5	0.9688
START	139	134	5	0.964
BIT	623	618	5	0.992
ALTO	38	33	5	0.8684
BOA	551	546	5	0.9909
RORE	129	124	5	0.9612
RICES	25	20	5	0.8
EVEN	21	16	5	0.7619
WILE	56	51	5	0.9107
COLE	132	127	5	0.9621
BALE	241	236	5	0.9793
BITE	214	209	5	0.9766
BEND	62	57	5	0.9194
BOTT	87	82	5	0.9425
RAILED	21	16	5	0.7619
BLAT	162	157	5	0.9691
DIAL	124	119	5	0.9597
TEAK	40	35	5	0.875
DOR	1562	1557	5	0.9968
WET	142	137	5	0.9648
CIST	50	45	5	0.9
LOOT	169	164	5	0.9704
HEATER	64	59	5	0.9219
TEME	64	59	5	0.9219
FUN	108	103	5	0.9537
NOB	44	39	5	0.8864
VILE	23	18	5	0.7826
SPAR	412	407	5	0.9879
RINGER	26	21	5	0.8077
SORI	48	43	5	0.8958
ORB	27	22	5	0.8148
WAE	25	20	5	0.8
TONIER	37	32	5	0.8649
ROUSE	92	87	5	0.9457
RIB	67	62	5	0.9254
PIA	47	42	5	0.8936
BING	110	105	5	0.9545
CHARE	156	151	5	0.9679
MILLE	105	101	4	0.9619
NUT	128	124	4	0.9688
RAMP	52	48	4	0.9231
GONE	123	119	4	0.9675
DEER	123	119	4	0.9675
POOL	104	100	4	0.9615
STONN	47	43	4	0.9149
SOOL	141	137	4	0.9716
RASP	52	48	4	0.9231
TERNE	55	51	4	0.9273
PEE	543	539	4	0.9926
LINERS	55	51	4	0.9273
FITTE	47	43	4	0.9149
DOAT	139	135	4	0.9712
GOA	254	250	4	0.9843
DOP	297	293	4	0.9865
TINTED	22	18	4	0.8182
PATTER	62	58	4	0.9355
ROSIN	45	41	4	0.9111
HOLE	136	132	4	0.9706
TAWS	27	23	4	0.8519
SPACE	47	43	4	0.9149
NOO	262	258	4	0.9847
REF	196	192	4	0.9796
VID	48	44	4	0.9167
LARGE	35	31	4	0.8857
SPITE	41	37	4	0.9024
TOPI	31	27	4	0.871
BRED	20	16	4	0.8
LACER	51	47	4	0.9216
SALTIE	32	28	4	0.875
HOME	142	138	4	0.9718
AGIN	29	25	4	0.8621
HATER	138	134	4	0.971
STATES	27	23	4	0.8519
ADO	97	93	4	0.9588
SOLI	37	33	4	0.8919
RUNE	129	125	4	0.969
DAUNT	20	16	4	0.8
OAK	33	29	4	0.8788
WAG	73	69	4	0.9452
GORE	146	142	4	0.9726
DESI	70	66	4	0.9429
BUT	226	222	4	0.9823
ROON	77	73	4	0.9481
MEAT	184	180	4	0.9783
BEN	487	483	4	0.9918
FENT	61	57	4	0.9344
BLAST	31	27	4	0.871
PACE	206	202	4	0.9806
TENNE	109	105	4	0.9633
NOTA	41	37	4	0.9024
SORES	92	88	4	0.9565
ELATED	31	27	4	0.871
TIAR	76	72	4	0.9474
TURN	59	55	4	0.9322
CHART	51	47	4	0.9216
TRAIT	67	63	4	0.9403
SHIR	246	242	4	0.9837
STARN	173	169	4	0.9769
SATIN	107	103	4	0.9626
ELOPE	44	40	4	0.9091
LERE	129	125	4	0.969
RACK	88	84	4	0.9545
MALL	91	87	4	0.956
CORN	214	210	4	0.9813
LEND	135	131	4	0.9704
DANT	89	85	4	0.9551
MAK	87	83	4	0.954
WAP	45	41	4	0.9111
NAW	23	19	4	0.8261
PERT	42	38	4	0.9048
CEE	47	43	4	0.9149
TAPES	33	29	4	0.8788
MATT	362	358	4	0.989
TIP	122	118	4	0.9672
REEL	117	113	4	0.9658
GUE	27	23	4	0.8519
GARE	145	141	4	0.9724
BRO	225	221	4	0.9822
HAY	91	87	4	0.956
MOUS	149	145	4	0.9732
SCAT	142	138	4	0.9718
LOUS	121	117	4	0.9669
PASTER	40	36	4	0.9
CURAT	30	26	4	0.8667
CLON	79	75	4	0.9494
WEEL	31	27	4	0.871
FEE	380	376	4	0.9895
MIND	110	106	4	0.9636
MINER	73	69	4	0.9452
SELLE	42	38	4	0.9048
MIRE	188	184	4	0.9787
PARING	21	17	4	0.8095
PLAN	216	212	4	0.9815
EARNER	22	18	4	0.8182
BATHE	55	51	4	0.9273
RENNE	53	49	4	0.9245
BRAN	145	141	4	0.9724
WAIT	156	152	4	0.9744
FIN	698	694	4	0.9943
NAME	312	308	4	0.9872
HANG	112	108	4	0.9643
HAFT	27	23	4	0.8519
SENS	119	115	4	0.9664
STELL	70	66	4	0.9429
MAND	35	31	4	0.8857
GATER	74	70	4	0.9459
PARSE	100	96	4	0.96
TASER	158	154	4	0.9747
EASERS	59	55	4	0.9322
MAIN	262	258	4	0.9847
TIMES	35	31	4	0.8857
SNOT	83	79	4	0.9518
MUT	348	344	4	0.9885
DOLE	120	116	4	0.9667
TOM	389	385	4	0.9897
SLIME	21	17	4	0.8095
MASE	281	277	4	0.9858
CUR	725	721	4	0.9945
MERI	52	48	4	0.9231
MIL	970	966	4	0.9959
LEW	34	30	4	0.8824
WITE	109	105	4	0.9633
MARE	250	246	4	0.984
HERES	21	17	4	0.8095
SCARE	114	110	4	0.9649
STAIN	242	238	4	0.9835
LEATS	32	28	4	0.875
LAPSE	39	35	4	0.8974
LOB	102	98	4	0.9608
SEATER	71	67	4	0.9437
GAMIN	23	19	4	0.8261
WEEN	32	28	4	0.875
TOO	846	842	4	0.9953
CENS	51	47	4	0.9216
PORTS	38	34	4	0.8947
TAMIN	67	63	4	0.9403
ROOD	32	28	4	0.875
SEAN	183	179	4	0.9781
CITER	88	84	4	0.9545
ROAD	94	90	4	0.9574
PUL	179	175	4	0.9777
MOP	226	222	4	0.9823
PAIRE	79	75	4	0.9494
WEAL	65	61	4	0.9385
RESET	77	73	4	0.9481
SAD	421	417	4	0.9905
YAR	65	61	4	0.9385
COG	35	31	4	0.8857
SAVE	97	93	4	0.9588
MILER	56	52	4	0.9286
TANGI	75	71	4	0.9467
RAPER	36	32	4	0.8889
PAREN	28	24	4	0.8571
CRAN	202	198	4	0.9802
HARM	45	41	4	0.9111
GAST	93	89	4	0.957
NAN	156	152	4	0.9744
RILLE	81	77	4	0.9506
LINK	55	51	4	0.9273
DICE	151	147	4	0.9735
DOPE	138	134	4	0.971
BOAS	89	85	4	0.9551
ARMER	24	20	4	0.8333
GRATIN	21	17	4	0.8095
RIVE	194	190	4	0.9794
MORS	170	166	4	0.9765
LOAN	130	126	4	0.9692
PANT	291	287	4	0.9863
RAYS	64	60	4	0.9375
MOPE	110	106	4	0.9636
ROB	181	177	4	0.9779
SAINE	74	70	4	0.9459
DOER	52	48	4	0.9231
DOTE	467	463	4	0.9914
TEINS	49	45	4	0.9184
ASKER	28	24	4	0.8571
PAINT	57	53	4	0.9298
BAYE	20	16	4	0.8
BRAID	25	21	4	0.84
CORER	32	28	4	0.875
GAN	588	584	4	0.9932
BASTE	151	148	3	0.9801
DERAT	154	151	3	0.9805
STILL	67	64	3	0.9552
HIVER	20	17	3	0.85
LEAM	68	65	3	0.9559
SNARE	94	91	3	0.9681
MOOS	50	47	3	0.94
TOWS	53	50	3	0.9434
ROSES	21	18	3	0.8571
DELT	100	97	3	0.97
NIB	27	24	3	0.8889
DORT	131	128	3	0.9771
HOIS	96	93	3	0.9688
BAE	57	54	3	0.9474
FOR	712	709	3	0.9958
MUTE	110	107	3	0.9727
TITLE	87	84	3	0.9655
FILLE	64	61	3	0.9531
SARI	213	210	3	0.9859
LITH	165	162	3	0.9818
MID	95	92	3	0.9684
GEARE	74	71	3	0.9595
MINT	238	235	3	0.9874
MAINS	24	21	3	0.875
MANG	198	195	3	0.9848
SALTER	59	56	3	0.9492
CRANE	62	59	3	0.9516
ROVE	110	107	3	0.9727
SEER	126	123	3	0.9762
HOAR	121	118	3	0.9752
TOTER	79	76	3	0.962
MOTT	130	127	3	0.9769
CEP	24	21	3	0.875
HAVE	75	72	3	0.96
ROATE	172	169	3	0.9826
HUM	50	47	3	0.94
RAV	387	384	3	0.9922
RELIE	96	93	3	0.9688
TABLE	76	73	3	0.9605
COAST	55	52	3	0.9455
LOWE	84	81	3	0.9643
SNEE	94	91	3	0.9681
LOWER	32	29	3	0.9062
TENDS	25	22	3	0.88
MACE	144	141	3	0.9792
DAE	58	55	3	0.9483
AIMER	37	34	3	0.9189
BEAD	53	50	3	0.9434
LOUSE	61	58	3	0.9508
BORE	220	217	3	0.9864
MEANE	76	73	3	0.9605
DECAN	42	39	3	0.9286
HAIL	127	124	3	0.9764
ROIL	94	91	3	0.9681
MONA	60	57	3	0.95
EASING	107	104	3	0.972
LOVE	86	83	3	0.9651
CAGE	91	88	3	0.967
HILL	100	97	3	0.97
MEER	63	60	3	0.9524
BLIN	45	42	3	0.9333
HAWS	31	28	3	0.9032
SALL	250	247	3	0.988
LEP	55	52	3	0.9455
PHI	27	24	3	0.8889
RATING	65	62	3	0.9538
CUE	71	68	3	0.9577
STAGE	84	81	3	0.9643
RENDS	28	25	3	0.8929
PELL	47	44	3	0.9362
COVE	97	94	3	0.9691
WAKE	27	24	3	0.8889
CARP	63	60	3	0.9524
WON	159	156	3	0.9811
TWIN	53	50	3	0.9434
WOO	212	209	3	0.9858
WOP	21	18	3	0.8571
HOSER	40	37	3	0.925
RICK	47	44	3	0.9362
SOFT	40	37	3	0.925
TRONE	89	86	3	0.9663
LEARS	21	18	3	0.8571
PACER	46	43	3	0.9348
TILER	89	86	3	0.9663
WADE	84	81	3	0.9643
GRIN	57	54	3	0.9474
BILE	102	99	3	0.9706
LOTH	23	20	3	0.8696
RANGE	130	127	3	0.9769
TAD	136	133	3	0.9779
DEI	60	57	3	0.95
PATEN	55	52	3	0.9455
HONES	50	47	3	0.94
FONE	47	44	3	0.9362
TRADE	96	93	3	0.9688
BIND	82	79	3	0.9634
LINN	42	39	3	0.9286
SHIN	234	231	3	0.9872
MOL	804	801	3	0.9963
SABLE	29	26	3	0.8966
BRAIN	27	24	3	0.8889
LARD	76	73	3	0.9605
TITRE	86	83	3	0.9651
TIGER	27	24	3	0.8889
MIC	144	141	3	0.9792
TOLA	129	126	3	0.9767
WARD	55	52	3	0.9455
BATT	168	165	3	0.9821
CHEAT	43	40	3	0.9302
GID	34	31	3	0.9118
SLAT	845	842	3	0.9964
BOS	86	83	3	0.9651
SITH	157	154	3	0.9809
CHANT	50	47	3	0.94
REIST	26	23	3	0.8846
SONNE	82	79	3	0.9634
RETINT	47	44	3	0.9362
DONNE	32	29	3	0.9062
PAW	108	105	3	0.9722
FADE	95	92	3	0.9684
PAIL	57	54	3	0.9474
NAB	71	68	3	0.9577
NEAT	337	334	3	0.9911
TOCK	30	27	3	0.9
TONK	38	35	3	0.9211
REB	172	169	3	0.9826
TOPER	68	65	3	0.9559
RESTER	33	30	3	0.9091
SOARE	147	144	3	0.9796
TROP	91	88	3	0.967
GENE	37	34	3	0.9189
PRATE	167	164	3	0.982
TEAMER	35	32	3	0.9143
PATER	122	119	3	0.9754
FARS	95	92	3	0.9684
GEE	120	117	3	0.975
TORI	65	62	3	0.9538
HIST	60	57	3	0.95
ROBE	55	52	3	0.9455
SARIN	79	76	3	0.962
NEAL	129	126	3	0.9767
GEAR	270	267	3	0.9889
CHINE	36	33	3	0.9167
FAR	1045	1042	3	0.9971
GOON	47	44	3	0.9362
DAINE	33	30	3	0.9091
POSS	81	78	3	0.963
TICH	25	22	3	0.88
BOT	469	466	3	0.9936
RIND	106	103	3	0.9717
HUNT	54	51	3	0.9444
WIS	414	411	3	0.9928
FID	46	43	3	0.9348
SUI	87	84	3	0.9655
DINT	73	70	3	0.9589
CARDI	56	53	3	0.9464
BOI	155	152	3	0.9806
WAGE	37	34	3	0.9189
TOD	124	121	3	0.9758
BOAT	123	120	3	0.9756
POTT	83	80	3	0.9639
LASS	73	70	3	0.9589
TOUT	136	133	3	0.9779
PUS	68	65	3	0.9559
RAILER	35	32	3	0.9143
FEER	33	30	3	0.9091
SOW	168	165	3	0.9821
STEAR	622	619	3	0.9952
BELL	37	34	3	0.9189
RAH	24	21	3	0.875
GAD	153	150	3	0.9804
OILING	28	25	3	0.8929
SAY	93	90	3	0.9677
LAKE	135	132	3	0.9778
SEC	104	101	3	0.9712
SABE	122	119	3	0.9754
KILL	20	17	3	0.85
RISEN	34	31	3	0.9118
TETE	45	42	3	0.9333
LOPES	27	24	3	0.8889
VEST	39	36	3	0.9231
TENDER	29	26	3	0.8966
RESITE	95	92	3	0.9684
RAPPE	21	18	3	0.8571
VIS	104	101	3	0.9712
COUR	154	151	3	0.9805
SENE	61	58	3	0.9508
CLINE	24	21	3	0.875
GINGE	45	42	3	0.9333
SIRI	40	37	3	0.925
DUN	360	357	3	0.9917
GRAN	141	138	3	0.9787
SERR	156	153	3	0.9808
SAGE	120	117	3	0.975
LONGE	55	52	3	0.9455
BENE	40	37	3	0.925
AWE	60	57	3	0.95
CERE	109	106	3	0.9725
FOE	63	60	3	0.9524
FAINE	32	29	3	0.9062
DONE	264	261	3	0.9886
MALT	83	80	3	0.9639
TAKER	54	51	3	0.9444
TAK	301	298	3	0.99
KIP	21	18	3	0.8571
SNORE	64	61	3	0.9531
TORTE	79	76	3	0.962
PALL	92	89	3	0.9674
FILL	111	108	3	0.973
SHAPE	65	62	3	0.9538
LOCATE	24	21	3	0.875
LASER	96	93	3	0.9688
CORSE	133	130	3	0.9774
DERATE	30	27	3	0.9
TALK	25	22	3	0.88
MORAL	50	47	3	0.94
SUN	162	159	3	0.9815
PAND	72	69	3	0.9583
GATH	38	35	3	0.9211
TACK	57	54	3	0.9474
RACH	115	112	3	0.9739
COSTA	77	74	3	0.961
PASS	79	76	3	0.962
BONE	248	245	3	0.9879
TUNER	25	22	3	0.88
LIB	36	33	3	0.9167
TIK	120	117	3	0.975
DOTER	83	80	3	0.9639
SIGN	61	58	3	0.9508
ALATE	44	41	3	0.9318
NOIL	63	60	3	0.9524
DOO	464	461	3	0.9935
BASIN	25	22	3	0.88
CRONE	31	28	3	0.9032
CASE	175	172	3	0.9829
STEEL	45	42	3	0.9333
SURE	204	201	3	0.9853
RETINE	85	82	3	0.9647
REALES	38	35	3	0.9211
REAME	92	89	3	0.9674
LANG	61	58	3	0.9508
TIMED	25	22	3	0.88
TAMER	73	70	3	0.9589
SADE	49	46	3	0.9388
ABLET	32	29	3	0.9062
DECK	21	18	3	0.8571
MONIE	40	38	2	0.95
SOUR	106	104	2	0.9811
BERE	83	81	2	0.9759
BEER	45	43	2	0.9556
SCATH	21	19	2	0.9048
CATTIE	27	25	2	0.9259
LOOSE	69	67	2	0.971
TOPES	20	18	2	0.9
MASS	91	89	2	0.978
SEED	56	54	2	0.9643
MOU	316	314	2	0.9937
MAC	417	415	2	0.9952
BLEAT	28	26	2	0.9286
HELE	33	31	2	0.9394
RUM	123	121	2	0.9837
SOM	210	208	2	0.9905
STOOP	37	35	2	0.9459
PEC	48	46	2	0.9583
POA	41	39	2	0.9512
TOOT	131	129	2	0.9847
CHAR	497	495	2	0.996
CHAS	207	205	2	0.9903
RUNT	71	69	2	0.9718
POINTE	21	19	2	0.9048
RAIDER	24	22	2	0.9167
MINTER	30	28	2	0.9333
POSER	32	30	2	0.9375
COTT	106	104	2	0.9811
ANIL	23	21	2	0.913
CLONE	37	35	2	0.9459
WAITE	77	75	2	0.974
CURE	172	170	2	0.9884
REAP	110	108	2	0.9818
RUSH	40	38	2	0.95
PINT	94	92	2	0.9787
RANTER	31	29	2	0.9355
TASSE	35	33	2	0.9429
RECIT	39	37	2	0.9487
KOR	31	29	2	0.9355
PULE	34	32	2	0.9412
BELT	45	43	2	0.9556
PELE	32	30	2	0.9375
DOWS	38	36	2	0.9474
ETHER	52	50	2	0.9615
HAVER	23	21	2	0.913
STAB	59	57	2	0.9661
TASS	166	164	2	0.988
SLANT	71	69	2	0.9718
DEF	60	58	2	0.9667
ROOM	100	98	2	0.98
TOON	105	103	2	0.981
GOLE	42	40	2	0.9524
GOD	42	40	2	0.9524
HINTER	33	31	2	0.9394
RAVIN	36	34	2	0.9444
PRONE	48	46	2	0.9583
LUTER	32	30	2	0.9375
COON	38	36	2	0.9474
WILL	37	35	2	0.9459
TEC	126	124	2	0.9841
STENT	43	41	2	0.9535
SOOP	23	21	2	0.913
RAGER	25	23	2	0.92
TAU	152	150	2	0.9868
LOTA	25	23	2	0.92
PLAST	34	32	2	0.9412
TACH	89	87	2	0.9775
WAIS	42	40	2	0.9524
DERN	73	71	2	0.9726
FRO	125	123	2	0.984
LONER	76	74	2	0.9737
NETE	33	31	2	0.9394
NETTER	35	33	2	0.9429
SMILE	58	56	2	0.9655
STILE	165	163	2	0.9879
SCATT	38	36	2	0.9474
PARR	58	56	2	0.9655
PRINT	36	34	2	0.9444
HANK	43	41	2	0.9535
NAPE	67	65	2	0.9701
SHOO	137	135	2	0.9854
YEA	132	130	2	0.9848
RETAIL	67	65	2	0.9701
FANE	52	50	2	0.9615
LOUR	100	98	2	0.98
CONTE	46	44	2	0.9565
LANNER	24	22	2	0.9167
GIP	23	21	2	0.913
POL	656	654	2	0.997
TREND	33	31	2	0.9394
LAVER	34	32	2	0.9412
FAIL	42	40	2	0.9524
SEIL	38	36	2	0.9474
CAP	493	491	2	0.9959
TAMP	54	52	2	0.963
EYE	66	64	2	0.9697
ALINER	55	53	2	0.9636
BITER	47	45	2	0.9574
ROWER	21	19	2	0.9048
TRIAL	48	46	2	0.9583
TRUE	51	49	2	0.9608
STINT	72	70	2	0.9722
LASHER	21	19	2	0.9048
SHEA	282	280	2	0.9929
COO	678	676	2	0.9971
TEAMS	34	32	2	0.9412
NAPPE	23	21	2	0.913
SOIL	106	104	2	0.9811
SLOP	64	62	2	0.9688
LOOTER	21	19	2	0.9048
RANCE	29	27	2	0.931
TOY	111	109	2	0.982
MOOL	46	44	2	0.9565
NOOK	24	22	2	0.9167
MUS	391	389	2	0.9949
SAE	27	25	2	0.9259
NODE	108	106	2	0.9815
HOB	20	18	2	0.9
COPER	22	20	2	0.9091
RESIN	132	130	2	0.9848
HINT	215	213	2	0.9907
TEARER	20	18	2	0.9
TONING	25	23	2	0.92
STONER	47	45	2	0.9574
BAD	144	142	2	0.9861
QUINT	24	22	2	0.9167
QUIN	60	58	2	0.9667
NATION	22	20	2	0.9091
STRIP	35	33	2	0.9429
HOOTER	22	20	2	0.9091
HETE	22	20	2	0.9091
RENO	90	88	2	0.9778
HEARE	136	134	2	0.9853
RUIN	32	30	2	0.9375
WART	128	126	2	0.9844
STAIR	98	96	2	0.9796
EWE	38	36	2	0.9474
TASH	110	108	2	0.9818
PIR	90	88	2	0.9778
PIET	104	102	2	0.9808
PURI	27	25	2	0.9259
SAV	233	231	2	0.9914
CIDER	37	35	2	0.9459
WIDE	134	132	2	0.9851
REAK	27	25	2	0.9259
STAKE	51	49	2	0.9608
WIND	70	68	2	0.9714
TOKER	23	21	2	0.913
LEV	115	113	2	0.9826
LUNE	52	50	2	0.9615
HOVE	55	53	2	0.9636
SHOT	166	164	2	0.988
COTE	181	179	2	0.989
COPE	148	146	2	0.9865
SWAT	74	72	2	0.973
COLON	23	21	2	0.913
MINGE	67	65	2	0.9701
TWA	62	60	2	0.9677
MEAL	178	176	2	0.9888
NEVE	20	18	2	0.9
CRAM	60	58	2	0.9667
SLIM	63	61	2	0.9683
SHOTT	36	34	2	0.9444
CUM	27	25	2	0.9259
VOTE	72	70	2	0.9722
PARK	20	18	2	0.9
ARISE	49	47	2	0.9592
TOSE	279	277	2	0.9928
WANG	28	26	2	0.9286
BODE	39	37	2	0.9487
DONER	81	79	2	0.9753
DELE	54	52	2	0.963
GORA	22	20	2	0.9091
TOME	98	96	2	0.9796
SANTO	27	25	2	0.9259
ALINES	43	41	2	0.9535
TUNE	261	259	2	0.9923
VAT	73	71	2	0.9726
TICK	59	57	2	0.9661
MEED	27	25	2	0.9259
NEW	69	67	2	0.971
SERRE	34	32	2	0.9412
MADE	21	19	2	0.9048
OPT	72	70	2	0.9722
VAN	127	125	2	0.9843
LOIN	47	45	2	0.9574
WORD	39	37	2	0.9487
RAKE	133	131	2	0.985
SUD	34	32	2	0.9412
PLIE	89	87	2	0.9775
HOAS	36	34	2	0.9444
SANDER	27	25	2	0.9259
LEAST	50	48	2	0.96
ZIN	59	57	2	0.9661
FERE	56	54	2	0.9643
DERO	32	30	2	0.9375
POTE	132	130	2	0.9848
SMIT	123	121	2	0.9837
SKIT	35	33	2	0.9429
CANTER	49	47	2	0.9592
CHIT	50	48	2	0.96
MAP	65	63	2	0.9692
MATES	24	22	2	0.9167
TORR	46	44	2	0.9565
BUTTE	32	30	2	0.9375
HEED	41	39	2	0.9512
NYE	20	18	2	0.9
SURES	31	29	2	0.9355
MOAT	77	75	2	0.974
PLAY	22	20	2	0.9091
FEAST	26	24	2	0.9231
SLAY	25	23	2	0.92
WAND	41	39	2	0.9512
EASEL	53	51	2	0.9623
LATEN	150	148	2	0.9867
ROMA	55	53	2	0.9636
PILL	75	73	2	0.9733
MERE	132	130	2	0.9848
ROTON	22	20	2	0.9091
SORA	58	56	2	0.9655
SONE	121	119	2	0.9835
STARER	28	26	2	0.9286
BEAN	61	59	2	0.9672
POUT	81	79	2	0.9753
DONA	25	23	2	0.92
LAGER	21	19	2	0.9048
PORIN	21	19	2	0.9048
DEG	21	19	2	0.9048
BUST	65	63	2	0.9692
GAINER	27	25	2	0.9259
SNIT	51	49	2	0.9608
MATTE	177	175	2	0.9887
RANDIE	33	31	2	0.9394
MOD	343	341	2	0.9942
LIVE	187	185	2	0.9893
ROPER	33	31	2	0.9394
LINTS	28	26	2	0.9286
REFI	63	61	2	0.9683
PURSE	30	28	2	0.9333
SHIRE	61	59	2	0.9672
PURS	70	68	2	0.9714
GLARE	20	18	2	0.9
SLANG	23	21	2	0.913
CETE	40	38	2	0.95
MISS	71	69	2	0.9718
GEAT	47	45	2	0.9574
RUDES	22	20	2	0.9091
STIPE	25	23	2	0.92
DANG	101	99	2	0.9802
RAWN	26	24	2	0.9231
MAIL	323	321	2	0.9938
REO	25	23	2	0.92
CARR	38	36	2	0.9474
TROD	127	125	2	0.9843
DEME	36	34	2	0.9444
BRAS	75	73	2	0.9733
SORN	69	67	2	0.971
MOOR	46	44	2	0.9565
BREE	77	75	2	0.974
GOER	35	33	2	0.9429
TRODE	46	44	2	0.9565
SCALE	60	58	2	0.9667
FITT	83	81	2	0.9759
TOSS	80	78	2	0.975
BARES	55	53	2	0.9636
LISTER	33	31	2	0.9394
DOC	86	84	2	0.9767
TOLL	167	165	2	0.988
TOC	91	89	2	0.978
RECANT	41	39	2	0.9512
DIP	54	52	2	0.963
LOAD	85	83	2	0.9765
BANT	120	118	2	0.9833
BITTE	46	44	2	0.9565
SINGER	20	18	2	0.9
HOUSE	67	65	2	0.9701
TETH	23	21	2	0.913
MINI	30	28	2	0.9333
TIGE	118	116	2	0.9831
RATA	97	95	2	0.9794
PALI	49	47	2	0.9592
MAIR	67	65	2	0.9701
FAST	179	177	2	0.9888
BASSE	37	35	2	0.9459
LOTTER	33	31	2	0.9394
LITTER	69	67	2	0.971
LODE	98	96	2	0.9796
PEERS	21	19	2	0.9048
HEP	30	28	2	0.9333
RANI	64	62	2	0.9688
TIMER	51	49	2	0.9608
MAG	189	187	2	0.9894
DENTIN	22	20	2	0.9091
DELATE	38	36	2	0.9474
SPET	22	20	2	0.9091
MOLL	64	62	2	0.9688
MARC	24	22	2	0.9167
ELATER	41	39	2	0.9512
SITHE	63	61	2	0.9683
WANE	86	84	2	0.9767
PANG	48	46	2	0.9583
LININ	24	22	2	0.9167
PULS	24	22	2	0.9167
BOUT	24	22	2	0.9167
GONER	32	30	2	0.9375
BOOS	68	66	2	0.9706
SICE	57	55	2	0.9649
DETAIN	50	48	2	0.96
POISE	49	47	2	0.9592
DATER	152	150	2	0.9868
GUS	61	59	2	0.9672
TERM	22	20	2	0.9091
MOSH	27	25	2	0.9259
STEAM	82	80	2	0.9756
TEIL	76	74	2	0.9737
HERN	28	26	2	0.9286
REDON	35	33	2	0.9429
PRE	360	358	2	0.9944
AIRING	37	35	2	0.9459
SANG	106	104	2	0.9811
GADE	29	27	2	0.931
STALE	368	366	2	0.9946
TESTER	40	38	2	0.95
SAB	358	356	2	0.9944
RONTE	56	54	2	0.9643
LOCK	37	35	2	0.9459
COOP	50	48	2	0.96
MAD	231	229	2	0.9913
MASH	72	70	2	0.9722
REMINT	23	21	2	0.913
PUT	123	121	2	0.9837
MAW	45	43	2	0.9556
PEEN	32	30	2	0.9375
CANNER	20	18	2	0.9
DOME	74	72	2	0.973
PROS	139	137	2	0.9856
FARE	191	189	2	0.9895
TONG	159	157	2	0.9874
GOR	545	543	2	0.9963
TAWER	21	19	2	0.9048
AGO	20	18	2	0.9
LAND	392	390	2	0.9949
CIRE	98	96	2	0.9796
GAM	370	368	2	0.9946
GAIN	175	173	2	0.9886
NAILER	30	28	2	0.9333
DUE	212	210	2	0.9906
PELT	72	70	2	0.9722
SOAR	377	375	2	0.9947
GANT	82	80	2	0.9756
FEAR	189	188	1	0.9947
SCAPE	23	22	1	0.9565
FETT	46	45	1	0.9783
BOUN	30	29	1	0.9667
BORN	39	38	1	0.9744
LADEN	28	27	1	0.9643
TAINT	39	38	1	0.9744
RATION	41	40	1	0.9756
MILL	188	187	1	0.9947
CUD	30	29	1	0.9667
GALL	52	51	1	0.9808
MEET	55	54	1	0.9818
EASTER	62	61	1	0.9839
CRATE	194	193	1	0.9948
MOM	52	51	1	0.9808
ROKE	52	51	1	0.9808
RESID	93	92	1	0.9892
FEAL	35	34	1	0.9714
DEV	52	51	1	0.9808
WEND	22	21	1	0.9545
SPEER	22	21	1	0.9545
STEIN	54	53	1	0.9815
THEE	36	35	1	0.9722
DOSER	47	46	1	0.9787
LIND	61	60	1	0.9836
DORR	24	23	1	0.9583
DIRE	57	56	1	0.9825
SPEAR	41	40	1	0.9756
TOWER	46	45	1	0.9783
STERE	59	58	1	0.9831
BREN	43	42	1	0.9767
BOLT	40	39	1	0.975
LEFT	49	48	1	0.9796
ROAR	83	82	1	0.988
EDGE	48	47	1	0.9792
POOLER	21	20	1	0.9524
FRAP	23	22	1	0.9565
ROUTER	20	19	1	0.95
WITH	97	96	1	0.9897
STABLE	21	20	1	0.9524
DOPER	21	20	1	0.9524
DRAT	28	27	1	0.9643
TONIES	60	59	1	0.9833
CASH	44	43	1	0.9773
RAZE	25	24	1	0.96
REDIA	46	45	1	0.9783
MOPER	20	19	1	0.95
DIEL	59	58	1	0.9831
SPIRE	76	75	1	0.9868
BOAR	71	70	1	0.9859
BORA	74	73	1	0.9865
HOKE	25	24	1	0.96
SHAW	24	23	1	0.9583
DORSA	25	24	1	0.96
STOUR	28	27	1	0.9643
TRAINED	20	19	1	0.95
STOP	137	136	1	0.9927
TELLIN	24	23	1	0.9583
WEAN	47	46	1	0.9787
BETE	28	27	1	0.9643
STEAD	28	27	1	0.9643
HORA	36	35	1	0.9722
COUP	38	37	1	0.9737
PETER	21	20	1	0.9524
STOA	75	74	1	0.9867
MACH	69	68	1	0.9855
DRAW	21	20	1	0.9524
CURR	25	24	1	0.96
HAKE	23	22	1	0.9565
SHITE	54	53	1	0.9815
TRITE	53	52	1	0.9811
CORD	55	54	1	0.9818
TOIT	31	30	1	0.9677
BOTTE	25	24	1	0.96
NOSER	38	37	1	0.9737
REEK	21	20	1	0.9524
LAMP	26	25	1	0.9615
HOMER	25	24	1	0.96
PILER	29	28	1	0.9655
HIC	25	24	1	0.96
RAFT	88	87	1	0.9886
COATER	20	19	1	0.95
DORM	26	25	1	0.9615
RYE	35	34	1	0.9714
LEG	44	43	1	0.9773
LEIR	23	22	1	0.9565
SNAIL	21	20	1	0.9524
CARNIE	26	25	1	0.9615
WITHE	50	49	1	0.98
LOUT	65	64	1	0.9846
PEW	21	20	1	0.9524
MULL	59	58	1	0.9831
DEARES	38	37	1	0.9737
TENNER	25	24	1	0.96
FON	296	295	1	0.9966
APP	24	23	1	0.9583
CHID	51	50	1	0.9804
BIST	29	28	1	0.9655
WINN	33	32	1	0.9697
SLIDE	74	73	1	0.9865
LICK	22	21	1	0.9545
BALER	22	21	1	0.9545
GASH	22	21	1	0.9545
BUTT	72	71	1	0.9861
SPATE	29	28	1	0.9655
VENT	36	35	1	0.9722
WENT	44	43	1	0.9773
MOILE	39	38	1	0.9744
PUD	28	27	1	0.9643
HUE	99	98	1	0.9899
RESALE	27	26	1	0.963
GRIP	28	27	1	0.9643
RAMI	100	99	1	0.99
SORD	40	39	1	0.975
HEAST	106	105	1	0.9906
RIFT	47	46	1	0.9787
HOST	138	137	1	0.9928
GEM	28	27	1	0.9643
FOSS	24	23	1	0.9583
MOTH	45	44	1	0.9778
LIVER	23	22	1	0.9565
ROLL	128	127	1	0.9922
ARETE	42	41	1	0.9762
CLAT	49	48	1	0.9796
RETINA	72	71	1	0.9861
RUSE	48	47	1	0.9792
DEARN	43	42	1	0.9767
FANG	33	32	1	0.9697
BINE	107	106	1	0.9907
STONES	21	20	1	0.9524
BONER	39	38	1	0.9744
SAVIN	22	21	1	0.9545
ROUP	22	21	1	0.9545
CLAD	23	22	1	0.9565
GAU	59	58	1	0.9831
PITTER	28	27	1	0.9643
GOOS	33	32	1	0.9697
MUTT	21	20	1	0.9524
DINGER	21	20	1	0.9524
FAG	23	22	1	0.9565
MORNE	45	44	1	0.9778
GIF	26	25	1	0.9615
FEND	59	58	1	0.9831
MIG	33	32	1	0.9697
FORE	170	169	1	0.9941
ZIT	22	21	1	0.9545
PENI	28	27	1	0.9643
COAL	68	67	1	0.9853
RAUN	23	22	1	0.9565
LEASER	21	20	1	0.9524
STRIDE	20	19	1	0.95
HASH	36	35	1	0.9722
TORO	36	35	1	0.9722
FART	106	105	1	0.9906
ROSET	39	38	1	0.9744
SIFT	49	48	1	0.9796
NONE	68	67	1	0.9853
MANO	61	60	1	0.9836
SAW	155	154	1	0.9935
HERD	41	40	1	0.9756
CLOSE	33	32	1	0.9697
BRINE	36	35	1	0.9722
COL	1054	1053	1	0.9991
GAPE	63	62	1	0.9841
LINGER	41	40	1	0.9756
SEEL	59	58	1	0.9831
BARD	86	85	1	0.9884
BIDE	114	113	1	0.9912
MASER	25	24	1	0.96
TARA	41	40	1	0.9756
FASTI	20	19	1	0.95
NICK	45	44	1	0.9778
SHAN	67	66	1	0.9851
MARRI	21	20	1	0.9524
CAIN	61	60	1	0.9836
CRINE	56	55	1	0.9821
SIGH	37	36	1	0.973
OUSTER	27	26	1	0.963
CHAT	72	71	1	0.9861
TULE	23	22	1	0.9565
MEARE	78	77	1	0.9872
DURE	95	94	1	0.9895
GRANT	24	23	1	0.9583
GINN	23	22	1	0.9565
TREEN	43	42	1	0.9767
WAR	1049	1048	1	0.999
BOTE	61	60	1	0.9836
SAUTE	29	28	1	0.9655
BUTE	23	22	1	0.9565
TINGLE	28	27	1	0.9643
SOUL	34	33	1	0.9706
LENDER	24	23	1	0.9583
LAYER	38	37	1	0.9737
PARD	43	42	1	0.9767
CARVE	24	23	1	0.9583
RATO	22	21	1	0.9545
DICER	24	23	1	0.9583
HINDER	28	27	1	0.9643
WASH	41	40	1	0.9756
WELT	29	28	1	0.9655
ROOSE	56	55	1	0.9821
TEARING	22	21	1	0.9545
TRILL	23	22	1	0.9565
ROUL	56	55	1	0.9821
RANGI	28	27	1	0.9643
LAIR	170	169	1	0.9941
TENSE	120	119	1	0.9917
PENE	56	55	1	0.9821
RATHE	24	23	1	0.9583
STEER	96	95	1	0.9896
SELE	40	39	1	0.975
RARES	82	81	1	0.9878
MARG	43	42	1	0.9767
CONNE	47	46	1	0.9787
PREE	66	65	1	0.9848
PREST	30	29	1	0.9667
LIAR	62	61	1	0.9839
TRAINER	28	27	1	0.9643
TRAT	78	77	1	0.9872
PLANE	63	62	1	0.9841
RAGI	29	28	1	0.9655
STEANE	51	50	1	0.9804
DAY	24	23	1	0.9583
NEP	33	32	1	0.9697
MORSE	38	37	1	0.9737
TRET	23	22	1	0.9565
NICE	93	92	1	0.9892
RASER	46	45	1	0.9783
TAIT	102	101	1	0.9902
POM	91	90	1	0.989
SPORE	58	57	1	0.9828
SETTER	41	40	1	0.9756
DORS	277	276	1	0.9964
RULE	86	85	1	0.9884
BEAM	48	47	1	0.9792
AXE	28	27	1	0.9643
DEARE	216	215	1	0.9954
SHORT	47	46	1	0.9787
SHORE	105	104	1	0.9905
STOLE	63	62	1	0.9841
MAGE	49	48	1	0.9796
TANK	59	58	1	0.9831
REDATE	30	29	1	0.9667
BUR	193	192	1	0.9948
PALET	46	45	1	0.9783
REMIT	55	54	1	0.9818
DELI	78	77	1	0.9872
TEADE	40	39	1	0.975
HIND	112	111	1	0.9911
REAVE	23	22	1	0.9565
NAY	36	35	1	0.9722
CAPER	44	43	1	0.9773
DINER	131	130	1	0.9924
FAIR	70	69	1	0.9857
HEASTE	20	19	1	0.95
TRAM	58	57	1	0.9828
DONG	28	27	1	0.9643
DUNE	52	51	1	0.9808
SAKE	63	62	1	0.9841
DEAD	29	28	1	0.9655
MARL	75	74	1	0.9867
BRIT	55	54	1	0.9818
NOISE	25	24	1	0.96
SIP	166	165	1	0.994
RELET	44	43	1	0.9773
STORE	262	261	1	0.9962
TROT	35	34	1	0.9714
RUB	57	56	1	0.9825
MOLE	137	136	1	0.9927
CADI	25	24	1	0.96
DOG	77	76	1	0.987
SNIP	40	39	1	0.975
WORT	23	22	1	0.9565
SEAS	152	151	1	0.9934
COSE	230	229	1	0.9957
SEASE	24	23	1	0.9583
SENA	36	35	1	0.9722
CAF	67	66	1	0.9851
PILI	21	20	1	0.9524
FAD	205	204	1	0.9951
MAID	36	35	1	0.9722
BASS	90	89	1	0.9889
CHASE	67	66	1	0.9851
SLEE	127	126	1	0.9921
VEE	71	70	1	0.9859
TINK	61	60	1	0.9836
TRIER	36	35	1	0.9722
RUDE	88	87	1	0.9886
LARN	75	74	1	0.9867
BRU	82	81	1	0.9878
SOC	99	98	1	0.9899
FRA	284	283	1	0.9965
MOC	82	81	1	0.9878
HATTER	47	46	1	0.9787
CAME	76	75	1	0.9868
TIKE	33	32	1	0.9697
SAME	79	78	1	0.9873
SOMA	22	21	1	0.9545
MOSE	128	127	1	0.9922
TARO	109	108	1	0.9908
LAMES	43	42	1	0.9767
PALES	47	46	1	0.9787
BRIE	36	35	1	0.9722
LACK	55	54	1	0.9818
BON	679	678	1	0.9985
SLIT	87	86	1	0.9885
SAINT	36	35	1	0.9722
ELM	23	22	1	0.9565
HEART	125	124	1	0.992
HALTER	32	31	1	0.9688
LOSER	52	51	1	0.9808
LATTEN	20	19	1	0.95
DUST	45	44	1	0.9778
ROAST	88	87	1	0.9886
MELT	65	64	1	0.9846
STEEN	48	47	1	0.9792
SKAT	32	31	1	0.9688
SKA	65	64	1	0.9846
LORD	35	34	1	0.9714
NOLL	30	29	1	0.9667
ROTA	196	195	1	0.9949
TALA	32	31	1	0.9688
TORA	168	167	1	0.994
SEW	102	101	1	0.9902
SIG	182	181	1	0.9945
DIET	189	188	1	0.9947
ROCK	37	36	1	0.973
MOST	116	115	1	0.9914
HOM	375	374	1	0.9973
RESILE	48	47	1	0.9792
HOC	44	43	1	0.9773
POOR	30	29	1	0.9667
MASTER	39	38	1	0.9744
SIKE	45	44	1	0.9778
LOUN	60	59	1	0.9833
SHALE	59	58	1	0.9831
CIDE	185	184	1	0.9946
SANES	36	35	1	0.9722
RUDD	22	21	1	0.9545
LANK	38	37	1	0.9737
TITHE	55	54	1	0.9818
MOAN	77	76	1	0.987
DIME	163	162	1	0.9939
HERSE	32	31	1	0.9688
STANE	132	131	1	0.9924
MISER	30	29	1	0.9667
SIK	117	116	1	0.9915
TRACK	24	23	1	0.9583
PONT	67	66	1	0.9851
BRIS	31	30	1	0.9677
CREATE	28	27	1	0.9643
TAO	43	42	1	0.9767
RATTLE	29	28	1	0.9655
PLEA	97	96	1	0.9897
RHO	32	31	1	0.9688
MANA	40	39	1	0.975
BLARE	42	41	1	0.9762
BILL	50	49	1	0.98
COKE	31	30	1	0.9677
STAND	72	71	1	0.9861
POP	71	70	1	0.9859
TAKI	35	34	1	0.9714
POPE	20	19	1	0.95
CRAP	61	60	1	0.9836
ROID	42	41	1	0.9762
STUN	64	63	1	0.9844
ROAM	61	60	1	0.9836
WANT	145	144	1	0.9931
MITRE	69	68	1	0.9855
LOURE	32	31	1	0.9688
MITT	28	27	1	0.9643
COLD	43	42	1	0.9767
TECH	29	28	1	0.9655
STAP	73	72	1	0.9863
SLIP	35	34	1	0.9714
PIPE	51	50	1	0.9804
GOAT	56	55	1	0.9821
LEME	23	22	1	0.9565
HELL	55	54	1	0.9818
SIND	49	48	1	0.9796
SIPE	36	35	1	0.9722
CODE	254	253	1	0.9961
VIRE	36	35	1	0.9722
SPINE	57	56	1	0.9825
NUR	87	86	1	0.9885
TRAPS	59	58	1	0.9831
SOUT	133	132	1	0.9925
GEAN	40	39	1	0.975
COME	104	103	1	0.9904
BRAT	46	45	1	0.9783
SPOT	45	44	1	0.9778
TRAPE	57	56	1	0.9825
GAIT	58	57	1	0.9828
LEARN	62	61	1	0.9839
SWAN	20	19	1	0.95
RANK	69	68	1	0.9855
DEEN	58	57	1	0.9828
PEARE	59	58	1	0.9831
FRAT	61	60	1	0.9836
RASTER	52	51	1	0.9808
STENO	25	24	1	0.96
STARR	56	55	1	0.9821
HASTEN	32	31	1	0.9688
GRIS	32	31	1	0.9688
FINER	43	42	1	0.9767
VAIL	21	20	1	0.9524
SCOT	30	29	1	0.9667
SLATER	44	43	1	0.9773
SALLE	98	97	1	0.9898
SALLET	22	21	1	0.9545
SALET	44	43	1	0.9773
TACE	64	63	1	0.9844
SENTE	45	44	1	0.9778
LONG	129	128	1	0.9922
TUNG	29	28	1	0.9655
THIN	102	101	1	0.9902
MURE	55	54	1	0.9818
TOOLER	20	19	1	0.95
THO	67	66	1	0.9851
DATING	29	28	1	0.9655
BANE	118	117	1	0.9915
TARGE	35	34	1	0.9714
HISS	35	34	1	0.9714
COOS	28	27	1	0.9643
TUP	21	20	1	0.9524
PLANT	39	38	1	0.9744
SOP	24	23	1	0.9583
WASE	20	19	1	0.95
VAR	152	151	1	0.9934
DIVER	23	22	1	0.9565
VARE	39	38	1	0.9744
SAUT	87	86	1	0.9885
HUG	40	39	1	0.975
GUL	102	101	1	0.9902
HEIL	25	24	1	0.96
LUG	56	55	1	0.9821
LOY	33	32	1	0.9697
STEARE	130	129	1	0.9923
METER	29	28	1	0.9655
POW	52	51	1	0.9808
GILL	71	70	1	0.9859
LATHER	52	51	1	0.9808
TRAIL	60	59	1	0.9833
SPART	21	20	1	0.9524
BEAL	60	59	1	0.9833
NAVE	43	42	1	0.9767
DIG	57	56	1	0.9825
NAV	103	102	1	0.9903
CAVE	65	64	1	0.9846
CAW	41	40	1	0.9756
SAP	52	51	1	0.9808
RAISER	26	25	1	0.9615
OUTING	38	37	1	0.9737
LIFT	39	38	1	0.9744
PATH	34	33	1	0.9706
BENT	54	53	1	0.9815
DALE	141	140	1	0.9929
STEAL	316	315	1	0.9968
MEAN	259	258	1	0.9961
DOATER	20	19	1	0.95
STEM	63	62	1	0.9841
MAM	22	21	1	0.9545
VOE	34	33	1	0.9706
WAIL	79	78	1	0.9873
PANTER	24	23	1	0.9583
BAKE	58	57	1	0.9828
PIP	115	114	1	0.9913
BOAST	39	38	1	0.9744
LINTER	51	50	1	0.9804
BEAT	176	175	1	0.9943
TOOTER	20	19	1	0.95
TOG	158	157	1	0.9937
QUA	154	154	0	1
BOON	21	21	0	1
MELL	41	41	0	1
LARI	29	29	0	1
FORES	53	53	0	1
STAW	30	30	0	1
WORSE	103	103	0	1
CLIP	21	21	0	1
QUAT	46	46	0	1
DEALER	28	28	0	1
CERT	40	40	0	1
YEAR	37	37	0	1
PURE	126	126	0	1
DUNG	31	31	0	1
SARD	44	44	0	1
HANDER	24	24	0	1
LENSE	36	36	0	1
RETIRE	30	30	0	1
SOLATE	27	27	0	1
COSH	34	34	0	1
DIKE	31	31	0	1
RUME	25	25	0	1
PROSE	45	45	0	1
WOOL	28	28	0	1
TREAD	26	26	0	1
BAM	28	28	0	1
SEEM	27	27	0	1
CRUS	34	34	0	1
BLIT	22	22	0	1
GORI	25	25	0	1
SHIRT	21	21	0	1
RUC	43	43	0	1
STEW	29	29	0	1
TENTER	34	34	0	1
GRIT	34	34	0	1
SEALER	27	27	0	1
RELINE	51	51	0	1
FARD	23	23	0	1
FIG	23	23	0	1
NINER	46	46	0	1
STARNIE	20	20	0	1
LIKE	108	108	0	1
WHO	64	64	0	1
GUN	54	54	0	1
SAU	271	271	0	1
GREAT	24	24	0	1
CORSET	27	27	0	1
PUNT	36	36	0	1
LEDE	20	20	0	1
MOSS	33	33	0	1
SURA	23	23	0	1
SINK	28	28	0	1
MEIN	33	33	0	1
CLOT	38	38	0	1
PAPE	68	68	0	1
MOVE	48	48	0	1
PAP	124	124	0	1
BOW	83	83	0	1
TIAN	42	42	0	1
MAISE	21	21	0	1
MOY	22	22	0	1
CODER	34	34	0	1
SIZE	20	20	0	1
COY	37	37	0	1
GLIT	25	25	0	1
MOIL	80	80	0	1
COURE	26	26	0	1
ASTONE	40	40	0	1
SPIN	169	169	0	1
MORAT	33	33	0	1
TOILER	26	26	0	1
DAW	77	77	0	1
DITT	50	50	0	1
POIS	92	92	0	1
STOW	50	50	0	1
DUET	24	24	0	1
CELL	61	61	0	1
BUS	211	211	0	1
VOL	85	85	0	1
DEB	60	60	0	1
SCUT	36	36	0	1
DUEL	21	21	0	1
DARRE	37	37	0	1
FULL	24	24	0	1
MEASE	35	35	0	1
WAIR	31	31	0	1
CANOE	29	29	0	1
BOO	465	465	0	1
STRINE	28	28	0	1
TROU	38	38	0	1
WHIN	46	46	0	1
CAKE	33	33	0	1
WHINE	20	20	0	1
LUNG	58	58	0	1
TANGIE	35	35	0	1
DEMO	46	46	0	1
GAMER	22	22	0	1
SAFE	54	54	0	1
COLT	77	77	0	1
MORA	247	247	0	1
FAVE	27	27	0	1
DAB	28	28	0	1
HOWL	23	23	0	1
CRON	98	98	0	1
SCOP	27	27	0	1
SABER	25	25	0	1
SONG	22	22	0	1
BAG	34	34	0	1
HOOD	25	25	0	1
LUD	67	67	0	1
GOAL	25	25	0	1
BIKE	22	22	0	1
STILT	33	33	0	1
RIOT	58	58	0	1
DEAN	199	199	0	1
FAME	35	35	0	1
DULL	27	27	0	1
TOTAL	22	22	0	1
CANTO	32	32	0	1
TILDE	27	27	0	1
SLAVE	30	30	0	1
SOLER	40	40	0	1
ROIST	24	24	0	1
GRAIL	26	26	0	1
RENTAL	21	21	0	1
LUGE	23	23	0	1
CAY	26	26	0	1
POO	614	614	0	1
GAG	55	55	0	1
POLER	20	20	0	1
TEG	36	36	0	1
TOUTER	21	21	0	1
FOUL	32	32	0	1
SPOD	22	22	0	1
SOLO	35	35	0	1
SALINE	28	28	0	1
FAKE	20	20	0	1
POLT	24	24	0	1
CRIS	26	26	0	1
POSSE	33	33	0	1
DICK	21	21	0	1
GART	28	28	0	1
ROOT	221	221	0	1
SUITE	21	21	0	1
SEV	56	56	0	1
NACH	34	34	0	1
FALL	31	31	0	1
BOIL	65	65	0	1
GRID	31	31	0	1
CURL	24	24	0	1
SILT	73	73	0	1
VANE	32	32	0	1
GEAL	49	49	0	1
COOL	68	68	0	1
FELL	37	37	0	1
PHO	128	128	0	1
RIPP	21	21	0	1
BULL	27	27	0	1
GRAM	44	44	0	1
BLAM	35	35	0	1
DOOL	73	73	0	1
SMART	20	20	0	1
BOK	27	27	0	1
FEAT	93	93	0	1
HOY	22	22	0	1
STAINER	30	30	0	1
SINTER	53	53	0	1
WHIT	67	67	0	1
MELD	22	22	0	1
GAGE	25	25	0	1
WHA	91	91	0	1
VALE	43	43	0	1
COND	45	45	0	1
BARK	24	24	0	1
DYE	30	30	0	1
VIA	31	31	0	1
FLEE	27	27	0	1
DEP	130	130	0	1
BOLD	21	21	0	1
RONDE	23	23	0	1
FUND	39	39	0	1
SOUND	29	29	0	1
SUM	44	44	0	1
RATCH	27	27	0	1
GRAIN	37	37	0	1
HARL	23	23	0	1
LAWN	20	20	0	1
PLOT	25	25	0	1
WISH	33	33	0	1
DOWN	21	21	0	1
BOOK	23	23	0	1
BLUE	20	20	0	1
BOSS	20	20	0	1
LOCH	34	34	0	1
BLEE	28	28	0	1
CURET	22	22	0	1
LOCA	51	51	0	1
DAG	47	47	0	1
DEW	39	39	0	1
DAP	54	54	0	1
PAGE	73	73	0	1
PENNE	25	25	0	1
TRACE	50	50	0	1
CARB	32	32	0	1
FARL	36	36	0	1
REPIN	29	29	0	1
GAB	46	46	0	1
GAIR	25	25	0	1
HIRER	28	28	0	1
LEAVE	29	29	0	1
HOCK	27	27	0	1
SILL	102	102	0	1
TOOM	21	21	0	1
SHIV	35	35	0	1
REALISE	25	25	0	1
HIKE	45	45	0	1
SORTIE	25	25	0	1
BROO	37	37	0	1
NEG	22	22	0	1
HORSE	86	86	0	1
TWEE	59	59	0	1
SHUT	29	29	0	1
ROUTE	155	155	0	1
ROOK	21	21	0	1
GLAD	26	26	0	1
SHEAR	50	50	0	1
ACRE	46	46	0	1
CARLE	21	21	0	1
BEE	339	339	0	1
PUN	192	192	0	1
MISTER	28	28	0	1
PARLE	22	22	0	1
DIF	35	35	0	1
DELL	47	47	0	1
MOOD	25	25	0	1
BOOL	24	24	0	1
RICH	45	45	0	1
SKI	199	199	0	1
BLAME	20	20	0	1
HERO	27	27	0	1
TEASER	39	39	0	1
COOM	21	21	0	1
GRADE	30	30	0	1
CHUT	24	24	0	1
FISH	27	27	0	1
BRIN	148	148	0	1
BAP	26	26	0	1
TUND	30	30	0	1
FUR	38	38	0	1
SELL	140	140	0	1
STOPE	53	53	0	1
WOE	51	51	0	1
COW	89	89	0	1
CHARET	29	29	0	1
GERE	50	50	0	1
SICK	50	50	0	1
KINE	29	29	0	1
COB	25	25	0	1
RIPEN	21	21	0	1
HOOP	33	33	0	1
LOBE	23	23	0	1
STOOL	24	24	0	1
GOOL	27	27	0	1
DUP	22	22	0	1
WRITE	23	23	0	1
MOTI	32	32	0	1
FERN	23	23	0	1
LOKE	20	20	0	1
WRIT	68	68	0	1
POSTER	25	25	0	1
SOUSE	25	25	0	1
TORC	28	28	0	1
SOUS	72	72	0	1
RANA	22	22	0	1
COUNT	33	33	0	1
MAIM	23	23	0	1
BUNT	46	46	0	1
HONG	20	20	0	1
CARNET	20	20	0	1
BUN	200	200	0	1
CONI	71	71	0	1
SHOW	20	20	0	1
SKEE	29	29	0	1
REH	25	25	0	1
CABLE	24	24	0	1
DECO	26	26	0	1
SHOUT	21	21	0	1
LOOM	24	24	0	1
BRUT	27	27	0	1
CHAIN	38	38	0	1
CHAINE	20	20	0	1
TROPE	27	27	0	1
CLAM	27	27	0	1
SHEER	25	25	0	1
PASTIE	30	30	0	1
CURS	85	85	0	1
SEME	25	25	0	1
CURSE	28	28	0	1
MONG	33	33	0	1
SLOPE	25	25	0	1
CARSE	34	34	0	1
MOIST	26	26	0	1
SONAR	21	21	0	1
CUB	24	24	0	1
CARET	149	149	0	1
WAY	20	20	0	1
REV	117	117	0	1
CHASTE	30	30	0	1
PHON	47	47	0	1
WIST	29	29	0	1
SPAN	109	109	0	1
FAIN	144	144	0	1
MOTTE	29	29	0	1
PASE	50	50	0	1
PRIM	90	90	0	1
COSTER	27	27	0	1
SAILER	26	26	0	1
COIL	87	87	0	1
TONNER	23	23	0	1
CARAT	31	31	0	1
MULE	35	35	0	1
HOOR	25	25	0	1
DOWSE	23	23	0	1
SOAP	32	32	0	1
DUM	20	20	0	1
MUD	26	26	0	1
CHAI	114	114	0	1
MOB	44	44	0	1
SOB	60	60	0	1
DROW	20	20	0	1
CADE	116	116	0	1
SCANT	38	38	0	1
SCAN	131	131	0	1
STEAN	247	247	0	1
MEAD	50	50	0	1
RENTER	27	27	0	1
PISS	35	35	0	1
RORT	59	59	0	1
SOLD	63	63	0	1
WARM	24	24	0	1
PAIS	33	33	0	1
ABORT	40	40	0	1
SOOT	294	294	0	1
STEND	28	28	0	1
MORN	137	137	0	1
SOOTE	67	67	0	1
NOME	41	41	0	1
SHAME	58	58	0	1
WALL	92	92	0	1
SOOTH	34	34	0	1
CULL	31	31	0	1
CANG	44	44	0	1
SHOOT	30	30	0	1
SPADE	25	25	0	1
FLAT	41	41	0	1
DOUSE	40	40	0	1
DOLL	69	69	0	1
DOLT	25	25	0	1
MALI	72	72	0	1
LICH	30	30	0	1
MOLT	40	40	0	1
POINT	49	49	0	1
MONTE	21	21	0	1
SCORE	54	54	0	1
CONGE	21	21	0	1
ICING	25	25	0	1
FIST	41	41	0	1
FIE	70	70	0	1
DOOM	21	21	0	1
BOD	152	152	0	1
SHOE	89	89	0	1
AGEN	63	63	0	1
ATONER	34	34	0	1
CRIM	61	61	0	1
MALA	51	51	0	1
BOLA	26	26	0	1
SHADE	69	69	0	1
ROUST	47	47	0	1
PORTA	25	25	0	1
PRIME	22	22	0	1
RATTEN	21	21	0	1
HEARSE	26	26	0	1
RELATE	80	80	0	1
LARK	23	23	0	1
NICHE	20	20	0	1
VEAL	29	29	0	1
VEND	23	23	0	1
FARSE	30	30	0	1
TOAST	66	66	0	1
NOUN	20	20	0	1
MATH	25	25	0	1
NOSH	30	30	0	1
SOG	27	27	0	1
BARN	79	79	0	1
SINGLE	25	25	0	1
PLACE	25	25	0	1
DRAIN	20	20	0	1
POTTER	22	22	0	1
META	59	59	0	1
FAY	28	28	0	1
GUR	44	44	0	1
CHAL	24	24	0	1
BOP	21	21	0	1
DENSE	41	41	0	1
BAND	94	94	0	1
BEET	38	38	0	1
SWEAT	20	20	0	1
FEM	27	27	0	1
KIND	22	22	0	1
SWEE	103	103	0	1
FAINT	27	27	0	1
RATTER	36	36	0	1
LOUD	26	26	0	1
DIRT	42	42	0	1
LEANER	24	24	0	1
GUST	20	20	0	1
MIM	125	125	0	1
MIME	73	73	0	1
PATINE	32	32	0	1
LOME	77	77	0	1
POLL	61	61	0	1
METAL	23	23	0	1
PERN	38	38	0	1
PORN	44	44	0	1
HOND	44	44	0	1
SYE	27	27	0	1
DISH	27	27	0	1
CUNT	22	22	0	1
DOW	207	207	0	1
LANCE	65	65	0	1
SAUNT	29	29	0	1
BEST	76	76	0	1
DOUT	76	76	0	1
REGO	23	23	0	1
RANKE	21	21	0	1
WISE	113	113	0	1
SCAM	20	20	0	1
SOOLE	63	63	0	1
FUM	36	36	0	1
BALL	147	147	0	1
DOSS	41	41	0	1
TANNER	23	23	0	1
RESIDE	32	32	0	1
DRONE	27	27	0	1
HACK	32	32	0	1
SAC	60	60	0	1
NOY	22	22	0	1
BALD	29	29	0	1
GRATE	93	93	0	1
MUST	56	56	0	1
PIG	26	26	0	1
STRING	25	25	0	1
TUT	43	43	0	1
RENAIL	26	26	0	1
RINSE	122	122	0	1
POKE	22	22	0	1
MAKE	32	32	0	1
MACHE	27	27	0	1
RESTATE	24	24	0	1
SITTER	38	38	0	1
CLIT	34	34	0	1
SLICE	35	35	0	1
FLOR	25	25	0	1
FOO	200	200	0	1
SIF	87	87	0	1
TAUT	33	33	0	1
STELA	39	39	0	1
ROSTER	25	25	0	1
TARP	34	34	0	1
CHIN	145	145	0	1
STELE	35	35	0	1
BIB	21	21	0	1
PLU	25	25	0	1
BAIL	74	74	0	1
RINK	25	25	0	1
POUR	45	45	0	1
LOWN	33	33	0	1
PIKE	36	36	0	1
SPAE	22	22	0	1
SLID	134	134	0	1
LEVE	49	49	0	1
PEASE	35	35	0	1
PISE	40	40	0	1
MORT	91	91	0	1
TASK	30	30	0	1
STOKE	33	33	0	1
VAPE	20	20	0	1
DORSE	50	50	0	1
HORDE	21	21	0	1
DELIS	22	22	0	1
KAI	50	50	0	1
COIT	38	38	0	1
TROW	38	38	0	1
CASTER	31	31	0	1
TRICE	20	20	0	1
TOGA	24	24	0	1
WARN	37	37	0	1
STADE	22	22	0	1
LOFT	24	24	0	1
NURS	30	30	0	1
VAST	35	35	0	1
METRE	23	23	0	1
SMITE	52	52	0	1
DOOR	47	47	0	1
SMA	80	80	0	1
BOLE	52	52	0	1
DARN	90	90	0	1
PEIN	20	20	0	1
COMA	27	27	0	1
POND	42	42	0	1
LIFE	26	26	0	1
BORD	45	45	0	1
TOAD	36	36	0	1
BLAD	55	55	0	1
BLADE	24	24	0	1
LETTER	27	27	0	1
GIVE	32	32	0	1
SPANE	23	23	0	1
BITT	100	100	0	1
PAIR	206	206	0	1
CEIL	25	25	0	1
SILER	37	37	0	1
BOOT	57	57	0	1
CEASE	26	26	0	1
STIVE	33	33	0	1
RUNG	32	32	0	1
DOF	20	20	0	1
COLA	44	44	0	1
FELT	34	34	0	1
ROOST	35	35	0	1
LIRA	77	77	0	1
GARRE	45	45	0	1
LEAP	79	79	0	1
RETILE	56	56	0	1
LIG	85	85	0	1
SPOOL	31	31	0	1
CHORE	45	45	0	1
MOLD	31	31	0	1
BINGE	31	31	0	1
SPORT	41	41	0	1
MEM	45	45	0	1
LYE	20	20	0	1
FLAN	38	38	0	1
BIG	31	31	0	1
CARD	177	177	0	1
CEDE	47	47	0	1
GAP	126	126	0	1
DRAP	38	38	0	1
REMATE	21	21	0	1
TEF	20	20	0	1
TOWSE	20	20	0	1
WONT	22	22	0	1
FACE	81	81	0	1
CRIT	52	52	0	1
TOSH	59	59	0	1
COLL	136	136	0	1
SPILE	31	31	0	1
SLOT	60	60	0	1
GOO	348	348	0	1
BURN	29	29	0	1
FREE	36	36	0	1
POSH	29	29	0	1
DASH	66	66	0	1
REPOS	98	98	0	1
HOUR	34	34	0	1
REPOT	31	31	0	1
WAVE	33	33	0	1
DOCK	27	27	0	1
HOUND	20	20	0	1
SHOP	24	24	0	1
DIVE	86	86	0	1
DIV	168	168	0	1
FIVE	22	22	0	1
SCART	45	45	0	1
MATTER	40	40	0	1
STAY	52	52	0	1
WELL	39	39	0	1
LAKER	21	21	0	1
STET	36	36	0	1
DUD	22	22	0	1
THAN	30	30	0	1
RACHE	60	60	0	1
FLU	41	41	0	1
FAS	383	383	0	1
MILT	56	56	0	1
CAPO	21	21	0	1
GAME	151	151	0	1
KENT	20	20	0	1
NILL	49	49	0	1
RISER	29	29	0	1
TREAT	79	79	0	1
TOUSE	82	82	0	1
FORM	52	52	0	1
COLLIE	29	29	0	1
BEARE	97	97	0	1
TRANT	27	27	0	1
MAILER	20	20	0	1
DAME	54	54	0	1
DARER	32	32	0	1
GULL	34	34	0	1
DOD	27	27	0	1
NATTER	47	47	0	1
NOON	29	29	0	1
WIPE	28	28	0	1
STIM	128	128	0	1
STIME	41	41	0	1
TRIM	46	46	0	1
TACHE	23	23	0	1
TRASH	36	36	0	1
BATTER	30	30	0	1
SLING	35	35	0	1
TINNER	34	34	0	1
NAMER	37	37	0	1
HEAD	85	85	0	1
SLANE	21	21	0	1
BANG	46	46	0	1
MOLA	88	88	0	1
CHIDE	28	28	0	1
LOMA	23	23	0	1
STOVE	25	25	0	1
LUST	82	82	0	1
COVER	23	23	0	1
BOND	39	39	0	1
LOAM	30	30	0	1
PAD	91	91	0	1
PONG	42	42	0	1
PALTER	21	21	0	1
STALL	33	33	0	1
SIM	117	117	0	1
LUNT	27	27	0	1
GLID	31	31	0	1
CHAP	32	32	0	1
BAIT	98	98	0	1
LIVEN	24	24	0	1
MURR	30	30	0	1
DIM	342	342	0	1
GUT	48	48	0	1
GANG	39	39	0	1
DIMER	33	33	0	1
FEED	21	21	0	1
BONNE	31	31	0	1
STRAIT	24	24	0	1
DILL	65	65	0	1
HAUN	29	29	0	1
DOB	53	53	0	1
ROUND	27	27	0	1
GRAD	83	83	0	1
LANDER	39	39	0	1
TINDER	50	50	0	1
LIMA	47	47	0	1
GAY	29	29	0	1
MILD	26	26	0	1
PACK	23	23	0	1
DIB	21	21	0	1
NUDE	65	65	0	1
DOVE	34	34	0	1
VOLE	20	20	0	1
STYE	20	20	0	1
QUIT	45	45	0	1
MONO	25	25	0	1
FORT	120	120	0	1
CANER	30	30	0	1
TORSE	90	90	0	1
TOWN	26	26	0	1
FRIT	25	25	0	1
SOON	46	46	0	1
FONT	24	24	0	1
CARN	179	179	0	1
CLEAR	24	24	0	1
MOON	62	62	0	1
TAV	44	44	0	1
PAVE	56	56	0	1
PAV	98	98	0	1
SHAVE	23	23	0	1
DAD	35	35	0	1
REMAIN	31	31	0	1
MUN	104	104	0	1
FLIT	53	53	0	1
SUPE	39	39	0	1
SUP	79	79	0	1
NOOSE	62	62	0	1
ROCH	33	33	0	1
FOOT	71	71	0	1
BACK	32	32	0	1
SNIDE	42	42	0	1
STORM	20	20	0	1
SPIT	126	126	0	1
MOUSE	54	54	0	1
MARSE	31	31	0	1
HILT	24	24	0	1
PITH	24	24	0	1
REMAN	41	41	0	1
BAC	101	101	0	1
BAY	42	42	0	1
FOND	41	41	0	1
DETER	42	42	0	1
TAX	30	30	0	1
MUSE	84	84	0	1
MAY	42	42	0	1
BASH	51	51	0	1
PHOT	20	20	0	1
PULL	31	31	0	1
TORTA	42	42	0	1
CHOSE	23	23	0	1
SNORT	23	23	0	1
