word	len	pts	n	kP	nO	kO	fieldRate	myRate	nCur	kCur	myRateCur	nStrong	strongRate	nTopQ	topQRate	dead	everAccepted	share_freeCur	share_dropTerminalCur	share_cellmateCur	share_noneCur	share_freeAll	share_dropTerminalAll	share_cellmateAll	share_noneAll	observedHost	hookStem	cellmateOf	qCur	gainPerGameCur	qAll	gainPerGameAll	reachClass	family
SERAI	5	800	927	3	927	22	0.0134844	0.00323625	289	1	0.00346021	162	0.037037	217	0.0506912	False	True	0.747405	0	0.017301	0.235294	0.718447	0	0.00970874	0.271845	RAI	RAI		0.55354	44.3904	0.532504	43.4476	free	RAI
TERAI	5	800	888	2	888	12	0.00788288	0.00225225	264	1	0.00378788	170	0.0352941	211	0.0331754	False	True	0.689394	0	0.0113636	0.299242	0.635135	0	0.00675676	0.358108	RAI	RAI		0.511427	37.4218	0.472041	36.9424	free	RAI
EARST	5	800	827	2	827	20	0.0133011	0.00241838	222	1	0.0045045	158	0.0443038	195	0.0666667	False	True	0.738739	0	0.175676	0.0855856	0.651753	0	0.245466	0.102781	EARS	EARS	STARE,STEAR,RATES,TEARS,TARES	0.547702	33.6726	0.484779	35.3254	free	EARS
SIREN	5	800	652	30	652	94	0.095092	0.0460123	216	10	0.0462963	129	0.139535	168	0.190476	False	True	0.810185	0	0.0509259	0.138889	0.763804	0	0.0751534	0.161043	SIRE	REN	RINES	0.599192	33.3475	0.565604	29.9999	free	REN
TINEA	5	800	627	3	627	27	0.0239234	0.00478469	196	1	0.00510204	119	0.0672269	147	0.0612245	False	True	0.821429	0	0	0.178571	0.799043	0	0	0.200957	TINE	TINE		0.607206	32.9529	0.590962	32.5467	free	TINE
TERAIS	6	1400	424	1	424	10	0.0129717	0.00235849	117	1	0.00854701	84	0.047619	95	0.0421053	False	True	0.777778	0	0.025641	0.196581	0.733491	0	0.0471698	0.21934	RAIS	RAI		0.577024	32.5014	0.544931	35.651	free	RAI
IRATE	5	800	846	34	846	84	0.06974	0.0401891	239	23	0.0962343	166	0.120482	200	0.14	False	True	0.778243	0	0	0.221757	0.764775	0	0.00118203	0.234043	RATE	RATE		0.575868	32.0091	0.566099	39.3996	free	RATE
TERAS	5	800	1217	23	1217	46	0.0283484	0.0188989	322	10	0.0310559	245	0.0367347	258	0.0813953	False	True	0.503106	0	0.375776	0.121118	0.533279	0.00164339	0.345111	0.119967	RAS	RAS	STARE,STEAR,RATES,TEARS,TARES	0.377283	31.1303	0.399641	41.0328	free	RAS
SITAR	5	800	719	28	719	17	0.0312935	0.038943	211	6	0.028436	137	0.0364964	195	0.0307692	False	True	0.748815	0	0.0995261	0.151659	0.766342	0	0.0667594	0.166898	SIT	SIT	RAITS	0.554797	31.0121	0.567423	33.6486	free	SIT
RETIA	5	800	815	28	815	27	0.0337423	0.0343558	237	5	0.021097	141	0.0283688	215	0.0418605	False	True	0.658228	0	0.0253165	0.316456	0.660123	0	0.00858896	0.331288	RET	RET		0.488851	30.955	0.490178	32.8975	free	RET
RESTO	5	800	866	70	866	57	0.0733256	0.0808314	266	21	0.0789474	151	0.0662252	205	0.107317	False	True	0.665414	0	0.146617	0.18797	0.625866	0.00230947	0.15358	0.218245	REST	RES	TORES,ROTES,TORSE	0.494411	30.8588	0.466505	29.5766	free	RES
SERIN	5	800	864	61	864	94	0.0896991	0.0706019	265	27	0.101887	176	0.153409	231	0.181818	False	True	0.686792	0	0.045283	0.267925	0.701389	0	0.0416667	0.256944	RIN	RIN	RINES	0.509636	30.172	0.520217	34.4005	free	RIN
TREST	5	800	755	14	755	33	0.0311258	0.018543	202	3	0.0148515	152	0.0197368	178	0.0505618	False	True	0.737624	0	0.00990099	0.252475	0.721854	0	0.013245	0.264901	REST	RES		0.546421	29.9831	0.534987	34.5287	free	RES
ERASE	5	800	868	13	868	122	0.077765	0.014977	243	2	0.00823045	169	0.236686	205	0.278049	False	True	0.600823	0	0.17284	0.226337	0.611751	0	0.156682	0.231567	RASE	RAS	EASER	0.447615	29.8137	0.455499	33.8608	free	RAS
TINEAS	6	1400	308	3	308	12	0.0243506	0.00974026	94	1	0.0106383	59	0.0847458	75	0.04	False	True	0.87234	0	0	0.12766	0.87987	0	0	0.12013	TINE	TINE		0.645483	29.1608	0.650928	30.6044	free	TINE
ESTRIN	6	1400	342	0	342	12	0.0175439	0	101	0	0	65	0.0615385	71	0.028169	False	True	0.792079	0	0.049505	0.158416	0.733918	0	0.0760234	0.190058	TRIN	RIN		0.587288	28.9852	0.545148	28.8927	free	RIN
SATIRE	6	1400	378	29	378	32	0.0806878	0.0767196	101	7	0.0693069	77	0.103896	106	0.0754717	False	True	0.881188	0	0.00990099	0.108911	0.84127	0	0.0132275	0.145503	TIRE	TIRE		0.651849	28.7509	0.622974	31.9989	free	TIRE
SERAIS	6	1400	284	1	284	7	0.0140845	0.00352113	92	0	0	51	0.0392157	61	0.0491803	False	True	0.858696	0	0	0.141304	0.795775	0	0	0.204225	RAIS	RAI	RAISES	0.635617	28.575	0.590119	25.8171	free	RAI
TINAS	5	800	574	26	574	41	0.0583624	0.0452962	186	9	0.0483871	97	0.103093	155	0.103226	False	True	0.77957	0.0107527	0.0913978	0.11828	0.775261	0.0121951	0.102787	0.109756	TIN	TIN	TAINS	0.580688	27.6462	0.578076	27.0813	free	TIN
TARSI	5	800	564	6	564	5	0.00975177	0.0106383	173	1	0.00578035	105	0.00952381	143	0.00699301	False	True	0.780347	0	0.0462428	0.17341	0.719858	0	0.0567376	0.223404	TARS	TAR	RAITS	0.577527	27.6194	0.533663	26.1223	free	TAR
SERAIL	6	1400	263	0	263	6	0.0114068	0	90	0	0	47	0.0212766	61	0.0655738	False	True	0.844444	0	0.0111111	0.144444	0.813688	0	0.0152091	0.171103	RAIL	RAI	SAILER,RAILES	0.625276	27.4991	0.603024	24.5775	free	RAI
RATEL	5	800	575	7	575	42	0.0426087	0.0121739	160	1	0.00625	113	0.115044	135	0.140741	False	True	0.8	0	0.0875	0.1125	0.805217	0	0.0921739	0.102609	RATE	RATE	LATER	0.591906	26.1654	0.595705	29.7127	free	RATE
SERINE	6	1400	303	3	303	23	0.0429043	0.00990099	88	1	0.0113636	74	0.121622	85	0.129412	False	True	0.784091	0	0.0340909	0.181818	0.759076	0	0.0264026	0.214521	RINE	RINE		0.581562	24.5195	0.563498	25.9947	free	RINE
NESTOR	6	1400	301	14	301	8	0.0365449	0.0465116	91	4	0.043956	45	0.0222222	72	0.0138889	False	True	0.802198	0	0.043956	0.153846	0.717608	0	0.0697674	0.212625	TOR	TOR	TONERS,STONER	0.594623	24.4869	0.533374	22.7102	free	TOR
SETON	5	800	592	2	592	14	0.0135135	0.00337838	181	1	0.00552486	111	0.018018	154	0.038961	False	True	0.657459	0	0.171271	0.171271	0.70777	0	0.140203	0.152027	TON	TON	TONES,STONE	0.488708	24.4206	0.525129	27.3523	free	TON
ASTARE	6	1400	297	0	297	3	0.00505051	0	75	0	0	62	0	70	0.0142857	False	True	0.866667	0	0	0.133333	0.801347	0	0	0.198653	STARE	STARE		0.64138	23.5061	0.594149	27.3464	free	STARE
TSORES	6	1400	246	1	246	1	0.00406504	0.00406504	79	1	0.0126582	56	0	58	0.0172414	False	True	0.835443	0	0.0506329	0.113924	0.776423	0	0.0731707	0.150407	SORES	RES	TORSES	0.61864	23.3932	0.575891	21.7995	free	RES
ARENA	5	800	487	0	487	0	0	0	155	0	0	83	0	122	0	False	False	0.722581	0	0	0.277419	0.73306	0	0	0.26694	ARE	REN		0.535477	23.176	0.543081	23.4209	free	REN
ARTIES	6	1400	412	48	412	15	0.0764563	0.116505	114	20	0.175439	80	0.05	90	0.0555556	False	True	0.789474	0.0263158	0	0.184211	0.660194	0.0194175	0.0194175	0.300971	TIES	TIE		0.590621	23.1285	0.495753	24.2141	free	TIE
DREST	5	800	582	3	582	6	0.00773196	0.00515464	168	3	0.0178571	116	0.0172414	145	0.0137931	False	True	0.678571	0	0	0.321429	0.609966	0	0	0.390034	REST	RES		0.503541	22.7839	0.453757	23.1203	free	RES
REEST	5	800	572	18	572	60	0.0681818	0.0314685	168	6	0.0357143	104	0.134615	122	0.196721	False	True	0.702381	0	0.172619	0.125	0.622378	0	0.176573	0.201049	REES	REE		0.52131	22.7798	0.463267	21.8719	free	REE
ELITES	6	1400	231	3	231	3	0.012987	0.012987	71	0	0	50	0.02	54	0.0185185	False	True	0.887324	0	0	0.112676	0.818182	0	0	0.181818	LITES	LITES		0.656317	22.7707	0.606322	21.2403	free	LITES
SETAE	5	800	800	7	800	6	0.008125	0.00875	215	2	0.00930233	144	0.00694444	178	0.0168539	False	True	0.516279	0	0.0930233	0.390698	0.50125	0	0.10375	0.395	SET		TEASE	0.386038	22.6173	0.375162	25.9579	free	SET
SENATE	6	1400	304	14	304	16	0.0493421	0.0460526	91	5	0.0549451	64	0.046875	63	0.0634921	False	True	0.758242	0	0.043956	0.197802	0.694079	0	0.0427632	0.263158	SEN			0.562839	22.5849	0.516447	22.1607	free	SEN
TISANE	6	1400	242	0	242	1	0.00206612	0	79	0	0	34	0	67	0	False	True	0.78481	0	0	0.21519	0.768595	0	0	0.231405	SANE	SAN		0.582191	22.4748	0.570466	21.3941	free	SAN
RANIS	5	800	549	49	549	39	0.0801457	0.0892532	185	17	0.0918919	99	0.0606061	134	0.0820896	False	True	0.708108	0	0.0810811	0.210811	0.712204	0	0.0801457	0.20765	RAN	RAN	RAINS	0.525206	22.3841	0.528175	21.3388	free	RAN
ETATS	5	800	498	1	498	18	0.0190763	0.00200803	131	0	0	81	0.0617284	105	0.0761905	False	True	0.80916	0	0.122137	0.0687023	0.787149	0	0.110442	0.10241	TAT	TAT	TATES,STATE	0.598652	21.8983	0.582645	25.6061	free	TAT
SAREE	5	800	426	2	426	9	0.0129108	0.00469484	121	1	0.00826446	82	0.0487805	110	0.0272727	False	True	0.876033	0	0.0495868	0.0743802	0.816901	0	0.0516432	0.131455	SAR	REE	EASER	0.646972	21.5801	0.604068	22.6109	free	REE
RETSINA	7	1800	166	6	166	3	0.0271084	0.0361446	57	0	0	43	0.0232558	51	0.0196078	False	True	0.842105	0	0.0175439	0.140351	0.861446	0	0.0120482	0.126506	RET	RET	RETAINS	0.596961	21.3781	0.610531	18.9979	free	RET
TRETS	5	800	637	23	637	38	0.0478807	0.0361068	168	9	0.0535714	132	0.0530303	144	0.0347222	False	True	0.678571	0	0.0119048	0.309524	0.67033	0	0.0141287	0.315542	RET	RET		0.503575	21.1101	0.497601	26.0325	free	RET
RETEST	6	1400	233	14	233	16	0.0643777	0.0600858	68	2	0.0294118	43	0.162791	53	0.150943	False	True	0.897059	0	0.0441176	0.0588235	0.841202	0	0.0386266	0.120172	RETE	RET	SETTER	0.663215	21.0604	0.622843	20.3201	free	RET
ERING	5	800	390	4	390	8	0.0153846	0.0102564	127	3	0.023622	70	0.0285714	104	0.00961538	False	True	0.811024	0.0472441	0	0.141732	0.776923	0.0564103	0.0025641	0.164103	RING	RING		0.615456	20.9879	0.593783	20.1528	free	RING
AREAS	5	800	538	5	537	15	0.0186047	0.00929368	136	2	0.0147059	102	0.0294118	127	0.0551181	False	True	0.75	0	0	0.25	0.708178	0	0	0.291822	ARE			0.555374	20.5322	0.525026	24.5706	free	ARE
RENEST	6	1400	284	17	284	15	0.056338	0.0598592	75	4	0.0533333	46	0.130435	64	0.0625	False	True	0.826667	0	0.04	0.133333	0.809859	0	0.0387324	0.151408	REN	REN		0.612329	20.4867	0.600179	23.7803	free	REN
ORANT	5	800	377	0	377	11	0.0145889	0	125	0	0	73	0.0410959	101	0.049505	False	True	0.792	0	0.016	0.192	0.838196	0	0.0106101	0.151194	RANT	RANT		0.585897	20.4502	0.619404	20.6788	free	RANT
SENOR	5	800	621	10	621	25	0.0281804	0.0161031	195	4	0.0205128	119	0.0504202	182	0.0714286	False	True	0.528205	0	0.220513	0.251282	0.542673	0	0.243156	0.214171	SEN			0.395055	20.3939	0.405618	21.4203	free	SEN
INSTAR	6	1400	261	1	261	2	0.00574713	0.00383142	77	0	0	50	0.04	65	0.0307692	False	True	0.727273	0	0.025974	0.246753	0.685824	0	0.0344828	0.279693	STAR	STAR		0.540503	20.3373	0.510505	20.4935	free	STAR
ARENES	6	1400	259	0	259	4	0.00772201	0	65	0	0	37	0.0540541	56	0.0178571	False	True	0.846154	0	0	0.153846	0.80695	0	0	0.19305	REN	REN		0.626548	19.9008	0.5982	24.0101	free	REN
EATEN	5	800	510	70	510	23	0.0911765	0.137255	154	24	0.155844	87	0.045977	115	0.0782609	False	True	0.831169	0	0	0.168831	0.831373	0	0	0.168627	EAT	EAT		0.614274	19.7133	0.614422	21.5502	free	EAT
TENIA	5	800	652	2	652	7	0.00690184	0.00306748	214	0	0	115	0.00869565	170	0.0235294	False	True	0.439252	0	0	0.560748	0.411043	0	0.00306748	0.58589	TEN			0.329878	19.7121	0.309416	17.6878	free	TEN
RATOS	5	800	468	21	468	51	0.0769231	0.0448718	139	5	0.0359712	75	0.08	123	0.130081	False	True	0.733813	0	0.0647482	0.201439	0.696581	0	0.0790598	0.224359	RAT	RAT		0.543812	19.711	0.516835	19.5598	free	RAT
SONERI	6	1400	216	1	216	3	0.00925926	0.00462963	77	0	0	38	0	54	0.0185185	False	True	0.701299	0	0.012987	0.285714	0.601852	0	0.00462963	0.393519	SONE	SON		0.521763	19.6321	0.449882	14.9042	free	SON
ARENE	5	800	410	0	410	4	0.00487805	0	116	0	0	56	0.0357143	103	0.00970874	False	True	0.818966	0	0	0.181034	0.8	0	0	0.2	REN	REN		0.605419	19.6101	0.591657	21.4814	free	REN
SARSEN	6	1400	190	3	190	0	0.00789474	0.0157895	60	0	0	35	0	46	0	False	True	0.9	0	0	0.1	0.821053	0	0.00526316	0.173684	SAR			0.665483	19.5116	0.608381	17.4484	free	SAR
RATELS	6	1400	251	2	251	14	0.0318725	0.00796813	69	1	0.0144928	51	0.0784314	64	0.140625	False	True	0.797101	0	0.057971	0.144928	0.816733	0	0.063745	0.119522	RATE	RATE	LASTER,SALTER	0.590893	19.4346	0.605069	23.2257	free	RATE
URATES	6	1400	182	4	182	19	0.0631868	0.021978	65	2	0.0307692	44	0.136364	46	0.217391	False	True	0.861538	0	0	0.138462	0.818681	0	0	0.181319	RATES	RATES		0.637672	19.2769	0.606683	16.4913	free	RATES
TINSEL	6	1400	203	1	203	8	0.0221675	0.00492611	63	0	0	30	0	60	0.0333333	False	True	0.84127	0	0	0.15873	0.793103	0	0	0.206897	TINS	TIN		0.623016	19.1798	0.588188	18.3488	free	TIN
LATEST	6	1400	211	2	211	12	0.0331754	0.00947867	56	0	0	32	0.03125	49	0.102041	False	True	0.946429	0	0	0.0535714	0.895735	0	0	0.104265	LATE	LATE	LATTES	0.699055	19.1295	0.662399	21.3496	free	LATE
TORAN	5	800	385	24	385	14	0.0493506	0.0623377	123	10	0.0813008	64	0.078125	90	0.0333333	False	True	0.861789	0	0.00813008	0.130081	0.864935	0	0.00519481	0.12987	TOR	TOR		0.636517	19.0692	0.638792	19.6533	free	TOR
NATIS	5	800	574	4	574	2	0.00522648	0.00696864	171	2	0.0116959	99	0	165	0	False	True	0.549708	0	0.216374	0.233918	0.573171	0	0.214286	0.212544	NAT		TAINS	0.410647	19.0494	0.427667	21.3842	free	NAT
SATORI	6	1400	186	0	186	1	0.00268817	0	60	0	0	31	0	47	0.0212766	False	True	0.866667	0	0	0.133333	0.817204	0	0	0.182796	SAT	SAT		0.64138	18.8049	0.605615	17.4565	free	SAT
ROTAN	5	800	383	28	383	13	0.0535248	0.073107	130	7	0.0538462	59	0.0677966	115	0.0434783	False	True	0.769231	0	0.00769231	0.223077	0.796345	0	0.00261097	0.201044	ROT	ROT		0.569351	18.7129	0.589011	17.4976	free	ROT
LARINE	6	1400	180	7	180	5	0.0333333	0.0388889	61	1	0.0163934	36	0.0555556	47	0.0638298	False	True	0.868852	0	0.0163934	0.114754	0.877778	0	0.0111111	0.111111	RINE	RINE		0.642908	18.6752	0.649379	17.0294	free	RINE
MATRES	6	1400	177	2	177	15	0.0480226	0.0112994	59	1	0.0169492	30	0.2	47	0.148936	False	True	0.898305	0	0	0.101695	0.887006	0	0.0225989	0.0903955	MAT	MAT	MATERS,MASTER	0.664258	18.6624	0.656015	17.6844	free	MAT
ENSATE	6	1400	255	5	255	3	0.0156863	0.0196078	76	0	0	52	0.0192308	44	0	False	True	0.671053	0.0131579	0.0131579	0.302632	0.623529	0.00392157	0.0352941	0.337255	SATE	SAT		0.502421	18.6589	0.466212	17.6486	free	SAT
ERASED	6	1400	247	5	247	35	0.0809717	0.0202429	72	1	0.0138889	52	0.211538	65	0.276923	False	True	0.722222	0	0.0694444	0.208333	0.696356	0	0.0728745	0.230769	RASED	RAS		0.536712	18.3946	0.517997	19.0529	free	RAS
LITAS	5	800	364	4	364	4	0.010989	0.010989	115	0	0	56	0	100	0.03	False	True	0.773913	0	0.026087	0.2	0.771978	0	0.0521978	0.175824	LIT	LIT	TAILS	0.572801	18.3936	0.571471	18.0664	free	LIT
IRATER	6	1400	276	4	276	20	0.0434783	0.0144928	71	4	0.056338	61	0.0983607	66	0.166667	False	True	0.788732	0	0	0.211268	0.811594	0	0	0.188406	RATER	RATER		0.585027	18.3427	0.601558	25.1098	free	RATER
OATEN	5	800	475	72	475	8	0.0842105	0.151579	165	22	0.133333	82	0.0609756	115	0.0434783	False	True	0.715152	0	0.0121212	0.272727	0.747368	0	0.0105263	0.242105	OAT			0.53012	18.2813	0.553494	16.9059	free	OAT
NERITE	6	1400	270	0	270	0	0	0	79	0	0	53	0	61	0	False	False	0.632911	0	0.0126582	0.35443	0.559259	0	0.0666667	0.374074	RITE	RIT		0.472315	18.2332	0.418884	17.5269	free	RIT
RETIAL	6	1400	245	5	245	7	0.0244898	0.0204082	73	0	0	42	0.0238095	63	0.015873	False	True	0.684932	0	0.0136986	0.30137	0.710204	0	0.0204082	0.269388	RET	RET		0.509926	18.19	0.528179	19.2789	free	RET
LINEAR	6	1400	177	0	177	15	0.0423729	0	59	0	0	30	0.1	36	0.0555556	False	True	0.847458	0	0.0169492	0.135593	0.841808	0	0.0169492	0.141243	LINE	LINE		0.627436	18.0894	0.623351	17.0983	free	LINE
TENOR	5	800	498	24	498	37	0.061245	0.0481928	162	9	0.0555556	92	0.130435	139	0.0863309	False	True	0.611111	0	0.191358	0.197531	0.574297	0	0.194779	0.230924	TEN		TONER	0.455133	18.0751	0.428429	16.7684	free	TEN
SEREST	6	1400	215	0	215	4	0.00930233	0	57	0	0	52	0.0576923	41	0.0731707	False	True	0.877193	0	0.0175439	0.105263	0.888372	0	0.027907	0.0837209	SERES	RES		0.648936	18.0751	0.656986	21.8898	free	RES
SENAS	5	800	481	13	481	32	0.0467775	0.027027	152	4	0.0263158	85	0.0588235	104	0.115385	False	True	0.605263	0	0.203947	0.190789	0.611227	0	0.185031	0.203742	SEN			0.450925	18.0218	0.455199	18.2378	free	SEN
LARIS	5	800	396	22	396	27	0.0618687	0.0555556	128	3	0.0234375	69	0.0724638	105	0.104762	False	True	0.710938	0	0.09375	0.195312	0.681818	0	0.123737	0.194444	LAR	LAR	RAILS	0.527295	18.0087	0.50625	15.8047	free	LAR
SERED	5	800	526	47	526	52	0.0941065	0.0893536	156	18	0.115385	101	0.0990099	126	0.142857	False	True	0.692308	0.0448718	0.0897436	0.173077	0.65019	0.0361217	0.095057	0.218631	SERE			0.528771	18.0072	0.495297	18.9087	free	SERE
DENIS	5	800	507	39	507	33	0.0710059	0.0769231	168	8	0.047619	87	0.0804598	128	0.101562	False	True	0.577381	0	0.196429	0.22619	0.499014	0	0.236686	0.2643	DEN		DINES	0.430671	17.9694	0.373918	13.3342	free	DEN
ARSENO	6	1400	264	1	264	1	0.00378788	0.00378788	83	0	0	56	0	77	0	False	True	0.590361	0	0	0.409639	0.511364	0	0	0.488636	ARSE			0.441588	17.9101	0.384466	15.5743	free	ARSE
TATIES	6	1400	206	7	206	9	0.038835	0.0339806	57	2	0.0350877	39	0.0769231	60	0.0666667	False	True	0.912281	0	0	0.0877193	0.84466	0	0	0.15534	TAT	TAT		0.674363	17.806	0.625468	18.8825	free	TAT
RATEEN	6	1400	178	3	178	4	0.0196629	0.0168539	52	0	0	31	0.0645161	33	0	False	True	0.942308	0	0	0.0576923	0.921348	0	0.0168539	0.0617978	RATE	RATE		0.696075	17.6874	0.680866	18.3166	free	RATE
TSARS	5	800	376	1	376	7	0.0106383	0.00265957	108	1	0.00925926	75	0.04	93	0.0430108	False	True	0.796296	0	0.0185185	0.185185	0.662234	0	0.0638298	0.273936	SAR			0.589022	17.4839	0.491868	16.2889	free	SAR
ORANTS	6	1400	184	0	184	9	0.0244565	0	57	0	0	38	0.0789474	44	0.0909091	False	True	0.842105	0	0.0175439	0.140351	0.853261	0	0.00543478	0.141304	RANTS	RANTS		0.623564	17.3684	0.631669	18.0117	free	RANTS
ELITE	5	800	378	4	378	4	0.010582	0.010582	120	0	0	81	0.0123457	99	0.020202	False	True	0.691667	0	0	0.308333	0.714286	0	0	0.285714	LITE	LITE		0.513044	17.191	0.529457	17.3686	free	LITE
SERINS	6	1400	249	14	249	26	0.0803213	0.0562249	80	8	0.1	54	0.148148	66	0.19697	False	True	0.725	0	0.0125	0.2625	0.730924	0	0.00803213	0.261044	RINS	RIN		0.538903	17.1578	0.543201	18.7912	free	RIN
RAITA	5	800	321	0	321	3	0.0046729	0	101	0	0	54	0	70	0.0142857	False	True	0.821782	0	0	0.178218	0.809969	0	0	0.190031	RAIT	RAI		0.607463	17.1319	0.59889	17.024	free	RAI
IMARET	6	1400	164	0	164	1	0.00304878	0	49	0	0	35	0.0285714	46	0	False	True	0.959184	0	0	0.0408163	0.896341	0	0.00609756	0.097561	MARE	MARE		0.708278	16.9591	0.662818	16.8456	free	MARE
SOREL	5	800	385	6	385	24	0.038961	0.0155844	140	4	0.0285714	77	0.038961	91	0.0879121	False	True	0.621429	0	0.0928571	0.285714	0.535065	0	0.155844	0.309091	SORE		LORES,ROLES	0.46234	16.9571	0.399849	13.1009	free	SORE
REASON	6	1400	188	3	188	4	0.018617	0.0159574	63	1	0.015873	30	0	45	0.0444444	False	True	0.761905	0	0	0.238095	0.744681	0	0	0.255319	EAS	SON		0.565629	16.9244	0.553174	15.6515	free	SON
AREDE	5	800	349	9	349	11	0.0286533	0.025788	122	8	0.0655738	58	0.0689655	76	0.0789474	False	True	0.754098	0	0.0327869	0.213115	0.65043	0	0.0487106	0.30086	REDE			0.558441	16.7902	0.483259	14.1383	free	REDE
ELINT	5	800	338	0	338	9	0.0133136	0	117	0	0	54	0.0555556	108	0.0555556	False	True	0.692308	0	0.00854701	0.299145	0.713018	0	0.00887574	0.278107	LINT	LINT		0.513533	16.7772	0.528563	15.8206	free	LINT
URATE	5	800	300	14	300	34	0.08	0.0466667	113	8	0.0707965	67	0.164179	77	0.246753	False	True	0.80531	0.0176991	0	0.176991	0.776667	0.00666667	0	0.216667	RATE	RATE		0.601429	16.7432	0.576954	14.0878	free	RATE
SENORA	6	1400	296	2	296	2	0.00675676	0.00675676	86	1	0.0116279	65	0.0153846	89	0.0224719	False	True	0.546512	0	0	0.453488	0.560811	0	0.00337838	0.435811	SEN			0.409881	16.7364	0.42021	18.9656	free	SEN
DITAS	5	800	320	7	320	8	0.0234375	0.021875	107	3	0.0280374	51	0.0392157	97	0.0309278	False	True	0.794393	0	0.0280374	0.17757	0.75	0	0.0125	0.2375	DIT	TAS		0.587667	16.7205	0.555409	15.119	free	TAS
DINERO	6	1400	194	7	194	20	0.0695876	0.0360825	72	6	0.0833333	41	0.146341	61	0.196721	False	True	0.75	0	0	0.25	0.670103	0	0	0.329897	DINER	DINE		0.55702	16.6658	0.499248	13.9247	free	DINE
LORATE	6	1400	156	6	156	7	0.0416667	0.0384615	51	0	0	37	0.027027	28	0.107143	False	True	0.901961	0	0	0.0980392	0.878205	0	0	0.121795	RATE	RATE		0.666901	16.6202	0.649724	14.7775	free	RATE
TATIE	5	800	345	10	345	13	0.0333333	0.0289855	99	4	0.040404	62	0.0483871	96	0.0625	False	True	0.868687	0	0	0.131313	0.837681	0	0	0.162319	TAT	TAT		0.6415	16.6167	0.619	18.0257	free	TAT
LITEST	6	1400	160	0	160	0	0	0	49	0	0	33	0	37	0	False	False	0.938776	0	0	0.0612245	0.86875	0	0	0.13125	LITES	LITES		0.693521	16.6058	0.642887	15.9405	free	LITES
TAROT	5	800	357	18	357	21	0.0546218	0.0504202	103	6	0.0582524	55	0.0181818	80	0.075	False	True	0.854369	0	0	0.145631	0.868347	0	0.00840336	0.123249	TAR	TAR		0.63111	16.4759	0.641277	18.6793	free	TAR
ARENITE	7	1800	151	1	151	1	0.00662252	0.00662252	40	0	0	47	0	36	0	False	True	0.925	0	0	0.075	0.827815	0	0.00662252	0.165563	NITE	REN		0.655073	16.4626	0.587058	17.4632	free	REN
SEREIN	6	1400	236	0	236	3	0.00635593	0	77	0	0	56	0.0535714	58	0.0344828	False	True	0.584416	0	0.012987	0.402597	0.567797	0	0.00847458	0.423729	SERE			0.437247	16.4521	0.425244	15.5524	free	SERE
ESCAR	5	800	283	14	283	2	0.0282686	0.04947	102	4	0.0392157	50	0	66	0	False	True	0.833333	0	0.0294118	0.137255	0.858657	0	0.0388693	0.102473	CAR	CAR	CARES,CARSE	0.615929	16.4258	0.634332	14.6572	free	CAR
RETRO	5	800	388	1	388	2	0.00386598	0.00257732	133	0	0	70	0.0285714	93	0	False	True	0.593985	0	0	0.406015	0.615979	0	0	0.384021	RET	RET		0.44216	16.4209	0.458121	15.6521	free	RET
TIERED	6	1400	145	6	145	22	0.0965517	0.0413793	62	5	0.0806452	26	0.115385	36	0.166667	False	True	0.83871	0	0	0.16129	0.731034	0	0.0137931	0.255172	TIER	TIE		0.621165	16.376	0.543262	11.2776	free	TIE
ARENAS	6	1400	227	0	227	0	0	0	59	0	0	45	0	53	0	False	False	0.762712	0	0	0.237288	0.784141	0	0	0.215859	ARE	REN		0.566212	16.3243	0.581707	20.4634	free	REN
TENESI	6	1400	213	0	213	0	0	0	57	0	0	50	0	52	0	False	False	0.789474	0	0	0.210526	0.638498	0	0	0.361502	TENES			0.585563	16.3099	0.476395	15.7251	free	TENES
TORSI	5	800	373	15	373	13	0.0375335	0.0402145	130	7	0.0538462	66	0.0606061	95	0.0526316	False	True	0.676923	0	0.0769231	0.246154	0.707775	0	0.0616622	0.230563	TORS	TOR		0.502564	16.2885	0.524908	16.0098	free	TOR
SATEEN	6	1400	181	0	181	3	0.00828729	0	52	0	0	31	0.0322581	40	0	False	True	0.865385	0	0.0192308	0.115385	0.872928	0	0.0165746	0.110497	SATE	SAT		0.640392	16.2724	0.645855	18.116	free	SAT
EROSE	5	800	572	0	572	6	0.00524476	0	173	0	0	99	0.020202	130	0.0384615	False	True	0.445087	0.00578035	0.00578035	0.543353	0.435315	0.00174825	0.00174825	0.561189	ROSE			0.336061	16.2342	0.32761	16.5945	free	ROSE
SAREES	6	1400	180	1	180	6	0.0194444	0.00555556	52	1	0.0192308	39	0.0512821	45	0.0222222	False	True	0.884615	0	0.0384615	0.0769231	0.827778	0	0.0166667	0.155556	SAR	REE		0.654235	16.1355	0.613207	16.9502	free	REE
TALEA	5	800	282	3	282	2	0.00886525	0.0106383	91	0	0	51	0	67	0.0149254	False	True	0.857143	0	0.010989	0.131868	0.886525	0	0.0070922	0.106383	TALE	TALE		0.633154	16.0885	0.654464	16.0778	free	TALE
ELSIN	5	800	335	2	335	0	0.00298507	0.00597015	132	2	0.0151515	54	0	98	0	False	True	0.606061	0	0.0606061	0.333333	0.567164	0	0.0716418	0.361194	SIN	SIN	LINES	0.451096	16.0683	0.422902	12.3686	free	SIN
SENTI	5	800	733	94	733	43	0.0934516	0.12824	207	14	0.0676329	147	0.0612245	188	0.0744681	False	True	0.458937	0	0.275362	0.2657	0.48704	0	0.283765	0.229195	SENT		TINES	0.344946	16.029	0.365363	15.3917	free	SENT
EDITS	5	800	447	5	447	15	0.0223714	0.0111857	156	4	0.025641	72	0.0833333	127	0.0708661	False	True	0.525641	0	0.211538	0.262821	0.483221	0.00223714	0.266219	0.248322	DITS			0.393169	16.0096	0.363291	13.9376	free	DITS
ESTATE	6	1400	222	18	222	26	0.0990991	0.0810811	57	5	0.0877193	35	0.2	37	0.243243	False	True	0.894737	0	0	0.105263	0.914414	0	0	0.0855856	STATE	STATE		0.661678	15.9867	0.675906	20.464	free	STATE
AROSE	5	800	578	16	578	14	0.0259516	0.0276817	168	5	0.0297619	102	0.00980392	148	0.027027	False	True	0.494048	0	0.0357143	0.470238	0.448097	0	0.0432526	0.508651	ROSE			0.369742	15.9488	0.336419	15.8025	free	ROSE
LATINO	6	1400	150	0	150	4	0.0133333	0	49	0	0	25	0.04	41	0.097561	False	True	0.897959	0	0	0.102041	0.9	0	0	0.1	LAT	LAT		0.664008	15.8991	0.665483	15.4695	free	LAT
LOSEN	5	800	302	5	302	11	0.0264901	0.0165563	112	1	0.00892857	42	0.047619	84	0.0119048	False	True	0.696429	0	0.0267857	0.276786	0.764901	0	0.0165563	0.218543	LOSE	LOS		0.516576	15.8762	0.566234	14.7002	free	LOS
ARETT	5	800	465	9	465	39	0.0516129	0.0193548	113	9	0.079646	102	0.0882353	93	0.150538	False	True	0.787611	0	0.0353982	0.176991	0.748387	0	0.0516129	0.2	RET	RET	TATER	0.582767	15.8751	0.55435	22.0299	free	RET
SATIS	5	800	406	24	406	25	0.0603448	0.0591133	131	5	0.0381679	69	0.057971	109	0.0550459	False	True	0.633588	0	0	0.366412	0.738916	0	0	0.261084	SAT	SAT		0.470898	15.829	0.547331	17.5529	free	SAT
SETAL	5	800	777	6	777	22	0.018018	0.00772201	240	0	0	132	0.030303	195	0.0564103	False	True	0.308333	0	0.441667	0.25	0.319176	0	0.441441	0.239382	SET		TEALS,LEATS,TALES,STALE	0.236133	15.8246	0.244001	16.2576	cellmate	SET
TINEAL	6	1400	190	2	190	4	0.0157895	0.0105263	57	1	0.0175439	41	0.0243902	46	0.0217391	False	True	0.789474	0	0.0175439	0.192982	0.768421	0	0.00526316	0.226316	TINE	TINE		0.585507	15.8197	0.570324	16.4828	free	TINE
EOSIN	5	800	347	1	347	2	0.00432277	0.00288184	128	1	0.0078125	60	0	85	0	False	True	0.601562	0	0.015625	0.382812	0.613833	0	0.0230548	0.363112	SIN	SIN		0.447704	15.7225	0.456629	13.9429	free	SIN
IRADES	6	1400	177	0	177	8	0.0225989	0	60	0	0	28	0.0714286	38	0.0789474	False	True	0.716667	0	0.05	0.233333	0.60452	0	0.0847458	0.310734	RADE			0.532757	15.6201	0.451554	12.386	free	RADE
DREEST	6	1400	157	0	157	0	0	0	59	0	0	32	0	39	0	False	False	0.728814	0	0.0338983	0.237288	0.681529	0	0.0127389	0.305732	REE	REE		0.541592	15.6145	0.507469	12.3469	free	REE
RATIO	5	800	420	38	420	44	0.097619	0.0904762	140	19	0.135714	58	0.189655	109	0.165138	False	True	0.721429	0	0	0.278571	0.721429	0.00238095	0	0.27619	RAT	RAT		0.534641	15.595	0.535437	16.5493	free	RAT
EDITOR	6	1400	121	0	121	4	0.0165289	0	55	0	0	15	0.0666667	38	0.0789474	False	True	0.781818	0	0	0.218182	0.735537	0	0	0.264463	DIT	TOR		0.580028	15.5889	0.546563	10.2488	free	TOR
TARSEL	6	1400	239	0	239	4	0.0083682	0	54	0	0	49	0.0204082	53	0.0377358	False	True	0.796296	0	0.0925926	0.111111	0.757322	0	0.100418	0.142259	TARS	TAR	LASTER,SALTER	0.590199	15.5738	0.561992	20.815	free	TAR
STENO	5	800	647	63	647	30	0.0718702	0.0973725	207	20	0.0966184	124	0.0322581	159	0.0691824	False	True	0.487923	0	0.202899	0.309179	0.500773	0.0015456	0.191654	0.306028	STEN		TONES,STONE	0.365774	15.5575	0.375583	15.94	free	STEN
ENATES	6	1400	323	24	323	22	0.0712074	0.0743034	88	15	0.170455	59	0.0508475	63	0.126984	False	True	0.715909	0	0.0568182	0.227273	0.678019	0.00619195	0.0619195	0.25387	NAT			0.532187	15.5551	0.505963	21.6069	free	NAT
DITONE	6	1400	103	1	103	5	0.0291262	0.00970874	47	0	0	17	0	31	0.0322581	False	True	0.914894	0	0	0.0851064	0.902913	0	0	0.0970874	TONE	TONE		0.676253	15.5314	0.667589	10.501	free	TONE
SEITAN	6	1400	342	0	342	0	0	0	94	0	0	69	0	86	0	False	False	0.446809	0	0	0.553191	0.55848	0	0	0.44152	TAN	TAN		0.337787	15.5158	0.418535	22.1822	free	TAN
RETEAR	6	1400	198	18	198	14	0.0808081	0.0909091	51	3	0.0588235	44	0.0681818	44	0.113636	False	True	0.921569	0	0	0.0784314	0.929293	0	0	0.0707071	RETE	TEAR		0.681079	15.5075	0.686665	18.2802	free	TEAR
LAREES	6	1400	153	1	153	17	0.0588235	0.00653595	43	0	0	31	0.258065	24	0.208333	False	True	1	0	0	0	0.908497	0	0.0392157	0.0522876	LARE	LARE	LEASER,LEARES	0.737792	15.5026	0.671501	15.7666	free	LARE
IRONES	6	1400	228	3	228	29	0.0701754	0.0131579	78	2	0.025641	45	0.177778	67	0.223881	False	True	0.576923	0	0.0128205	0.410256	0.557018	0	0.00877193	0.434211	RONES			0.43183	15.482	0.417449	14.2849	free	RONES
SANTIR	6	1400	180	3	180	7	0.0277778	0.0166667	51	1	0.0196078	32	0	38	0.131579	False	True	0.862745	0	0	0.137255	0.738889	0	0.0277778	0.233333	SANT	SAN		0.638545	15.4248	0.548897	14.8464	free	SAN
DRENT	5	800	359	2	359	7	0.0125348	0.00557103	113	2	0.0176991	67	0	100	0.02	False	True	0.681416	0	0	0.318584	0.651811	0	0	0.348189	RENT	REN		0.505605	15.395	0.484122	15.2136	free	REN
EARNT	5	800	427	0	427	15	0.0175644	0	117	0	0	98	0.0408163	100	0.05	False	True	0.632479	0	0.0598291	0.307692	0.5363	0.00234192	0.058548	0.40281	EARN			0.470264	15.3636	0.401251	15.1724	free	EARN
RESES	5	800	377	16	377	24	0.0530504	0.0424403	105	5	0.047619	86	0.0581395	89	0.0898876	False	True	0.771429	0	0.0666667	0.161905	0.724138	0	0.0477454	0.228117	RES	RES		0.571113	15.3485	0.536743	16.5023	free	RES
TRANSE	6	1400	279	11	279	19	0.0537634	0.0394265	70	8	0.114286	56	0.0892857	75	0.08	False	True	0.757143	0	0.0142857	0.228571	0.724014	0	0.0286738	0.247312	RAN	RAN		0.562139	15.3193	0.538138	21.5626	free	RAN
REATAS	6	1400	201	1	201	3	0.00995025	0.00497512	57	0	0	39	0.025641	48	0.0208333	False	True	0.736842	0	0	0.263158	0.781095	0	0	0.218905	EAT	EAT		0.547506	15.2499	0.579504	17.896	free	EAT
TESTON	6	1400	172	0	172	6	0.0174419	0	53	0	0	25	0	44	0.0454545	False	True	0.792453	0	0	0.207547	0.813953	0	0	0.186047	TON	TON		0.587717	15.2212	0.603264	16.0799	free	TON
IDEATE	6	1400	148	0	148	2	0.00675676	0	52	0	0	17	0	44	0.0227273	False	True	0.807692	0	0	0.192308	0.736486	0	0	0.263514	EAT	EAT		0.598737	15.214	0.547249	12.5515	free	EAT
RESIST	6	1400	176	7	176	8	0.0426136	0.0397727	51	0	0	36	0.0833333	46	0.130435	False	True	0.823529	0	0.0196078	0.156863	0.761364	0	0.0397727	0.198864	RES	RES		0.610126	15.2052	0.56511	14.3284	free	RES
ROSEAL	6	1400	147	0	147	1	0.00340136	0	48	0	0	27	0	44	0	False	True	0.875	0	0	0.125	0.823129	0	0	0.176871	ROSE	SEA		0.647406	15.1852	0.609899	13.8939	free	SEA
OLEATE	6	1400	122	0	122	0	0	0	47	0	0	16	0	26	0	False	False	0.893617	0	0	0.106383	0.877049	0	0	0.122951	LEAT	LEA		0.660868	15.178	0.648888	12.2681	free	LEA
TENIAS	6	1400	286	1	286	3	0.00699301	0.0034965	91	0	0	45	0	61	0.0491803	False	True	0.450549	0	0	0.549451	0.367133	0	0	0.632867	TEN			0.340492	15.1409	0.280175	12.2628	free	TEN
RESHOT	6	1400	116	1	116	1	0.00862069	0.00862069	50	1	0.02	19	0.0526316	30	0	False	True	0.86	0	0	0.14	0.853448	0	0.00862069	0.137931	RES	RES		0.63656	15.0643	0.631795	11.2025	free	RES
RASTA	5	800	416	15	416	5	0.0240385	0.0360577	129	5	0.0387597	73	0	104	0.00961538	False	True	0.612403	0	0.0155039	0.372093	0.632212	0	0.0240385	0.34375	RAST	RAST		0.45557	15.0139	0.469968	15.9847	free	RAST
TESTA	5	800	631	14	631	32	0.0364501	0.022187	167	2	0.011976	94	0.0638298	137	0.0729927	False	True	0.443114	0	0.257485	0.299401	0.454834	0	0.22187	0.323296	TEST		TATES,STATE	0.333413	14.9892	0.341816	17.8602	free	TEST
ARSINE	6	1400	262	9	262	7	0.0305344	0.0343511	73	8	0.109589	46	0.0434783	74	0.0405405	False	True	0.712329	0	0.0410959	0.246575	0.717557	0	0.0458015	0.236641	SINE	SINE	RAINES	0.529649	14.9843	0.533414	20.2631	free	SINE
ETENS	5	800	383	0	383	1	0.00130548	0	120	0	0	78	0	92	0	False	True	0.6	0	0.0833333	0.316667	0.535248	0	0.114883	0.349869	TENS			0.446763	14.9701	0.399865	13.5619	free	TENS
MATIER	6	1400	149	16	149	4	0.0671141	0.107383	51	2	0.0392157	22	0.0454545	36	0.0555556	False	True	0.862745	0	0	0.137255	0.899329	0	0	0.100671	MAT	MAT		0.638545	14.9362	0.664998	12.8756	free	MAT
HOSEN	5	800	254	5	254	3	0.015748	0.019685	97	0	0	43	0.0232558	69	0	False	True	0.742268	0	0.0206186	0.237113	0.748031	0.00787402	0.0433071	0.200787	HOSE		HONES	0.549822	14.8922	0.556702	12.079	free	HOSE
TEAED	5	800	291	3	291	6	0.0154639	0.0103093	94	0	0	38	0.0263158	60	0.0333333	False	True	0.765957	0	0	0.234043	0.831615	0	0	0.168385	TEA	TEA		0.566953	14.8813	0.614598	15.5721	free	TEA
SOREE	5	800	294	4	294	11	0.0255102	0.0136054	101	3	0.029703	48	0.0416667	63	0.031746	False	True	0.752475	0	0	0.247525	0.717687	0	0	0.282313	SORE	REE		0.55717	14.8759	0.531926	13.4945	free	REE
SIREE	5	800	321	4	321	31	0.0545171	0.0124611	102	1	0.00980392	55	0.145455	80	0.175	False	True	0.715686	0	0	0.284314	0.722741	0	0	0.277259	SIRE	REE		0.530474	14.8295	0.535593	14.8705	free	REE
ERASER	6	1400	240	1	240	37	0.0791667	0.00416667	57	1	0.0175439	55	0.218182	55	0.309091	False	True	0.736842	0	0.0350877	0.22807	0.745833	0	0.0166667	0.2375	RASER	RAS		0.547393	14.7581	0.553954	20.4481	free	RAS
HOTEN	5	800	237	3	237	1	0.00843882	0.0126582	96	2	0.0208333	36	0	69	0	False	True	0.770833	0	0	0.229167	0.780591	0	0	0.219409	HOTE	HOT		0.570492	14.7343	0.577572	11.8561	free	HOT
SATEM	5	800	327	1	327	2	0.00458716	0.0030581	105	0	0	47	0	66	0.0151515	False	True	0.67619	0	0.133333	0.190476	0.623853	0	0.214067	0.16208	SATE	SAT	MATES,TAMES	0.502193	14.724	0.464444	13.3605	free	SAT
STELAR	6	1400	320	26	320	14	0.0625	0.08125	83	8	0.0963855	61	0.0983607	69	0.0724638	False	True	0.614458	0	0.204819	0.180723	0.625	0	0.16875	0.20625	LAR	LAR	LASTER,SALTER	0.458354	14.6809	0.466093	19.0845	free	LAR
AREDES	6	1400	180	6	180	6	0.0333333	0.0333333	64	5	0.078125	34	0.117647	46	0.0869565	False	True	0.734375	0	0.046875	0.21875	0.644444	0	0.0555556	0.3	ARE			0.545572	14.6189	0.480516	12.474	free	ARE
STRENE	6	1400	202	0	202	1	0.00247525	0	61	0	0	32	0	45	0	False	True	0.655738	0	0.131148	0.213115	0.693069	0	0.0990099	0.207921	REN	REN		0.488439	14.5594	0.515537	16.1383	free	REN
CRESTA	6	1400	202	0	202	3	0.00742574	0	60	0	0	36	0	46	0.0217391	False	True	0.666667	0	0.116667	0.216667	0.594059	0	0.158416	0.247525	REST	RES	CATERS,CASTER,CARTES	0.496389	14.5538	0.443753	13.8912	free	RES
RESAID	6	1400	185	14	185	6	0.0540541	0.0756757	54	5	0.0925926	29	0.103448	48	0.0416667	False	True	0.87037	0	0.0185185	0.111111	0.87027	0	0.0216216	0.108108	RES	RES		0.643999	14.5502	0.643917	16.2912	free	RES
SETONS	6	1400	166	0	166	5	0.0150602	0	54	0	0	33	0.030303	48	0.0625	False	True	0.740741	0	0	0.259259	0.771084	0	0.0120482	0.216867	TONS	TON		0.550325	14.5217	0.572228	14.7206	free	TON
MISATE	6	1400	144	3	144	1	0.0138889	0.0208333	49	0	0	21	0.047619	37	0	False	True	0.816327	0	0	0.183673	0.854167	0	0	0.145833	SATE	SAT		0.60498	14.4857	0.632342	13.6462	free	SAT
PAREN	5	800	265	22	265	24	0.0867925	0.0830189	93	8	0.0860215	47	0.148936	62	0.0967742	False	True	0.870968	0	0	0.129032	0.920755	0	0	0.0792453	PARE	PARE		0.643155	14.468	0.679283	13.9925	free	PARE
ARTIER	6	1400	211	17	211	11	0.0663507	0.0805687	65	10	0.153846	44	0.0909091	49	0.0612245	False	True	0.815385	0.0153846	0	0.169231	0.649289	0.014218	0	0.336493	TIER	TIE		0.607256	14.4015	0.48693	13.2875	free	TIE
TANTI	5	800	294	9	294	9	0.0306122	0.0306122	93	1	0.0107527	44	0.0681818	69	0.0434783	False	True	0.763441	0	0.0215054	0.215054	0.806122	0	0.0170068	0.176871	TAN	TAN		0.565188	14.3979	0.596148	14.7237	free	TAN
ALIST	5	800	436	14	436	10	0.0275229	0.0321101	146	5	0.0342466	70	0.0285714	129	0.0387597	False	True	0.506849	0.0205479	0.0547945	0.417808	0.580275	0.00917431	0.0550459	0.355505	LIST	LIST	TAILS	0.385958	14.3385	0.435437	15.5723	free	LIST
INSET	5	800	775	16	775	23	0.0251613	0.0206452	239	11	0.0460251	141	0.035461	185	0.0540541	False	True	0.343096	0	0.271967	0.384937	0.350968	0	0.292903	0.356129	SET		TINES	0.260876	14.3384	0.266648	16.8831	free	SET
RANID	5	800	302	5	302	7	0.0198675	0.0165563	97	2	0.0206186	55	0.0181818	83	0	False	True	0.742268	0	0.0206186	0.237113	0.745033	0	0.013245	0.241722	RAN	RAN		0.549822	14.3337	0.551807	14.3144	free	RAN
ELAIN	5	800	377	2	377	7	0.0119363	0.00530504	133	1	0.0075188	56	0.0178571	103	0.00970874	False	True	0.526316	0	0.075188	0.398496	0.564987	0.00265252	0.066313	0.366048	LAIN			0.39327	14.326	0.422194	13.9178	free	LAIN
STERANE	7	1800	172	2	172	2	0.0116279	0.0116279	51	0	0	36	0.0555556	36	0.0277778	False	True	0.627451	0	0.0980392	0.27451	0.651163	0	0.0581395	0.290698	RAN	RAN		0.446193	14.2969	0.463103	15.4723	free	RAN
IRADE	5	800	366	2	366	10	0.0163934	0.00546448	119	1	0.00840336	60	0.0333333	91	0.0549451	False	True	0.579832	0.0168067	0.0756303	0.327731	0.508197	0.00819672	0.128415	0.355191	RADE			0.437726	14.2658	0.383015	12.2367	free	RADE
OSTEAL	6	1400	175	0	175	2	0.00571429	0	53	0	0	26	0	45	0.0222222	False	True	0.735849	0	0	0.264151	0.748571	0	0.00571429	0.245714	STEAL	TEA		0.546788	14.1611	0.555969	15.0778	free	TEA
ANEAR	5	800	343	0	343	5	0.00728863	0	106	0	0	55	0.0363636	82	0.0243902	False	True	0.641509	0	0	0.358491	0.603499	0	0	0.396501	NEAR			0.476647	14.1081	0.449064	13.6399	free	NEAR
PEARST	6	1400	133	0	133	6	0.0225564	0	46	0	0	26	0.0769231	33	0.121212	False	True	0.847826	0	0.0434783	0.108696	0.879699	0	0.037594	0.0827068	PEARS	PEARS	PATERS,TAPERS,PASTER	0.627617	14.1077	0.650683	13.4113	free	PEARS
SITARS	6	1400	197	13	197	7	0.0507614	0.0659898	50	3	0.06	47	0.0851064	59	0.0677966	False	True	0.86	0	0	0.14	0.827411	0	0	0.172589	TARS	SIT		0.63656	14.087	0.612995	16.6996	free	SIT
NEATH	5	800	311	3	311	27	0.0482315	0.0096463	113	1	0.00884956	51	0.0784314	79	0.0886076	False	True	0.610619	0	0.0176991	0.371681	0.614148	0	0.0096463	0.376206	NEAT	EAT		0.454282	14.0548	0.456819	12.3153	free	EAT
TORANS	6	1400	174	12	174	9	0.0603448	0.0689655	52	6	0.115385	34	0.0882353	43	0.0465116	False	True	0.903846	0	0	0.0961538	0.885057	0	0	0.114943	TOR	TOR		0.668264	14.0487	0.654679	15.7936	free	TOR
ARSON	5	800	325	3	325	6	0.0138462	0.00923077	107	1	0.00934579	62	0.016129	86	0.0348837	False	True	0.64486	0	0.00934579	0.345794	0.587692	0	0.0123077	0.4	SON	SON		0.479105	14.0354	0.437629	12.3294	free	SON
RESOD	5	800	383	27	383	8	0.0456919	0.0704961	127	5	0.0393701	68	0.0147059	102	0	False	True	0.582677	0	0.307087	0.110236	0.62141	0	0.255875	0.122715	RES	RES	DORES	0.434829	14.024	0.46279	13.3052	free	RES
ARETTS	6	1400	260	4	260	21	0.0480769	0.0153846	59	4	0.0677966	57	0.122807	43	0.139535	False	True	0.745763	0	0.0847458	0.169492	0.788462	0	0.0846154	0.126923	RET	RET	TATERS,STATER	0.553684	14.0085	0.58456	22.9333	free	RET
SANIES	6	1400	204	18	204	4	0.0539216	0.0882353	62	5	0.0806452	39	0.0512821	54	0.037037	False	True	0.725806	0	0	0.274194	0.715686	0	0	0.284314	SAN	SAN		0.539526	13.9026	0.532209	14.0357	free	SAN
TORSEL	6	1400	149	7	149	9	0.0536913	0.0469799	54	2	0.037037	38	0.131579	46	0.173913	False	True	0.759259	0	0	0.240741	0.751678	0	0	0.248322	TORSE	TORSE		0.563716	13.8977	0.558234	11.8051	free	TORSE
NORITE	6	1400	179	3	179	0	0.00837989	0.0167598	53	2	0.0377358	34	0	55	0	False	True	0.773585	0	0	0.226415	0.759777	0	0	0.240223	RITE	RIT		0.574074	13.8905	0.56409	15.1827	free	RIT
EARTHS	6	1400	154	5	153	22	0.0879479	0.0324675	51	2	0.0392157	36	0.0833333	47	0.148936	False	True	0.803922	0	0	0.196078	0.688312	0.00649351	0.0454545	0.25974	EAR		HATERS	0.59601	13.8761	0.513516	11.4804	free	EAR
SILENT	6	1400	149	2	149	8	0.033557	0.0134228	59	0	0	31	0.129032	42	0.119048	False	True	0.644068	0	0	0.355932	0.57047	0	0.00671141	0.422819	SILE			0.480422	13.8509	0.427183	9.55395	free	SILE
SOLEI	5	800	255	0	255	1	0.00196078	0	88	0	0	35	0	69	0.0144928	False	True	0.761364	0	0	0.238636	0.721569	0	0	0.278431	SOLE	SOL		0.56362	13.8495	0.534742	12.0752	free	SOL
TELOS	5	800	297	1	297	3	0.00673401	0.003367	106	1	0.00943396	47	0	73	0.0136986	False	True	0.641509	0	0.141509	0.216981	0.619529	0	0.117845	0.262626	LOS	LOS	TOLES	0.47705	13.8408	0.461032	12.0369	free	LOS
TONITE	6	1400	136	3	136	5	0.0294118	0.0220588	45	2	0.0444444	24	0	34	0.0588235	False	True	0.911111	0	0	0.0888889	0.889706	0	0	0.110294	TON	TON		0.673518	13.833	0.65804	13.4039	free	TON
RESIANT	7	1800	135	0	135	3	0.0111111	0	41	0	0	33	0.030303	31	0	False	True	0.756098	0	0	0.243902	0.748148	0	0.0296296	0.222222	RES	RES	RETAINS	0.536961	13.8317	0.531158	14.2873	free	RES
ARTSIE	6	1400	341	0	341	3	0.00439883	0	105	0	0	60	0.0166667	89	0.011236	False	True	0.352381	0	0	0.647619	0.278592	0	0.0351906	0.686217	ARTS			0.269508	13.8281	0.216039	11.4165	free	ARTS
TASAR	5	800	272	0	272	1	0.00183824	0	80	0	0	44	0	83	0.0120482	False	True	0.8375	0	0	0.1625	0.834559	0	0	0.165441	TAS	TAS		0.618869	13.8246	0.616734	14.8551	free	TAS
RETAG	5	800	255	5	255	6	0.0215686	0.0196078	93	1	0.0107527	46	0	81	0.0493827	False	True	0.731183	0	0.172043	0.0967742	0.705882	0	0.196078	0.0980392	RET	RET	GATER	0.542209	13.8012	0.523918	11.388	free	RET
TENAIL	6	1400	166	9	166	13	0.0662651	0.0542169	58	3	0.0517241	29	0.275862	51	0.137255	False	True	0.724138	0	0.0172414	0.258621	0.686747	0	0.0060241	0.307229	NAIL			0.538265	13.7896	0.511264	11.7575	free	NAIL
DORISE	6	1400	131	1	131	2	0.0114504	0.00763359	48	0	0	25	0	39	0	False	True	0.791667	0	0	0.208333	0.80916	0	0	0.19084	DOR	DOR		0.587149	13.7719	0.599798	12.0216	free	DOR
RATAS	5	800	326	33	326	29	0.095092	0.101227	88	9	0.102273	62	0.0483871	84	0.119048	False	True	0.897727	0	0.0227273	0.0795455	0.904908	0	0.0122699	0.0828221	RAT	RAT		0.662638	13.7695	0.667819	16.3568	free	RAT
SAIREST	7	1800	138	8	138	4	0.0434783	0.057971	40	5	0.125	25	0.12	36	0.0833333	False	True	0.95	0	0	0.05	0.934783	0	0	0.0652174	AIREST	SAI		0.672555	13.7605	0.661914	16.6061	free	SAI
STATOR	6	1400	136	0	136	1	0.00367647	0	43	0	0	22	0.0454545	27	0	False	True	0.883721	0	0	0.116279	0.911765	0	0	0.0882353	STAT	STAT		0.653712	13.7359	0.67399	14.205	free	STAT
ENDEAR	6	1400	110	1	110	4	0.0227273	0.00909091	43	0	0	20	0.05	24	0.0416667	False	True	0.883721	0	0	0.116279	0.836364	0	0.00909091	0.154545	END			0.653712	13.7359	0.61944	10.4044	free	END
EARTH	5	800	349	8	348	45	0.0760402	0.0229226	101	5	0.049505	70	0.1	108	0.148148	False	True	0.722772	0	0.0693069	0.207921	0.638968	0.00286533	0.123209	0.234957	EAR		HATER	0.535813	13.7151	0.476112	14.006	free	EAR
MANET	5	800	257	9	257	16	0.0486381	0.0350195	82	2	0.0243902	40	0.025	70	0.114286	False	True	0.841463	0	0.0121951	0.146341	0.840467	0	0.0077821	0.151751	MANE	MANE		0.621779	13.6784	0.621044	13.337	free	MANE
RANIDS	6	1400	120	2	120	6	0.0333333	0.0166667	48	1	0.0208333	19	0.0526316	35	0	False	True	0.8125	0	0	0.1875	0.833333	0	0.00833333	0.158333	RAN	RAN		0.602213	13.6366	0.617251	11.1687	free	RAN
IDENTS	6	1400	179	0	179	3	0.00837989	0	57	0	0	35	0.0285714	38	0.0526316	False	True	0.649123	0.0175439	0	0.333333	0.575419	0.00558659	0	0.418994	DENTS			0.487449	13.5771	0.431857	11.9796	free	DENTS
ONSET	5	800	583	4	583	10	0.0120069	0.00686106	187	1	0.00534759	102	0.0196078	140	0.0214286	False	True	0.347594	0	0.283422	0.368984	0.349914	0	0.248714	0.401372	SET		TONES,STONE	0.264172	13.5149	0.265757	13.3661	free	SET
AREAL	5	800	350	0	350	7	0.01	0	104	0	0	61	0.0163934	89	0.0337079	False	True	0.625	0	0	0.375	0.642857	0	0	0.357143	REAL			0.464667	13.494	0.477625	14.8035	free	REAL
SENSEI	6	1400	126	0	126	1	0.00396825	0	51	0	0	15	0	31	0	False	True	0.72549	0	0	0.27451	0.722222	0	0	0.277778	SEN			0.539298	13.4401	0.536935	10.4843	free	SEN
SATIRES	7	1800	150	12	150	16	0.0933333	0.08	34	2	0.0588235	30	0.1	34	0.0882353	False	True	0.970588	0	0	0.0294118	0.946667	0	0	0.0533333	TIRES	TIRES		0.686952	13.4176	0.670224	17.6401	free	TIRES
HERETO	6	1400	119	0	119	6	0.0252101	0	44	0	0	23	0.0869565	32	0.09375	False	True	0.840909	0	0	0.159091	0.848739	0	0	0.151261	HERE	RET		0.622756	13.3898	0.628418	11.5889	free	RET
DRATS	5	800	407	28	407	52	0.0982801	0.0687961	104	12	0.115385	70	0.171429	114	0.166667	False	True	0.778846	0	0.0288462	0.192308	0.759214	0	0.034398	0.206388	RATS	RAT		0.576388	13.3876	0.562158	17.7816	free	RAT
SARAN	5	800	248	7	248	2	0.0181452	0.0282258	77	3	0.038961	49	0	62	0	False	True	0.896104	0	0	0.103896	0.858871	0	0.0120968	0.129032	SAR	RAN		0.661395	13.3829	0.634411	13.3127	free	RAN
HALEST	6	1400	137	3	137	6	0.0328467	0.0218978	43	0	0	27	0.111111	36	0.0555556	False	True	0.860465	0	0	0.139535	0.79562	0	0.00729927	0.19708	HALES			0.636896	13.3826	0.589984	12.061	free	HALES
RETARD	6	1400	142	0	142	17	0.0598592	0	42	0	0	30	0.166667	40	0.15	False	True	0.880952	0	0.0238095	0.0952381	0.866197	0	0.0140845	0.119718	RET	RET		0.651634	13.3738	0.640996	14.1056	free	RET
RATLIN	6	1400	124	0	124	4	0.016129	0	41	0	0	19	0.0526316	38	0.0526316	False	True	0.902439	0	0	0.097561	0.830645	0	0	0.169355	RAT	RAT		0.667247	13.3682	0.615334	11.8244	free	RAT
LINOS	5	800	227	3	227	6	0.0198238	0.0132159	86	1	0.0116279	37	0.0540541	57	0.0175439	False	True	0.767442	0	0.0465116	0.186047	0.77533	0	0.0220264	0.202643	LIN	LIN		0.568163	13.3646	0.573818	11.2691	free	LIN
SLIER	5	800	392	15	392	22	0.0471939	0.0382653	129	3	0.0232558	75	0.0666667	103	0.0485437	False	True	0.527132	0	0.0775194	0.395349	0.492347	0	0.127551	0.380102	LIER			0.393869	13.3498	0.368769	11.4729	free	LIER
AERATE	6	1400	223	1	223	4	0.0112108	0.0044843	57	1	0.0175439	39	0.0512821	48	0.0208333	False	True	0.666667	0	0	0.333333	0.744395	0	0	0.255605	RATE	RATE		0.496763	13.3479	0.552967	18.9547	free	RATE
SILANE	6	1400	193	4	193	5	0.0233161	0.0207254	75	2	0.0266667	35	0.0571429	51	0.0196078	False	True	0.52	0	0.0933333	0.386667	0.512953	0	0.103627	0.38342	LANE		ALINES	0.390411	13.3309	0.385282	10.9036	free	LANE
REATA	5	800	407	2	407	7	0.0110565	0.004914	114	0	0	70	0.0285714	92	0.0108696	False	True	0.561404	0	0	0.438596	0.574939	0	0	0.425061	EAT	EAT		0.418518	13.3224	0.428339	15.2609	free	EAT
ENSEAR	6	1400	197	2	197	0	0.00507614	0.0101523	52	1	0.0192308	38	0	44	0	False	True	0.730769	0	0	0.269231	0.771574	0	0	0.228426	SEAR	SEA		0.543115	13.312	0.57262	17.1716	free	SEA
SONSE	5	800	269	0	269	8	0.0148699	0	99	0	0	46	0	68	0.0441176	False	True	0.646465	0	0.0505051	0.30303	0.650558	0	0.0594796	0.289963	SON	SON		0.480386	13.2798	0.483382	11.5147	free	SON
IRONE	5	800	400	3	400	42	0.05625	0.0075	140	2	0.0142857	69	0.173913	121	0.190083	False	True	0.471429	0	0	0.528571	0.44	0	0	0.56	RONE			0.353227	13.25	0.33042	11.4384	free	RONE
PARENS	6	1400	136	11	136	11	0.0808824	0.0808824	47	4	0.0851064	29	0.137931	33	0.121212	False	True	0.893617	0	0	0.106383	0.941176	0	0	0.0588235	PARE	PARE		0.660868	13.2234	0.695257	12.9485	free	PARE
SLART	5	800	337	10	337	13	0.0341246	0.0296736	97	1	0.0103093	63	0.047619	85	0.0235294	False	True	0.670103	0	0	0.329897	0.649852	0	0	0.350148	LAR	LAR		0.497396	13.193	0.4827	13.5196	free	LAR
LAREE	5	800	234	1	234	26	0.0576923	0.0042735	70	0	0	41	0.219512	44	0.181818	False	True	0.914286	0	0.0142857	0.0714286	0.876068	0	0.00854701	0.115385	LARE	LARE	LEARE	0.674629	13.1865	0.64688	13.3159	free	LARE
DINOS	5	800	236	14	236	19	0.0699153	0.059322	96	9	0.09375	34	0.0882353	62	0.0806452	False	True	0.791667	0	0	0.208333	0.758475	0	0	0.241525	DIN	DIN		0.585609	13.1849	0.561523	10.4954	free	DIN
DEAIR	5	800	321	0	321	11	0.017134	0	115	0	0	45	0.0444444	88	0.0454545	False	True	0.547826	0	0.121739	0.330435	0.551402	0	0.0778816	0.370717	AIR	AIR		0.409012	13.1341	0.411482	11.6968	free	AIR
URINES	6	1400	116	3	116	4	0.0301724	0.0258621	46	2	0.0434783	17	0	37	0.0810811	False	True	0.847826	0	0	0.152174	0.775862	0.00862069	0	0.215517	RINES	RINES		0.627757	13.1335	0.577378	9.91434	free	RINES
ELANET	6	1400	157	0	157	0	0	0	56	0	0	31	0	44	0	False	False	0.642857	0	0	0.357143	0.598726	0	0	0.401274	LANE			0.479547	13.1227	0.447636	10.8911	free	LANE
SERER	5	800	338	7	338	10	0.0251479	0.0207101	101	0	0	67	0.0447761	95	0.0315789	False	True	0.623762	0	0	0.376238	0.538462	0	0	0.461538	SERE			0.463769	13.0794	0.40187	11.4086	free	SERE
SERANG	6	1400	158	0	158	1	0.00316456	0	47	0	0	34	0.0294118	35	0.0285714	False	True	0.765957	0	0.0851064	0.148936	0.791139	0	0.0316456	0.177215	RANG	RANG	RANGES	0.568286	13.0517	0.586666	14.3647	free	RANG
ROTANS	6	1400	161	16	161	7	0.0714286	0.0993789	51	3	0.0588235	24	0.0833333	47	0.0638298	False	True	0.784314	0	0.0196078	0.196078	0.819876	0	0.00621118	0.173913	ROT	ROT		0.581769	13.0326	0.607527	12.6784	free	ROT
RANEE	5	800	257	0	257	4	0.0077821	0	75	0	0	36	0	63	0	False	True	0.84	0	0	0.16	0.785992	0	0	0.214008	RAN	RAN		0.620683	12.9986	0.581492	13.2339	free	RAN
SENSI	5	800	424	11	424	4	0.0176887	0.0259434	147	6	0.0408163	76	0.0131579	103	0.0194175	False	True	0.47619	0	0.258503	0.265306	0.507075	0	0.259434	0.233491	SEN		SINES	0.357418	12.9956	0.379833	13.2875	free	SEN
SALINA	6	1400	93	1	93	2	0.016129	0.0107527	38	0	0	7	0.142857	23	0.0434783	False	True	0.947368	0	0	0.0526316	0.924731	0	0	0.0752688	SAL	SAL		0.699735	12.9933	0.683366	9.69385	free	SAL
CANST	5	800	196	3	196	4	0.0178571	0.0153061	73	0	0	29	0.103448	52	0.0192308	False	True	0.863014	0	0.0136986	0.123288	0.790816	0	0.0102041	0.19898	CANS	CAN	CANTS	0.637422	12.9932	0.585021	9.88835	free	CAN
SILEN	5	800	394	7	394	19	0.0329949	0.0177665	143	1	0.00699301	65	0.0923077	107	0.0934579	False	True	0.440559	0	0.104895	0.454545	0.444162	0	0.147208	0.408629	SILE		LINES	0.331125	12.9427	0.33386	11.0286	free	SILE
SERINES	7	1800	105	1	105	9	0.047619	0.00952381	34	0	0	29	0.103448	29	0.206897	False	True	0.852941	0	0	0.147059	0.790476	0	0	0.209524	RINES	RINES		0.604683	12.9168	0.561002	11.5375	free	RINES
OREAD	5	800	321	0	321	2	0.00311526	0	111	0	0	55	0	89	0.011236	False	True	0.558559	0	0.036036	0.405405	0.492212	0	0.0311526	0.476636	READ			0.416556	12.911	0.368397	10.472	free	READ
SNITS	5	800	439	34	439	31	0.0740319	0.0774487	146	12	0.0821918	90	0.0444444	97	0.0515464	False	True	0.534247	0	0	0.465753	0.501139	0	0	0.498861	NITS			0.398811	12.9079	0.374786	11.5591	free	NITS
MEREST	6	1400	122	2	122	15	0.0696721	0.0163934	43	1	0.0232558	28	0.214286	28	0.321429	False	True	0.860465	0	0	0.139535	0.827869	0	0.00819672	0.163934	MERES	RES		0.636896	12.8939	0.6133	11.2853	free	RES
AREAD	5	800	287	0	287	5	0.0087108	0	92	0	0	57	0.0175439	67	0.0597015	False	True	0.673913	0	0	0.326087	0.630662	0	0	0.369338	READ			0.500161	12.8488	0.468775	11.914	free	READ
ARTEL	5	800	456	2	456	23	0.0274123	0.00438596	122	0	0	88	0.0909091	107	0.0841121	False	True	0.491803	0.0245902	0.180328	0.303279	0.429825	0.0219298	0.188596	0.359649	ART		LATER	0.376749	12.8345	0.330908	13.1852	free	ART
REDAN	5	800	370	42	370	16	0.0783784	0.113514	136	21	0.154412	54	0.0555556	94	0.0744681	False	True	0.661765	0	0.0220588	0.316176	0.697297	0	0.0162162	0.286486	RED	DAN		0.491408	12.7976	0.517176	13.226	free	DAN
TANIST	6	1400	177	0	177	0	0	0	56	0	0	29	0	52	0	False	False	0.625	0	0	0.375	0.689266	0	0.0169492	0.293785	TAN	TAN		0.466635	12.7693	0.51305	14.0728	free	TAN
DEAIRS	6	1400	143	0	143	7	0.0244755	0	55	0	0	24	0.0833333	41	0.0487805	False	True	0.636364	0	0.145455	0.218182	0.608392	0	0.0979021	0.293706	AIRS	AIRS		0.474384	12.7496	0.454311	10.0679	free	AIRS
HAERES	6	1400	180	0	180	1	0.00277778	0	54	0	0	39	0.025641	40	0.025	False	True	0.648148	0	0.0740741	0.277778	0.572222	0	0.1	0.327778	RES	RES		0.483135	12.7487	0.428151	11.9431	free	RES
SHERO	5	800	309	1	309	1	0.00323625	0.00323625	115	0	0	67	0	79	0.0126582	False	True	0.530435	0	0.13913	0.330435	0.504854	0	0.12945	0.365696	SHE			0.396441	12.7304	0.377851	10.2507	free	SHE
ENTAIL	6	1400	178	15	178	18	0.0926966	0.0842697	59	6	0.101695	39	0.153846	48	0.1875	False	True	0.728814	0	0	0.271186	0.792135	0	0	0.207865	TAIL	TAIL		0.541701	12.6857	0.587488	13.8811	free	TAIL
SARNIE	6	1400	200	13	200	3	0.04	0.065	58	6	0.103448	43	0	51	0	False	True	0.741379	0	0.0172414	0.241379	0.705	0	0.03	0.265	SAR		RAINES	0.550732	12.6769	0.524385	14.2382	free	SAR
TORTEN	6	1400	142	2	142	4	0.0211268	0.0140845	43	0	0	19	0.0526316	35	0.0285714	False	True	0.813953	0	0	0.186047	0.760563	0	0.0211268	0.21831	TORTE	TOR		0.603264	12.6759	0.564591	12.1143	free	TOR
NITRO	5	800	411	7	411	26	0.040146	0.0170316	142	7	0.0492958	74	0.0810811	114	0.114035	False	True	0.492958	0	0.0140845	0.492958	0.413625	0	0.00729927	0.579075	NIT			0.36889	12.6722	0.311302	10.7102	free	NIT
RIDENT	6	1400	134	1	134	1	0.00746269	0.00746269	42	0	0	28	0	42	0	False	True	0.833333	0	0.0238095	0.142857	0.731343	0.00746269	0.0373134	0.223881	RIDE		TINDER	0.617201	12.6672	0.544844	11.1593	free	RIDE
RESIGN	6	1400	135	3	135	21	0.0888889	0.0222222	42	0	0	31	0.290323	37	0.27027	False	True	0.833333	0	0.0714286	0.0952381	0.777778	0	0.0518519	0.17037	RES	RES	SINGER	0.617048	12.664	0.57694	11.6052	free	RES
SARTOR	6	1400	113	0	113	1	0.00442478	0	37	0	0	23	0	27	0	False	True	0.945946	0	0	0.0540541	0.867257	0	0	0.132743	SAR	TOR		0.698706	12.6328	0.641807	11.2391	free	TOR
PETAR	5	800	282	0	282	6	0.0106383	0	82	0	0	57	0.0526316	73	0.0410959	False	True	0.743902	0	0.170732	0.0853659	0.765957	0	0.134752	0.0992908	PET	TAR	TAPER,PATER	0.551435	12.6262	0.567337	14.1677	free	TAR
DENET	5	800	277	6	277	13	0.034296	0.0216606	92	3	0.0326087	53	0.0566038	78	0.0512821	False	True	0.706522	0	0	0.293478	0.707581	0	0	0.292419	DEN			0.523823	12.619	0.524592	12.3367	free	DEN
ENATE	5	800	563	50	563	33	0.0737123	0.0888099	176	33	0.1875	96	0.0729167	125	0.08	False	True	0.590909	0.0113636	0.0340909	0.363636	0.515098	0.0230906	0.0337478	0.428064	NAT			0.443826	12.5971	0.392734	15.1525	free	NAT
RIANT	5	800	377	1	377	2	0.00397878	0.00265252	121	0	0	60	0.0166667	103	0.00970874	False	True	0.495868	0	0.0578512	0.446281	0.506631	0	0.0795756	0.413793	ANT			0.371126	12.5393	0.378998	12.5643	free	ANT
LATRON	6	1400	112	2	112	1	0.0133929	0.0178571	42	1	0.0238095	21	0	36	0.0277778	False	True	0.857143	0	0	0.142857	0.821429	0	0	0.178571	LAT	LAT		0.634494	12.5334	0.608669	10.2545	free	LAT
NERITES	7	1800	157	0	157	0	0	0	43	0	0	30	0	28	0	False	False	0.651163	0	0.0232558	0.325581	0.681529	0	0.0254777	0.292994	RITES	RIT		0.46339	12.5188	0.484606	15.1594	free	RIT
DITONES	7	1800	64	0	64	2	0.015625	0	29	0	0	8	0	20	0.05	False	True	0.965517	0	0	0.0344828	0.921875	0	0	0.078125	TONES	TONES		0.683406	12.4516	0.652888	8.32551	free	TONES
SEDAN	5	800	339	5	339	4	0.0132743	0.0147493	115	1	0.00869565	47	0.0212766	75	0.0133333	False	True	0.530435	0	0.026087	0.443478	0.560472	0	0.0560472	0.383481	DAN	DAN		0.396119	12.4408	0.418001	12.1056	free	DAN
TAROTS	6	1400	168	9	168	9	0.0535714	0.0535714	49	5	0.102041	26	0	39	0.0769231	False	True	0.836735	0	0	0.163265	0.886905	0	0.00595238	0.107143	TAR	TAR		0.619737	12.3958	0.655995	15.6841	free	TAR
EALES	5	800	486	5	486	7	0.0123457	0.0102881	132	2	0.0151515	81	0	118	0	False	True	0.371212	0.204545	0.0757576	0.348485	0.226337	0.228395	0.139918	0.40535	ALES		LEASE	0.349127	12.3099	0.252156	10.4094	free	ALES
AMORET	6	1400	120	0	120	1	0.00416667	0	41	0	0	27	0	33	0.030303	False	True	0.829268	0	0	0.170732	0.85	0	0	0.15	MORE	MORE		0.614338	12.3082	0.629329	11.7033	free	MORE
RATITE	6	1400	170	1	170	6	0.0205882	0.00588235	40	0	0	23	0.0869565	45	0.0444444	False	True	0.85	0	0	0.15	0.894118	0	0.0117647	0.0941176	TITE	TITE		0.629329	12.301	0.661192	17.2641	free	TITE
SEASON	6	1400	95	0	95	1	0.00526316	0	35	0	0	12	0	18	0	False	True	0.971429	0	0	0.0285714	0.978947	0	0	0.0210526	SEA	SEA		0.717132	12.2651	0.722569	10.6378	free	SEA
ANTAE	5	800	314	0	314	2	0.00318471	0	95	0	0	49	0	87	0.0114943	False	True	0.621053	0	0	0.378947	0.60828	0	0	0.39172	ANT			0.461802	12.2503	0.452534	12.5832	free	ANT
HANSE	5	800	254	2	254	10	0.023622	0.00787402	91	0	0	42	0.047619	77	0.0649351	False	True	0.648352	0	0.010989	0.340659	0.653543	0	0.00393701	0.34252	HAN	HAN		0.481643	12.2386	0.485391	10.7407	free	HAN
TENORS	6	1400	210	15	210	15	0.0714286	0.0714286	66	7	0.106061	49	0.122449	59	0.0677966	False	True	0.651515	0	0.19697	0.151515	0.595238	0	0.190476	0.214286	TEN		TONERS,STONER	0.485175	12.2269	0.444503	12.1412	free	TEN
STEREO	6	1400	240	0	240	3	0.00625	0	76	0	0	62	0.016129	55	0.0363636	False	True	0.434211	0	0	0.565789	0.345833	0	0	0.654167	STERE			0.328677	12.2064	0.264773	9.84766	free	STERE
TAIRA	5	800	302	0	302	1	0.00165563	0	79	0	0	38	0	84	0	False	True	0.746835	0	0.0126582	0.240506	0.81457	0	0.00331126	0.182119	TAI	TAI		0.553113	12.2013	0.602238	16.1059	free	TAI
LACETS	6	1400	109	1	109	15	0.0733945	0.00917431	44	1	0.0227273	18	0.444444	29	0.310345	False	True	0.795455	0	0	0.204545	0.788991	0	0	0.211009	LACE	LACE		0.589888	12.1944	0.585214	9.73032	free	LACE
ENSEAL	6	1400	129	3	129	0	0.0116279	0.0232558	41	1	0.0243902	25	0	29	0	False	True	0.853659	0	0	0.146341	0.744186	0	0	0.255814	SEAL	SEA		0.631974	12.1729	0.552816	10.5865	free	SEA
RAIAS	5	800	192	2	192	6	0.0208333	0.0104167	69	0	0	28	0	49	0.0408163	False	True	0.855072	0	0.0144928	0.130435	0.770833	0	0.00520833	0.223958	RAI	RAI		0.631661	12.1702	0.570506	9.52289	free	RAI
TEEND	5	800	183	0	183	24	0.0655738	0	65	0	0	33	0.272727	50	0.26	False	True	0.907692	0	0	0.0923077	0.84153	0	0	0.15847	TEEN	TEE		0.669804	12.157	0.621793	10.0764	free	TEE
TEAING	6	1400	148	12	148	2	0.0472973	0.0810811	51	7	0.137255	22	0	36	0.0277778	False	True	0.843137	0	0.0196078	0.137255	0.851351	0	0.027027	0.121622	TEA	TEA		0.624304	12.138	0.630219	12.5948	free	TEA
ANESTRI	7	1800	155	1	155	0	0.00322581	0.00645161	44	0	0	26	0	36	0	False	True	0.613636	0	0.0227273	0.363636	0.458065	0	0.0580645	0.483871	NEST		RETAINS	0.437153	12.0846	0.328072	9.93271	free	NEST
LORAN	5	800	186	6	186	1	0.0188172	0.0322581	75	4	0.0533333	38	0.0263158	40	0	False	True	0.853333	0	0	0.146667	0.870968	0	0	0.129032	LOR	LOR		0.630358	12.0843	0.643155	10.0621	free	LOR
TRENISE	7	1800	126	0	126	1	0.00396825	0	43	0	0	31	0.0322581	37	0	False	True	0.627907	0	0.0232558	0.348837	0.626984	0	0.031746	0.34127	REN	REN		0.447128	12.0795	0.446412	11.2073	free	REN
TRINAL	6	1400	135	0	135	2	0.00740741	0	57	0	0	24	0	32	0.03125	False	True	0.578947	0	0	0.421053	0.637037	0	0	0.362963	TRIN	RIN		0.433335	12.0698	0.475338	9.94454	free	RIN
URENT	5	800	207	0	207	0	0	0	79	0	0	48	0	66	0	False	False	0.734177	0	0.0126582	0.253165	0.729469	0	0.00483092	0.2657	RENT	REN		0.543928	11.9987	0.540489	9.90756	free	REN
TRESS	5	800	314	8	314	20	0.044586	0.0254777	93	6	0.0645161	55	0.0181818	67	0.0447761	False	True	0.709677	0	0	0.290323	0.630573	0	0	0.369427	RES	RES		0.526113	11.987	0.468711	12.3246	free	RES
IDENT	5	800	335	0	335	5	0.00746269	0	109	0	0	66	0.030303	92	0.0326087	False	True	0.522936	0.00917431	0.0275229	0.440367	0.513433	0.00597015	0.0716418	0.408955	DENT			0.39375	11.9843	0.385908	11.4482	free	DENT
RESTEM	6	1400	124	2	124	1	0.0120968	0.016129	45	0	0	30	0	32	0.03125	False	True	0.733333	0	0	0.266667	0.733871	0	0.0241935	0.241935	REST	RES		0.544969	11.9836	0.54528	10.1683	free	RES
RESEDA	6	1400	136	0	136	0	0	0	44	0	0	29	0	37	0	False	False	0.75	0	0.0681818	0.181818	0.75	0	0.0367647	0.213235	RES	RES		0.556801	11.9717	0.556902	11.7372	free	RES
EROTIC	6	1400	109	1	109	0	0.00458716	0.00917431	43	0	0	13	0	31	0	False	True	0.767442	0	0	0.232558	0.697248	0	0	0.302752	ROT	ROT		0.569632	11.9692	0.518876	8.60975	free	ROT
PETARS	6	1400	129	0	129	4	0.0155039	0	40	0	0	30	0.0666667	36	0.0555556	False	True	0.825	0	0.1	0.075	0.806202	0	0.0930233	0.100775	TARS	TAR	PATERS,TAPERS,PASTER	0.610931	11.9414	0.59736	11.9419	free	TAR
SALSE	5	800	256	3	256	12	0.0292969	0.0117188	82	1	0.0121951	42	0.0714286	66	0.0909091	False	True	0.719512	0	0.146341	0.134146	0.738281	0	0.117188	0.144531	SAL	SAL	LASES	0.533667	11.9402	0.547204	12.1394	free	SAL
ALIEN	5	800	383	4	383	31	0.0456919	0.0104439	135	1	0.00740741	65	0.0461538	93	0.129032	False	True	0.42963	0	0.133333	0.437037	0.43342	0.00522193	0.172324	0.389034	LIE			0.323275	11.907	0.327883	10.7664	free	LIE
RETORE	6	1400	138	10	138	5	0.0543478	0.0724638	41	3	0.0731707	27	0.037037	34	0.0588235	False	True	0.902439	0	0	0.097561	0.891304	0	0	0.108696	TORE	TORE		0.667247	11.9023	0.659196	12.5478	free	TORE
TRADIE	6	1400	126	6	126	7	0.0515873	0.047619	44	1	0.0227273	20	0	29	0	False	True	0.772727	0	0.0227273	0.204545	0.666667	0	0.031746	0.301587	RAD			0.573381	11.8395	0.496661	8.7681	free	RAD
NORITES	7	1800	110	2	110	0	0.00909091	0.0181818	32	1	0.03125	23	0	33	0	False	True	0.875	0	0	0.125	0.781818	0	0	0.218182	RITES	RIT		0.620108	11.8388	0.554947	11.7644	free	RIT
LOTAS	5	800	245	24	245	21	0.0918367	0.0979592	84	3	0.0357143	19	0.105263	67	0.0746269	False	True	0.72619	0	0.047619	0.22619	0.791837	0	0.044898	0.163265	LOT	LOT		0.538232	11.7868	0.585861	10.5854	free	LOT
SEITEN	6	1400	240	0	240	0	0	0	65	0	0	43	0	51	0	False	False	0.492308	0	0	0.507692	0.5	0	0	0.5	TEN			0.370687	11.774	0.376249	13.9938	free	TEN
TAMIS	5	800	211	6	211	7	0.0308057	0.028436	71	0	0	38	0.0789474	51	0.0196078	False	True	0.802817	0	0	0.197183	0.734597	0	0.00473934	0.260664	TAM			0.593701	11.7704	0.54421	9.63722	free	TAM
