pos	mean	lo	hi	n	clusters	block	decile
0	1	1	1	7125	7125	pos_player	
1	0.19186	0.181826	0.201	7125	7125	pos_player	
2	0.249684	0.239124	0.258815	7125	7125	pos_player	
3	0.25	0.23942	0.25926	7124	7124	pos_player	
4	0.210977	0.201785	0.221213	7124	7124	pos_player	
5	0.217855	0.208694	0.227218	7124	7124	pos_player	
6	0.219961	0.210253	0.230166	7124	7124	pos_player	
7	0.213363	0.204699	0.222046	7124	7124	pos_player	
8	0.217013	0.207043	0.225683	7124	7124	pos_player	
9	0.221505	0.210878	0.230257	7124	7124	pos_player	
10	0.233296	0.222691	0.24215	7124	7124	pos_player	
11	0.226418	0.216584	0.235807	7124	7124	pos_player	
12	0.235542	0.226943	0.245558	7124	7124	pos_player	
13	0.243403	0.233878	0.253958	7124	7124	pos_player	
14	0.2274	0.217732	0.236807	7124	7124	pos_player	
15	0.231892	0.222811	0.241186	7124	7124	pos_player	
16	0.249158	0.239899	0.260373	7124	7124	pos_player	
17	0.240455	0.230245	0.249609	7124	7124	pos_player	
18	0.230067	0.220248	0.239972	7124	7124	pos_player	
19	0.249052	0.239587	0.259224	7123	7123	pos_player	
20	0.243718	0.233087	0.252828	7123	7123	pos_player	
21	0.25551	0.245551	0.265483	7123	7123	pos_player	
22	0.242348	0.23215	0.252981	7122	7122	pos_player	
23	0.261303	0.250473	0.271157	7122	7122	pos_player	
24	0.254283	0.244275	0.265712	7122	7122	pos_player	
25	0.254283	0.2455	0.264082	7122	7122	pos_player	
26	0.255967	0.246608	0.266816	7122	7122	pos_player	
27	0.263269	0.252312	0.272842	7122	7122	pos_player	
28	0.259056	0.24919	0.268699	7122	7122	pos_player	
29	0.267481	0.257764	0.277921	7122	7122	pos_player	
30	0.263867	0.253284	0.274836	7121	7121	pos_player	
31	0.260253	0.250932	0.269736	7120	7120	pos_player	
32	0.26559	0.254885	0.276627	7120	7120	pos_player	
33	0.267978	0.258323	0.27857	7120	7120	pos_player	
34	0.260955	0.250987	0.271373	7120	7120	pos_player	
35	0.274579	0.264803	0.283637	7120	7120	pos_player	
36	0.270403	0.261337	0.279693	7119	7119	pos_player	
37	0.283968	0.274441	0.293696	7117	7117	pos_player	
38	0.281439	0.2715	0.292617	7117	7117	pos_player	
39	0.27891	0.268662	0.288101	7117	7117	pos_player	
40	0.27905	0.269211	0.288636	7117	7117	pos_player	
41	0.281597	0.273141	0.291378	7113	7113	pos_player	
42	0.285955	0.275434	0.296621	7113	7113	pos_player	
43	0.284168	0.274691	0.296337	7112	7112	pos_player	
44	0.286598	0.276091	0.295935	7111	7111	pos_player	
45	0.290114	0.281309	0.301483	7111	7111	pos_player	
46	0.290536	0.279843	0.301309	7111	7111	pos_player	
47	0.290395	0.279319	0.300378	7111	7111	pos_player	
48	0.294333	0.282922	0.304532	7111	7111	pos_player	
49	0.304122	0.29344	0.315624	7109	7109	pos_player	
50	0.303167	0.291457	0.313576	7105	7105	pos_player	
51	0.306869	0.296681	0.317051	7104	7104	pos_player	
52	0.298789	0.288487	0.308679	7102	7102	pos_player	
53	0.307833	0.298043	0.318725	7098	7098	pos_player	
54	0.308484	0.297476	0.318852	7096	7096	pos_player	
55	0.311055	0.300348	0.321909	7092	7092	pos_player	
56	0.309635	0.298553	0.320678	7089	7089	pos_player	
57	0.326274	0.314822	0.336953	7083	7083	pos_player	
58	0.314144	0.302854	0.324391	7070	7070	pos_player	
59	0.318929	0.30827	0.329071	7058	7058	pos_player	
60	0.326806	0.315467	0.337821	7047	7047	pos_player	
61	0.318537	0.308945	0.33086	7029	7029	pos_player	
62	0.316142	0.305007	0.326589	7019	7019	pos_player	
63	0.323105	0.3118	0.334969	7007	7007	pos_player	
64	0.322507	0.31155	0.333633	6989	6989	pos_player	
65	0.327789	0.317631	0.340431	6974	6974	pos_player	
66	0.323707	0.312527	0.333722	6960	6960	pos_player	
67	0.327231	0.31459	0.337387	6937	6937	pos_player	
68	0.33478	0.324544	0.344466	6912	6912	pos_player	
69	0.334834	0.324575	0.345707	6887	6887	pos_player	
70	0.316835	0.305489	0.327309	6849	6849	pos_player	
71	0.336862	0.326432	0.347393	6801	6801	pos_player	
72	0.336045	0.32541	0.347226	6761	6761	pos_player	
73	0.343769	0.33323	0.355207	6708	6708	pos_player	
74	0.341864	0.33059	0.352524	6643	6643	pos_player	
75	0.336467	0.325541	0.348125	6595	6595	pos_player	
76	0.343851	0.331763	0.357544	6529	6529	pos_player	
77	0.332559	0.321918	0.343267	6456	6456	pos_player	
78	0.343657	0.333063	0.356434	6361	6361	pos_player	
79	0.333917	0.322819	0.345514	6280	6280	pos_player	
80	0.340971	0.330634	0.352134	6197	6197	pos_player	
81	0.338625	0.325982	0.349722	6110	6110	pos_player	
82	0.330342	0.318851	0.34281	6018	6018	pos_player	
83	0.339811	0.329144	0.350701	5918	5918	pos_player	
84	0.337018	0.324471	0.348591	5789	5789	pos_player	
85	0.319351	0.306852	0.331796	5674	5674	pos_player	
86	0.334658	0.322317	0.347874	5534	5534	pos_player	
87	0.335799	0.322085	0.349216	5408	5408	pos_player	
88	0.333333	0.320197	0.345112	5253	5253	pos_player	
89	0.341248	0.326808	0.35466	5096	5096	pos_player	
90	0.331378	0.318228	0.344791	4943	4943	pos_player	
91	0.328922	0.316328	0.343258	4761	4761	pos_player	
92	0.3284	0.315156	0.342378	4595	4595	pos_player	
93	0.337089	0.324418	0.351459	4438	4438	pos_player	
94	0.339051	0.326323	0.35219	4256	4256	pos_player	
95	0.3353	0.320505	0.349485	4068	4068	pos_player	
96	0.336693	0.322694	0.350899	3870	3870	pos_player	
97	0.337497	0.322094	0.353678	3683	3683	pos_player	
98	0.333905	0.317528	0.352491	3498	3498	pos_player	
99	0.325083	0.310309	0.341022	3313	3313	pos_player	
	0.295009	0.292477	0.297901	71913	7125	decile_player	0
	0.230533	0.227336	0.233734	68385	7124	decile_player	1
	0.248864	0.24572	0.252583	69082	7124	decile_player	2
	0.259595	0.25631	0.262981	68395	7124	decile_player	3
	0.275623	0.271764	0.279114	67654	7124	decile_player	4
	0.298003	0.293909	0.301536	69808	7125	decile_player	5
	0.314421	0.310456	0.318298	69089	7124	decile_player	6
	0.331535	0.327452	0.335876	68388	7124	decile_player	7
	0.351554	0.347582	0.355522	69079	7124	decile_player	8
	0.369135	0.364584	0.373612	72678	7125	decile_player	9
0	1	1	1	7106	7106	pos_opponent	
1	0.303069	0.292731	0.313622	7104	7104	pos_opponent	
2	0.304703	0.293538	0.314971	7102	7102	pos_opponent	
3	0.273201	0.262007	0.284229	7101	7101	pos_opponent	
4	0.267709	0.257716	0.277231	7101	7101	pos_opponent	
5	0.236056	0.226892	0.246738	7100	7100	pos_opponent	
6	0.248169	0.238057	0.257366	7100	7100	pos_opponent	
7	0.230878	0.220501	0.240013	7099	7099	pos_opponent	
8	0.247288	0.238983	0.257762	7097	7097	pos_opponent	
9	0.254051	0.243801	0.263308	7097	7097	pos_opponent	
10	0.263633	0.25265	0.274662	7097	7097	pos_opponent	
11	0.244222	0.233706	0.254776	7096	7096	pos_opponent	
12	0.25229	0.242459	0.263092	7095	7095	pos_opponent	
13	0.256519	0.246735	0.265631	7095	7095	pos_opponent	
14	0.264345	0.25529	0.274618	7093	7093	pos_opponent	
15	0.251093	0.241386	0.260426	7089	7089	pos_opponent	
16	0.254902	0.243512	0.266036	7089	7089	pos_opponent	
17	0.259134	0.248987	0.270441	7089	7089	pos_opponent	
18	0.253599	0.243531	0.263081	7086	7086	pos_opponent	
19	0.270507	0.260025	0.282811	7083	7083	pos_opponent	
20	0.263485	0.253601	0.275128	7082	7082	pos_opponent	
21	0.259641	0.250061	0.270459	7079	7079	pos_opponent	
22	0.26063	0.250497	0.271581	7079	7079	pos_opponent	
23	0.262652	0.252891	0.272093	7074	7074	pos_opponent	
24	0.277291	0.265752	0.287783	7072	7072	pos_opponent	
25	0.270645	0.260256	0.280941	7072	7072	pos_opponent	
26	0.272702	0.262212	0.282918	7070	7070	pos_opponent	
27	0.276677	0.26541	0.287983	7066	7066	pos_opponent	
28	0.272586	0.261881	0.283462	7062	7062	pos_opponent	
29	0.271852	0.261547	0.281391	7059	7059	pos_opponent	
30	0.278305	0.26849	0.288416	7057	7057	pos_opponent	
31	0.273398	0.262891	0.282941	7052	7052	pos_opponent	
32	0.282044	0.272788	0.292024	7045	7045	pos_opponent	
33	0.277391	0.267027	0.287974	7037	7037	pos_opponent	
34	0.287075	0.276577	0.299424	7033	7033	pos_opponent	
35	0.284495	0.273996	0.29612	7030	7030	pos_opponent	
36	0.27758	0.268012	0.287618	7025	7025	pos_opponent	
37	0.292593	0.281873	0.303749	7020	7020	pos_opponent	
38	0.290626	0.279407	0.301183	7009	7009	pos_opponent	
39	0.284409	0.274858	0.295739	7004	7004	pos_opponent	
40	0.295942	0.286108	0.306853	6998	6998	pos_opponent	
41	0.296938	0.286733	0.306908	6988	6988	pos_opponent	
42	0.294227	0.284185	0.305241	6981	6981	pos_opponent	
43	0.292144	0.281798	0.303049	6976	6976	pos_opponent	
44	0.300158	0.290488	0.310473	6963	6963	pos_opponent	
45	0.295006	0.284789	0.30653	6949	6949	pos_opponent	
46	0.304053	0.293652	0.313804	6933	6933	pos_opponent	
47	0.304423	0.292569	0.316705	6918	6918	pos_opponent	
48	0.302885	0.292015	0.313922	6897	6897	pos_opponent	
49	0.29747	0.289162	0.30789	6878	6878	pos_opponent	
50	0.311616	0.299841	0.321693	6861	6861	pos_opponent	
51	0.305621	0.296442	0.316854	6832	6832	pos_opponent	
52	0.297838	0.287146	0.308305	6799	6799	pos_opponent	
53	0.30384	0.293188	0.314327	6770	6770	pos_opponent	
54	0.307658	0.297403	0.318696	6738	6738	pos_opponent	
55	0.3094	0.296398	0.318797	6713	6713	pos_opponent	
56	0.295775	0.283446	0.306168	6674	6674	pos_opponent	
57	0.322042	0.311008	0.33364	6642	6642	pos_opponent	
58	0.314585	0.303857	0.326773	6596	6596	pos_opponent	
59	0.311843	0.301423	0.322341	6561	6561	pos_opponent	
60	0.311646	0.300726	0.32267	6517	6517	pos_opponent	
61	0.311214	0.299466	0.321852	6465	6465	pos_opponent	
62	0.30929	0.298559	0.321098	6405	6405	pos_opponent	
63	0.31022	0.299746	0.320056	6331	6331	pos_opponent	
64	0.31274	0.301228	0.323846	6248	6248	pos_opponent	
65	0.309358	0.298018	0.320451	6187	6187	pos_opponent	
66	0.3145	0.303985	0.327018	6124	6124	pos_opponent	
67	0.311115	0.299931	0.323243	6046	6046	pos_opponent	
68	0.323736	0.311489	0.33584	5974	5974	pos_opponent	
69	0.316916	0.305958	0.329575	5888	5888	pos_opponent	
70	0.313895	0.302554	0.326298	5779	5779	pos_opponent	
71	0.31012	0.299347	0.321603	5672	5672	pos_opponent	
72	0.315448	0.301887	0.327624	5554	5554	pos_opponent	
73	0.30806	0.295529	0.321668	5434	5434	pos_opponent	
74	0.314275	0.302956	0.326305	5317	5317	pos_opponent	
75	0.31691	0.305726	0.328642	5216	5216	pos_opponent	
76	0.304493	0.293381	0.317027	5097	5097	pos_opponent	
77	0.311465	0.29826	0.324727	4954	4954	pos_opponent	
78	0.319065	0.307689	0.333953	4836	4836	pos_opponent	
79	0.320795	0.306863	0.333975	4679	4679	pos_opponent	
80	0.311302	0.297493	0.324323	4539	4539	pos_opponent	
81	0.310909	0.297049	0.325179	4400	4400	pos_opponent	
82	0.306118	0.293526	0.31942	4250	4250	pos_opponent	
83	0.309206	0.29384	0.322682	4117	4117	pos_opponent	
84	0.300986	0.285467	0.315526	3957	3957	pos_opponent	
85	0.304875	0.289573	0.319908	3795	3795	pos_opponent	
86	0.299562	0.284894	0.313842	3652	3652	pos_opponent	
87	0.306686	0.291118	0.321034	3515	3515	pos_opponent	
88	0.309248	0.292726	0.325895	3363	3363	pos_opponent	
89	0.314179	0.298466	0.328713	3202	3202	pos_opponent	
90	0.302852	0.285412	0.317523	3051	3051	pos_opponent	
91	0.301384	0.287031	0.31827	2890	2890	pos_opponent	
92	0.317737	0.302268	0.336019	2757	2757	pos_opponent	
93	0.296767	0.277588	0.315187	2598	2598	pos_opponent	
94	0.307786	0.292296	0.325604	2453	2453	pos_opponent	
95	0.301747	0.284057	0.321376	2290	2290	pos_opponent	
96	0.290037	0.271706	0.310426	2148	2148	pos_opponent	
97	0.303936	0.285352	0.322167	2007	2007	pos_opponent	
98	0.299946	0.278096	0.321903	1867	1867	pos_opponent	
99	0.296508	0.27446	0.318083	1747	1747	pos_opponent	
	0.341193	0.338059	0.34452	63873	7106	decile_opponent	0
	0.247521	0.243384	0.251133	60306	7100	decile_opponent	1
	0.255464	0.251889	0.259251	60987	7100	decile_opponent	2
	0.269303	0.265741	0.273271	60352	7098	decile_opponent	3
	0.275069	0.270525	0.278763	59585	7099	decile_opponent	4
	0.289643	0.285537	0.294045	61707	7102	decile_opponent	5
	0.301182	0.296881	0.305479	61013	7098	decile_opponent	6
	0.315834	0.311909	0.320638	60326	7100	decile_opponent	7
	0.326685	0.322287	0.331162	60967	7100	decile_opponent	8
	0.343452	0.338993	0.348041	64603	7104	decile_opponent	9
0	1	1	1	1066	1066	pos_strong	
1	0.236398	0.212058	0.263018	1066	1066	pos_strong	
2	0.262664	0.235286	0.287574	1066	1066	pos_strong	
3	0.211069	0.184628	0.234876	1066	1066	pos_strong	
4	0.204503	0.181797	0.230074	1066	1066	pos_strong	
5	0.161351	0.140194	0.182075	1066	1066	pos_strong	
6	0.210131	0.186649	0.236775	1066	1066	pos_strong	
7	0.169794	0.146901	0.188044	1066	1066	pos_strong	
8	0.197936	0.176649	0.220005	1066	1066	pos_strong	
9	0.195122	0.170795	0.219946	1066	1066	pos_strong	
10	0.209193	0.185441	0.230993	1066	1066	pos_strong	
11	0.19137	0.168057	0.211496	1066	1066	pos_strong	
12	0.207317	0.184984	0.227637	1066	1066	pos_strong	
13	0.194184	0.16978	0.216547	1066	1066	pos_strong	
14	0.207317	0.183718	0.233255	1066	1066	pos_strong	
15	0.195122	0.171717	0.218498	1066	1066	pos_strong	
16	0.184803	0.164506	0.208794	1066	1066	pos_strong	
17	0.193246	0.167544	0.216426	1066	1066	pos_strong	
18	0.205441	0.182711	0.229832	1066	1066	pos_strong	
19	0.233583	0.208008	0.258348	1066	1066	pos_strong	
20	0.203565	0.180035	0.228826	1066	1066	pos_strong	
21	0.204503	0.182567	0.226436	1066	1066	pos_strong	
22	0.201689	0.178117	0.226982	1066	1066	pos_strong	
23	0.213884	0.19246	0.239452	1066	1066	pos_strong	
24	0.203565	0.17921	0.229483	1066	1066	pos_strong	
25	0.209193	0.182922	0.232318	1066	1066	pos_strong	
26	0.219512	0.196258	0.243836	1066	1066	pos_strong	
27	0.222535	0.199412	0.24629	1065	1065	pos_strong	
28	0.214085	0.188898	0.237416	1065	1065	pos_strong	
29	0.194366	0.170657	0.220244	1065	1065	pos_strong	
30	0.197183	0.175518	0.219967	1065	1065	pos_strong	
31	0.202817	0.177794	0.23029	1065	1065	pos_strong	
32	0.207512	0.183552	0.231544	1065	1065	pos_strong	
33	0.222535	0.200335	0.245807	1065	1065	pos_strong	
34	0.219718	0.194588	0.243332	1065	1065	pos_strong	
35	0.214085	0.189903	0.238749	1065	1065	pos_strong	
36	0.21784	0.194916	0.243429	1065	1065	pos_strong	
37	0.225352	0.198445	0.248924	1065	1065	pos_strong	
38	0.228598	0.20391	0.253617	1063	1063	pos_strong	
39	0.238946	0.213372	0.266874	1063	1063	pos_strong	
40	0.245532	0.220349	0.269705	1063	1063	pos_strong	
41	0.219397	0.194358	0.243016	1062	1062	pos_strong	
42	0.223374	0.199186	0.249181	1061	1061	pos_strong	
43	0.214151	0.191987	0.238736	1060	1060	pos_strong	
44	0.233019	0.208113	0.258821	1060	1060	pos_strong	
45	0.235849	0.211145	0.260674	1060	1060	pos_strong	
46	0.248347	0.222533	0.273075	1059	1059	pos_strong	
47	0.26087	0.234109	0.288764	1058	1058	pos_strong	
48	0.230842	0.205878	0.254949	1057	1057	pos_strong	
49	0.231788	0.207939	0.258356	1057	1057	pos_strong	
50	0.230332	0.205867	0.255287	1055	1055	pos_strong	
51	0.225592	0.199248	0.248114	1055	1055	pos_strong	
52	0.213472	0.18859	0.238053	1054	1054	pos_strong	
53	0.247863	0.224093	0.273273	1053	1053	pos_strong	
54	0.243346	0.219528	0.270108	1052	1052	pos_strong	
55	0.269267	0.245992	0.296796	1051	1051	pos_strong	
56	0.245698	0.220775	0.268421	1046	1046	pos_strong	
57	0.238278	0.215379	0.262643	1045	1045	pos_strong	
58	0.271593	0.247331	0.299711	1042	1042	pos_strong	
59	0.254335	0.229485	0.283273	1038	1038	pos_strong	
60	0.241779	0.216528	0.269938	1034	1034	pos_strong	
61	0.272109	0.246152	0.298915	1029	1029	pos_strong	
62	0.258285	0.231049	0.28309	1026	1026	pos_strong	
63	0.281525	0.253342	0.307785	1023	1023	pos_strong	
64	0.235525	0.208035	0.260785	1019	1019	pos_strong	
65	0.24728	0.219875	0.274791	1011	1011	pos_strong	
66	0.265144	0.238183	0.287727	1007	1007	pos_strong	
67	0.265265	0.238165	0.29104	999	999	pos_strong	
68	0.262048	0.234809	0.290186	996	996	pos_strong	
69	0.241658	0.215217	0.270052	989	989	pos_strong	
70	0.250768	0.222769	0.281002	977	977	pos_strong	
71	0.248967	0.221089	0.274295	968	968	pos_strong	
72	0.240375	0.211437	0.264046	961	961	pos_strong	
73	0.25	0.226468	0.279876	952	952	pos_strong	
74	0.269068	0.245392	0.296959	944	944	pos_strong	
75	0.289362	0.260658	0.318142	940	940	pos_strong	
76	0.255639	0.229298	0.282551	931	931	pos_strong	
77	0.247277	0.219568	0.274559	918	918	pos_strong	
78	0.262637	0.235613	0.290779	910	910	pos_strong	
79	0.274049	0.244146	0.304142	894	894	pos_strong	
80	0.275	0.245175	0.304161	880	880	pos_strong	
81	0.258102	0.230502	0.288199	864	864	pos_strong	
82	0.268378	0.238359	0.29463	857	857	pos_strong	
83	0.280992	0.251531	0.311469	847	847	pos_strong	
84	0.260454	0.231216	0.288633	837	837	pos_strong	
85	0.270732	0.241896	0.299898	820	820	pos_strong	
86	0.257745	0.224663	0.287915	807	807	pos_strong	
87	0.261965	0.230361	0.294194	794	794	pos_strong	
88	0.278497	0.247322	0.31188	772	772	pos_strong	
89	0.283221	0.249621	0.312268	745	745	pos_strong	
90	0.265928	0.236676	0.296651	722	722	pos_strong	
91	0.277383	0.244094	0.30856	703	703	pos_strong	
92	0.286969	0.253314	0.320084	683	683	pos_strong	
93	0.259427	0.227776	0.291298	663	663	pos_strong	
94	0.281734	0.247361	0.317547	646	646	pos_strong	
95	0.28115	0.250726	0.316753	626	626	pos_strong	
96	0.242424	0.210033	0.275596	594	594	pos_strong	
97	0.278169	0.242144	0.316294	568	568	pos_strong	
98	0.279707	0.240215	0.316287	547	547	pos_strong	
99	0.29771	0.258246	0.333961	524	524	pos_strong	
	0.28501	0.276761	0.292782	10754	1066	decile_strong	0
	0.196702	0.187498	0.205556	10249	1066	decile_strong	1
	0.210109	0.202013	0.219103	10347	1066	decile_strong	2
	0.213637	0.205001	0.222887	10237	1066	decile_strong	3
	0.224623	0.215748	0.233708	10137	1066	decile_strong	4
	0.240142	0.231947	0.248004	10448	1066	decile_strong	5
	0.246954	0.237756	0.256439	10342	1066	decile_strong	6
	0.265768	0.256405	0.277862	10242	1066	decile_strong	7
	0.273807	0.262522	0.283876	10354	1066	decile_strong	8
	0.287292	0.275958	0.297455	10867	1066	decile_strong	9
0	1	1	1	9023	9023	pos_peer	
1	0.331265	0.321253	0.340284	9023	9023	pos_peer	
2	0.356201	0.347176	0.367469	9023	9023	pos_peer	
3	0.287598	0.278656	0.29636	9023	9023	pos_peer	
4	0.289704	0.279848	0.298373	9023	9023	pos_peer	
5	0.263992	0.255001	0.271955	9023	9023	pos_peer	
6	0.280616	0.271669	0.288754	9023	9023	pos_peer	
7	0.273967	0.26573	0.282942	9023	9023	pos_peer	
8	0.276405	0.26763	0.284438	9023	9023	pos_peer	
9	0.271196	0.262715	0.281436	9023	9023	pos_peer	
10	0.268979	0.2602	0.278336	9023	9023	pos_peer	
11	0.279175	0.269728	0.288154	9023	9023	pos_peer	
12	0.27574	0.266542	0.284357	9023	9023	pos_peer	
13	0.273302	0.264665	0.282515	9023	9023	pos_peer	
14	0.266984	0.258099	0.277321	9023	9023	pos_peer	
15	0.271417	0.261848	0.281422	9023	9023	pos_peer	
16	0.269866	0.261278	0.277587	9023	9023	pos_peer	
17	0.274964	0.265581	0.284042	9023	9023	pos_peer	
18	0.258229	0.249662	0.267072	9023	9023	pos_peer	
19	0.272526	0.263831	0.281632	9023	9023	pos_peer	
20	0.269201	0.260825	0.27853	9023	9023	pos_peer	
21	0.275186	0.265463	0.284518	9023	9023	pos_peer	
22	0.271639	0.263405	0.279955	9023	9023	pos_peer	
23	0.275247	0.266091	0.283455	9021	9021	pos_peer	
24	0.271699	0.262498	0.280416	9021	9021	pos_peer	
25	0.271699	0.262637	0.28073	9021	9021	pos_peer	
26	0.275468	0.265725	0.284313	9021	9021	pos_peer	
27	0.275357	0.266275	0.284714	9021	9021	pos_peer	
28	0.266711	0.257454	0.275517	9021	9021	pos_peer	
29	0.269593	0.260869	0.279329	9021	9021	pos_peer	
30	0.269704	0.261453	0.277896	9021	9021	pos_peer	
31	0.273473	0.263697	0.281814	9021	9021	pos_peer	
32	0.285556	0.27725	0.294252	9021	9021	pos_peer	
33	0.273695	0.265027	0.282332	9021	9021	pos_peer	
34	0.274914	0.265704	0.283845	9021	9021	pos_peer	
35	0.272949	0.263855	0.282169	9020	9020	pos_peer	
36	0.285588	0.276155	0.293296	9020	9020	pos_peer	
37	0.282705	0.274113	0.292325	9020	9020	pos_peer	
38	0.281596	0.272046	0.290155	9020	9020	pos_peer	
39	0.281375	0.271879	0.289375	9020	9020	pos_peer	
40	0.282799	0.273691	0.292453	9017	9017	pos_peer	
41	0.287252	0.277668	0.296535	9013	9013	pos_peer	
42	0.280484	0.271716	0.289183	9013	9013	pos_peer	
43	0.288124	0.279284	0.296997	9010	9010	pos_peer	
44	0.29144	0.281828	0.301192	9007	9007	pos_peer	
45	0.295601	0.286179	0.306116	9002	9002	pos_peer	
46	0.292718	0.28175	0.301891	8995	8995	pos_peer	
47	0.293359	0.283107	0.302168	8989	8989	pos_peer	
48	0.29343	0.284193	0.302462	8980	8980	pos_peer	
49	0.285428	0.276055	0.294997	8969	8969	pos_peer	
50	0.293132	0.284459	0.302382	8955	8955	pos_peer	
51	0.294124	0.285315	0.303555	8935	8935	pos_peer	
52	0.291928	0.282981	0.301866	8920	8920	pos_peer	
53	0.285474	0.276638	0.29435	8901	8901	pos_peer	
54	0.294051	0.284756	0.302732	8876	8876	pos_peer	
55	0.300836	0.29095	0.31061	8852	8852	pos_peer	
56	0.291099	0.28216	0.299665	8808	8808	pos_peer	
57	0.296237	0.28686	0.30567	8770	8770	pos_peer	
58	0.303082	0.294009	0.312525	8727	8727	pos_peer	
59	0.287657	0.27828	0.297605	8677	8677	pos_peer	
60	0.302841	0.292673	0.311927	8625	8625	pos_peer	
61	0.300784	0.291214	0.309874	8551	8551	pos_peer	
62	0.2912	0.280833	0.30085	8489	8489	pos_peer	
63	0.294502	0.284671	0.30505	8421	8421	pos_peer	
64	0.296146	0.285409	0.305461	8354	8354	pos_peer	
65	0.28913	0.280305	0.298316	8280	8280	pos_peer	
66	0.286236	0.276041	0.297092	8210	8210	pos_peer	
67	0.290958	0.281349	0.301061	8118	8118	pos_peer	
68	0.296818	0.287017	0.307849	8015	8015	pos_peer	
69	0.298326	0.288676	0.308747	7884	7884	pos_peer	
70	0.294997	0.284962	0.305506	7756	7756	pos_peer	
71	0.29316	0.28351	0.302563	7617	7617	pos_peer	
72	0.287545	0.276616	0.29718	7491	7491	pos_peer	
73	0.279788	0.269778	0.289481	7352	7352	pos_peer	
74	0.283495	0.273755	0.29399	7210	7210	pos_peer	
75	0.274922	0.264529	0.283857	7042	7042	pos_peer	
76	0.282327	0.272413	0.292449	6875	6875	pos_peer	
77	0.280072	0.267958	0.290569	6684	6684	pos_peer	
78	0.283431	0.272853	0.294535	6506	6506	pos_peer	
79	0.287069	0.275267	0.298313	6326	6326	pos_peer	
80	0.287995	0.27652	0.298958	6139	6139	pos_peer	
81	0.29152	0.280144	0.303492	5979	5979	pos_peer	
82	0.30313	0.292226	0.315054	5783	5783	pos_peer	
83	0.276016	0.264414	0.28759	5583	5583	pos_peer	
84	0.278535	0.267475	0.289617	5353	5353	pos_peer	
85	0.278523	0.267244	0.291393	5145	5145	pos_peer	
86	0.28099	0.268629	0.293346	4929	4929	pos_peer	
87	0.284599	0.272567	0.296905	4740	4740	pos_peer	
88	0.273392	0.259874	0.286318	4510	4510	pos_peer	
89	0.280734	0.266678	0.296309	4303	4303	pos_peer	
90	0.281951	0.267998	0.295057	4100	4100	pos_peer	
91	0.265238	0.252356	0.279818	3872	3872	pos_peer	
92	0.279815	0.266151	0.293623	3681	3681	pos_peer	
93	0.273775	0.259286	0.288269	3470	3470	pos_peer	
94	0.266256	0.251019	0.280938	3245	3245	pos_peer	
95	0.271203	0.255712	0.287944	3042	3042	pos_peer	
96	0.264571	0.247708	0.278963	2831	2831	pos_peer	
97	0.259259	0.243487	0.275092	2619	2619	pos_peer	
98	0.271411	0.253847	0.291064	2417	2417	pos_peer	
99	0.277703	0.258381	0.296182	2229	2229	pos_peer	
	0.363563	0.360512	0.367136	82899	9023	decile_peer	0
	0.264552	0.261609	0.267667	78476	9023	decile_peer	1
	0.261519	0.25855	0.264686	79348	9023	decile_peer	2
	0.263266	0.260137	0.266844	78434	9023	decile_peer	3
	0.270863	0.267444	0.274246	77530	9023	decile_peer	4
	0.278756	0.27524	0.282166	80235	9023	decile_peer	5
	0.284076	0.2808	0.287555	79345	9023	decile_peer	6
	0.295243	0.290949	0.298738	78437	9023	decile_peer	7
	0.30539	0.301518	0.308954	79387	9023	decile_peer	8
	0.315119	0.311293	0.318763	83816	9023	decile_peer	9
