word	len	present	found	opp	pts	lc	beliefRaw	beliefWeighted	refN	refK	refRate	p	q	refForgone	foundStem	kind	reference
LATEN	5	111	0	79.8833	800	5	0.00562757	0.0058027	111	41	0.369369	5.95706e-23	8.57518e-19	32800	LATE	branch miss	field
LATENS	6	56	0	32.9295	1400	6	0.00755791	0.00994881	56	21	0.375	3.70921e-12	2.6697e-08	29400	LATE	branch miss	field
ENATES	6	50	0	33.5169	1400	6	0.00842641	0.00977997	50	14	0.28	7.35571e-08	0.000211771	19600	NATES	branch miss	field
ASTERN	6	71	0	49.6778	1400	6	0.00600944	0.00666707	71	13	0.183099	5.80824e-07	0.00119442	18200	ASTER	branch miss	field
ENATE	5	98	0	68.7777	800	5	0.00635358	0.0067198	98	20	0.204082	1.92804e-10	9.25137e-07	16000	NAT	branch miss	field
NEAREST	7	19	0	5.83901	1800	7	0.0149163	0.0495091	19	8	0.421053	3.09131e-05	0.0193476	14400	NEAR	branch miss	field
SANEST	6	36	0	21.3287	1400	6	0.0115135	0.0150956	36	10	0.277778	8.16865e-06	0.00839913	14000	SANES	branch miss	field
ASTONE	6	42	0	24.0495	1400	6	0.00995109	0.0134622	42	10	0.238095	1.09605e-05	0.00965788	14000	STONE	branch miss	field
ENTERA	6	51	0	33.7545	1400	6	0.00826806	0.00971329	51	10	0.196078	1.4652e-05	0.0105809	14000	ENTER	branch miss	field
MESTER	6	30	0	22.4431	1400	6	0.013658	0.0143809	30	10	0.333333	5.2151e-06	0.00750713	14000	ESTER	branch miss	field
ARTIS	5	124	0	88.0527	800	5	0.00505046	0.00527329	124	16	0.129032	3.63293e-08	0.00013074	12800	ARTI	branch miss	field
DARRES	6	20	0	13.9125	1400	6	0.0198066	0.0225549	20	9	0.45	6.41584e-06	0.00839601	12600	RES	branch miss	field
LAMEST	6	20	0	11.9918	1400	6	0.0198066	0.0258652	20	8	0.4	3.65616e-05	0.0219293	11200	LAMES	branch miss	field
TAMINE	6	26	0	12.1813	1400	6	0.0155944	0.0254959	26	8	0.307692	7.04333e-05	0.0298202	11200	AMINE	branch miss	field
SEARER	6	21	0	14.5783	1400	6	0.0189533	0.0215969	21	8	0.380952	4.22868e-05	0.0238749	11200	SEARE	branch miss	field
BERATE	6	23	0	15.8574	1400	6	0.0174499	0.0199675	23	8	0.347826	5.37476e-05	0.024178	11200	RATE	branch miss	field
DONATE	6	22	0	15.3606	1400	6	0.0181706	0.0205702	22	8	0.363636	4.80306e-05	0.024178	11200	DON	branch miss	field
BINERS	6	11	0	7.7816	1400	6	0.0332973	0.0381321	11	7	0.636364	1.47008e-05	0.0105809	9800	BINE	branch miss	field
RENNE	5	32	0	23.6743	800	5	0.0184147	0.0187641	32	11	0.34375	1.40029e-06	0.00251965	8800	REN	branch miss	field
SERAI	5	166	0	115.79	800	5	0.00379359	0.00402612	166	11	0.0662651	1.14056e-05	0.00965788	8800	SERA	branch miss	field
STRAE	5	162	0	119.042	800	5	0.00388568	0.00391749	162	11	0.0679012	1.12936e-05	0.00965788	8800		true gap	field
DARRE	5	34	0	23.0331	800	5	0.017413	0.0192547	34	10	0.294118	7.19282e-06	0.00839913	8000		true gap	field
SENOR	5	121	0	90.168	800	5	0.00517288	0.00515159	121	10	0.0826446	2.93123e-05	0.0191796	8000	SEN	branch miss	field
REMET	5	35	0	24.526	800	5	0.0169519	0.0181498	35	10	0.285714	7.68279e-06	0.00839913	8000	REM	branch miss	field
OATEN	5	93	0	69.2589	800	5	0.0066853	0.0066741	93	9	0.0967742	7.74568e-05	0.030972	7200	OAT	branch miss	field
ADORE	5	54	0	39.9778	800	5	0.0112782	0.0113868	54	9	0.166667	5.29923e-05	0.024178	7200	DORE	branch miss	field
INSET	5	164	0	124.366	800	5	0.00383908	0.00375177	164	9	0.054878	9.55009e-05	0.037155	7200	INS	branch miss	field
ALATE	5	52	0	36.226	800	5	0.01169	0.0125195	52	9	0.173077	5.10723e-05	0.024178	7200	LATE	branch miss	field
ELAIN	5	83	0	52.8478	800	5	0.00746476	0.00868981	83	9	0.108434	7.2904e-05	0.0299844	7200	LAIN	branch miss	field
ARMET	5	49	0	35.4188	800	5	0.0123675	0.0127933	49	9	0.183673	4.801e-05	0.024178	7200	ARM	branch miss	field
ERODE	5	53	0	39.7639	800	5	0.0114804	0.0114458	53	9	0.169811	5.2044e-05	0.024178	7200	RODE	branch miss	field
EMOTE	5	25	0	18.451	800	5	0.0230568	0.0236792	25	8	0.32	6.49715e-05	0.0283414	6400	MOTE	branch miss	field
ETNA	4	259	0	192.93	400	4	0.00387673	0.00385328	259	15	0.0579151	1.94682e-07	0.000467075	6000		true gap	field
LIVEN	5	11	0	7.60176	800	5	0.0465028	0.0519359	11	7	0.636364	1.47008e-05	0.0105809	5600	LIVE	branch miss	field
CHILE	5	13	0	10.2955	800	5	0.0406043	0.0400652	13	7	0.538462	4.31224e-05	0.0238749	5600	CHI	branch miss	field
BINER	5	16	0	10.6822	800	5	0.0341137	0.0387922	16	7	0.4375	0.000100452	0.038053	5600	BINE	branch miss	field
SIDED	5	17	0	11.9837	800	5	0.032388	0.0350451	17	7	0.411765	0.000120884	0.0446185	5600	SIDE	branch miss	field
EDIT	4	157	0	117.059	400	4	0.00633424	0.00630542	157	12	0.0764331	3.78906e-06	0.00606038	4800	DIT	branch miss	field
SEMI	4	121	0	91.9497	400	4	0.00815988	0.00798767	121	10	0.0826446	2.93123e-05	0.0191796	4000		true gap	field
ASTERN	6	71	0	49.6778	1400	6	0.00600944	0.00666707	13	6	0.461538	8.1655e-20	4.75069e-16	45876.9	ASTER	branch miss	strong
ASTERT	6	54	0	39.8429	1400	6	0.00782681	0.00826874	10	4	0.4	1.04753e-12	6.77172e-10	30240	ASTER	branch miss	strong
ENATES	6	50	0	33.5169	1400	6	0.00842641	0.00977997	7	3	0.428571	7.04851e-13	5.12603e-10	30000	NATES	branch miss	strong
LATENS	6	56	0	32.9295	1400	6	0.00755791	0.00994881	11	4	0.363636	1.01742e-11	4.55334e-09	28509.1	LATE	branch miss	strong
LATEN	5	111	0	79.8833	800	5	0.00562757	0.0058027	19	6	0.315789	5.08232e-19	1.47845e-15	28042.1	LATE	branch miss	strong
TESTA	5	119	0	89.0602	800	5	0.00525784	0.00521462	14	4	0.285714	4.08097e-18	7.91437e-15	27200	TEST	branch miss	strong
HARTEN	6	32	0	21.3099	1400	6	0.0128596	0.0151083	5	3	0.6	1.84467e-13	1.78872e-10	26880	HART	branch miss	strong
ASTONE	6	42	0	24.0495	1400	6	0.00995109	0.0134622	7	3	0.428571	6.20015e-11	2.25453e-08	25200	STONE	branch miss	strong
ENATE	5	98	0	68.7777	800	5	0.00635358	0.0067198	13	4	0.307692	2.23521e-16	2.60088e-13	24123.1	NAT	branch miss	strong
ADORES	6	38	0	24.7588	1400	6	0.0109409	0.0130929	5	2	0.4	3.71319e-09	1.02873e-06	21280	DORES	branch miss	strong
SENATE	6	53	0	31.8849	1400	6	0.00796856	0.0102639	7	2	0.285714	1.79976e-08	3.73964e-06	21200	SENA	branch miss	strong
RAMIE	5	45	0	31.0609	800	5	0.0134031	0.014506	7	4	0.571429	2.76086e-17	4.01567e-14	20571.4	RAMI	branch miss	strong
STRAE	5	162	0	119.042	800	5	0.00388568	0.00391749	20	3	0.15	3.68015e-12	1.94647e-09	19440		true gap	strong
DRIEST	6	34	0	22.3383	1400	6	0.0121494	0.0144453	10	4	0.4	2.86512e-08	5.55642e-06	19040	DRIES	branch miss	strong
MARTEN	6	35	0	19.5419	1400	6	0.0118229	0.0164026	8	3	0.375	7.17465e-08	1.22771e-05	18375	MART	branch miss	strong
HORST	5	48	0	35.1492	800	5	0.0126111	0.0128875	9	4	0.444444	5.58367e-13	4.64083e-10	17066.7	HORS	branch miss	strong
ERODE	5	53	0	39.7639	800	5	0.0114804	0.0114458	10	4	0.4	1.74589e-12	1.01576e-09	16960	RODE	branch miss	strong
HORSTE	6	24	0	18.3315	1400	6	0.0167842	0.0174245	6	3	0.5	5.96046e-08	1.05085e-05	16800	HORS	branch miss	strong
SINNET	6	24	0	14.5822	1400	6	0.0167842	0.0215915	6	3	0.5	5.96046e-08	1.05085e-05	16800	SIN	branch miss	strong
TENNIS	6	24	0	14.5822	1400	6	0.0167842	0.0215915	6	3	0.5	5.96046e-08	1.05085e-05	16800	TEN	branch miss	strong
TESTAE	6	29	0	18.9802	1400	6	0.0140956	0.0168615	5	2	0.4	3.68457e-07	4.9853e-05	16240	TEST	branch miss	strong
ADORE	5	54	0	39.9778	800	5	0.0112782	0.0113868	8	3	0.375	9.49557e-12	4.55334e-09	16200	DORE	branch miss	strong
SANTERA	7	22	0	7.68171	1800	7	0.013031	0.0388811	5	2	0.4	1.31622e-05	0.00119652	15840	SANT	branch miss	strong
RELETS	6	28	0	17.8726	1400	6	0.0145621	0.0178461	5	2	0.4	6.14094e-07	7.93956e-05	15680	LETS	branch miss	strong
SENILE	6	22	0	11.1254	1400	6	0.0181706	0.0276989	6	3	0.5	2.38419e-07	3.55672e-05	15400	SEN	branch miss	strong
TRONA	5	66	0	45.8899	800	5	0.00931012	0.00996593	7	2	0.285714	2.26751e-10	7.13008e-08	15085.7	TRON	branch miss	strong
TENON	5	41	0	31.0589	800	5	0.014628	0.0145069	11	5	0.454545	1.61102e-11	6.69494e-09	14909.1	TEN	branch miss	strong
SENOR	5	121	0	90.168	800	5	0.00517288	0.00515159	20	3	0.15	2.88197e-09	8.38366e-07	14520	SEN	branch miss	strong
TRIOSE	6	36	0	20.8815	1400	6	0.0115135	0.0154028	7	2	0.285714	5.4877e-06	0.000550474	14400	TRIO	branch miss	strong
RAMIES	6	30	0	15.5916	1400	6	0.013658	0.0202855	6	2	0.333333	5.2151e-06	0.000532306	14000	AMIES	branch miss	strong
COSINE	6	20	0	9.59345	1400	6	0.0198066	0.0316686	6	3	0.5	9.53674e-07	0.000111694	14000	SINE	branch miss	strong
TENIA	5	144	0	102.5	800	5	0.00436224	0.00454066	17	2	0.117647	1.48764e-08	3.32887e-06	13552.9	TEN	branch miss	strong
SETON	5	123	0	95.384	800	5	0.00509062	0.00487421	22	3	0.136364	1.4747e-08	3.32887e-06	13418.2	SET	branch miss	strong
OATEN	5	93	0	69.2589	800	5	0.0066853	0.0066741	17	3	0.176471	1.43932e-08	3.32887e-06	13129.4	OAT	branch miss	strong
TORRS	5	32	0	23.2743	800	5	0.0184147	0.0190672	6	3	0.5	2.32831e-10	7.13008e-08	12800	TORR	branch miss	strong
RENIN	5	63	0	44.3709	800	5	0.0097348	0.010296	8	2	0.25	1.34543e-08	3.32887e-06	12600	REN	branch miss	strong
ROTATE	6	27	0	13.9802	1400	6	0.0150606	0.0224538	6	2	0.333333	1.76009e-05	0.00152839	12600	ROTA	branch miss	strong
ANODE	5	52	0	36.7956	800	5	0.01169	0.0123332	10	3	0.3	8.81248e-09	2.3305e-06	12480	NODE	branch miss	strong
NOSIES	6	31	0	18.5402	1400	6	0.0132468	0.0172394	7	2	0.285714	2.95142e-05	0.00235224	12400	SIES	branch miss	strong
ITHER	5	61	0	43.9487	800	5	0.0100401	0.0103917	12	3	0.25	2.39187e-08	4.79858e-06	12200	THE	branch miss	strong
TENIAS	6	59	0	31.6071	1400	6	0.0071875	0.0103511	7	1	0.142857	0.000112238	0.00680057	11800	TEN	branch miss	strong
TARSEL	6	42	0	28.1053	1400	6	0.00995109	0.0115924	5	1	0.2	8.50706e-05	0.00537979	11760	TARS	branch miss	strong
MARTENS	7	13	0	4.24867	1800	7	0.0209898	0.0647949	6	3	0.5	0.00012207	0.00724699	11700	MART	branch miss	strong
TINIER	6	25	0	14.8094	1400	6	0.0161674	0.0212831	6	2	0.333333	3.96021e-05	0.00291652	11666.7	TIN	branch miss	strong
CENTRA	6	25	0	15.8148	1400	6	0.0161674	0.0200177	6	2	0.333333	3.96021e-05	0.00291652	11666.7	CENT	branch miss	strong
SERAI	5	166	0	115.79	800	5	0.00379359	0.00402612	23	2	0.0869565	2.76428e-07	3.92258e-05	11547.8	SERA	branch miss	strong
IRADE	5	72	0	47.763	800	5	0.00856299	0.00958693	5	1	0.2	1.05312e-07	1.75059e-05	11520	RADE	branch miss	strong
MITRED	6	19	0	10.8971	1400	6	0.0207402	0.0282261	7	3	0.428571	2.41144e-05	0.00200425	11400	MITRE	branch miss	strong
HATRED	6	24	0	17.3834	1400	6	0.0167842	0.0183185	6	2	0.333333	5.94032e-05	0.0039725	11200	HAT	branch miss	strong
ALDERS	6	24	0	17.1949	1400	6	0.0167842	0.0185073	6	2	0.333333	5.94032e-05	0.0039725	11200	ERS	branch miss	strong
SLIER	5	69	0	50.2096	800	5	0.00892094	0.00913324	15	3	0.2	2.05688e-07	3.14919e-05	11040	LIER	branch miss	strong
DEROS	5	89	0	61.2587	800	5	0.0069767	0.00752502	13	2	0.153846	3.49133e-07	4.83632e-05	10953.8		true gap	strong
CERATE	6	27	0	18.3945	1400	6	0.0150606	0.0173683	7	2	0.285714	0.000113382	0.00680057	10800	RATE	branch miss	strong
ERODES	6	27	0	16.1737	1400	6	0.0150606	0.0196018	7	2	0.285714	0.000113382	0.00680057	10800	RODES	branch miss	strong
ARTIST	6	38	0	22.2062	1400	6	0.0109409	0.0145271	5	1	0.2	0.000207692	0.0109978	10640	ARTI	branch miss	strong
ALATES	6	30	0	18.89	1400	6	0.013658	0.0169377	8	2	0.25	0.000178582	0.0098018	10500	LATE	branch miss	strong
HOSEL	5	39	0	30.5614	800	5	0.0153285	0.0147321	6	2	0.333333	1.35657e-07	2.19236e-05	10400	HOSE	branch miss	strong
MANTES	6	26	0	14.253	1400	6	0.0155944	0.0220546	7	2	0.285714	0.000158734	0.00896618	10400	ANTES	branch miss	strong
SATIRE	6	52	0	32.3245	1400	6	0.00811555	0.0101289	7	1	0.142857	0.000330192	0.0163446	10400	SATI	branch miss	strong
PATENS	6	22	0	13.5765	1400	6	0.0181706	0.0230715	6	2	0.333333	0.000133657	0.00769918	10266.7	PATE	branch miss	strong
CARTON	6	22	0	12.5351	1400	6	0.0181706	0.0248343	6	2	0.333333	0.000133657	0.00769918	10266.7	CART	branch miss	strong
STERNA	6	51	0	33.0178	1400	6	0.00826806	0.00992307	7	1	0.142857	0.000385224	0.018677	10200	STERN	branch miss	strong
CERATES	7	17	0	7.93133	1800	7	0.0165085	0.0377824	6	2	0.333333	0.00101496	0.0415847	10200	RATES	branch miss	strong
SOREL	5	76	0	54.4986	800	5	0.00812815	0.0084336	12	2	0.166667	9.59898e-07	0.000111694	10133.3	SORE	branch miss	strong
RELET	5	43	0	30.7808	800	5	0.0139888	0.014632	7	2	0.285714	5.20588e-07	6.8836e-05	9828.57	LET	branch miss	strong
ARMET	5	49	0	35.4188	800	5	0.0123675	0.0127933	8	2	0.25	7.55096e-07	9.15239e-05	9800	ARM	branch miss	strong
DERING	6	35	0	21.086	1400	6	0.0118229	0.0152608	5	1	0.2	0.000405648	0.0195046	9800	RING	branch miss	strong
ONSET	5	127	0	97.1163	800	5	0.0049337	0.00478858	21	2	0.0952381	3.01896e-06	0.000325265	9676.19	ONS	branch miss	strong
HISTED	6	24	0	15.9271	1400	6	0.0167842	0.0198857	7	2	0.285714	0.000311119	0.0156042	9600	HIST	branch miss	strong
ALATE	5	52	0	36.226	800	5	0.01169	0.0125195	13	3	0.230769	1.18835e-06	0.000132958	9600	LATE	branch miss	strong
ETNA	4	259	0	192.93	400	4	0.00387673	0.00385328	44	4	0.0909091	1.90237e-11	7.37865e-09	9418.18		true gap	strong
ISLET	5	90	0	69.5818	800	5	0.00690149	0.00664377	23	3	0.130435	3.44504e-06	0.000364423	9391.3	LET	branch miss	strong
REMET	5	35	0	24.526	800	5	0.0169519	0.0181498	6	2	0.333333	6.86761e-07	8.50123e-05	9333.33	REM	branch miss	strong
DARRES	6	20	0	13.9125	1400	6	0.0198066	0.0225549	6	2	0.333333	0.000300729	0.0152143	9333.33	RES	branch miss	strong
INNED	5	34	0	22.0588	800	5	0.017413	0.0200514	6	2	0.333333	1.03014e-06	0.000117517	9066.67	INN	branch miss	strong
TINIES	6	32	0	18.2612	1400	6	0.0128596	0.0174879	5	1	0.2	0.000792282	0.0331618	8960	NIES	branch miss	strong
ENTERA	6	51	0	33.7545	1400	6	0.00826806	0.00971329	8	1	0.125	0.00110258	0.0448589	8925	ENTER	branch miss	strong
TOISE	5	89	0	64.813	800	5	0.0069767	0.00712162	16	2	0.125	6.8979e-06	0.000668866	8900	OIS	branch miss	strong
HISTIE	6	19	0	11.8172	1400	6	0.0207402	0.026215	6	2	0.333333	0.000451093	0.0205036	8866.67	HIST	branch miss	strong
AMATES	6	19	0	11.6197	1400	6	0.0207402	0.0266221	6	2	0.333333	0.000451093	0.0205036	8866.67	MATES	branch miss	strong
SIENTS	6	37	0	21.5163	1400	6	0.0112199	0.0149704	6	1	0.166667	0.00117569	0.0463133	8633.33	SIEN	branch miss	strong
PATEN	5	42	0	30.0725	800	5	0.0143013	0.0149603	8	2	0.25	5.65683e-06	0.000557821	8400	PATE	branch miss	strong
ANTING	6	15	0	7.84597	1400	6	0.0255598	0.0378576	5	2	0.4	0.000470185	0.0211795	8400	ANTI	branch miss	strong
SIMAS	5	26	0	17.849	800	5	0.0222554	0.0244163	5	2	0.4	1.70582e-06	0.000187254	8320	SIMA	branch miss	strong
ELAIN	5	83	0	52.8478	800	5	0.00746476	0.00868981	16	2	0.125	1.53698e-05	0.00137572	8300	LAIN	branch miss	strong
ISLE	4	155	0	116.508	400	4	0.00641396	0.00633468	30	4	0.133333	2.32849e-10	7.13008e-08	8266.67		true gap	strong
DIANE	5	59	0	39.7769	800	5	0.0103652	0.0114422	6	1	0.166667	2.12964e-05	0.00179569	7866.67	ANE	branch miss	strong
PISTE	5	44	0	30.7933	800	5	0.0136897	0.0146263	9	2	0.222222	1.57632e-05	0.00138955	7822.22	PIS	branch miss	strong
ISLES	5	61	0	47.1528	800	5	0.0100401	0.00970719	13	2	0.153846	3.75327e-05	0.00287322	7507.69		true gap	strong
REALO	5	75	0	51.879	800	5	0.00823266	0.00884755	8	1	0.125	4.47305e-05	0.00321287	7500	REAL	branch miss	strong
AMATE	5	28	0	20.7853	800	5	0.0208087	0.0211977	6	2	0.333333	1.1734e-05	0.0011011	7466.67	MATE	branch miss	strong
ANTIC	5	46	0	29.4973	800	5	0.0131283	0.015238	5	1	0.2	3.48449e-05	0.00273956	7360	ANTI	branch miss	strong
ISLED	5	50	0	36.6164	800	5	0.0121331	0.0123912	11	2	0.181818	4.39027e-05	0.00319282	7272.73	SLED	branch miss	strong
MENED	5	18	0	12.4499	800	5	0.0308284	0.033873	6	3	0.5	3.8147e-06	0.00039632	7200	MENE	branch miss	strong
NEIST	5	116	0	86.0699	800	5	0.00539065	0.00539271	13	1	0.0769231	9.28102e-05	0.00580613	7138.46		true gap	strong
IDEAS	5	71	0	51.5511	800	5	0.00867908	0.00890224	8	1	0.125	7.63083e-05	0.00493291	7100	IDE	branch miss	strong
DONAS	5	31	0	22.1127	800	5	0.01896	0.0200056	7	2	0.285714	2.95142e-05	0.00235224	7085.71	DON	branch miss	strong
IRING	5	22	0	14.366	800	5	0.0258496	0.0297798	5	2	0.4	1.31622e-05	0.00119652	7040	RING	branch miss	strong
SIENT	5	105	0	76.7576	800	5	0.00594088	0.0060345	12	1	0.0833333	0.000107696	0.00666572	7000	SIEN	branch miss	strong
DARRE	5	34	0	23.0331	800	5	0.017413	0.0192547	8	2	0.25	5.65045e-05	0.00386757	6800		true gap	strong
EOSIN	5	74	0	55.6299	800	5	0.00833991	0.00826656	9	1	0.111111	0.000163951	0.00917178	6577.78	SIN	branch miss	strong
ELOIN	5	56	0	36.7007	800	5	0.0108943	0.0123639	7	1	0.142857	0.00017823	0.0098018	6400	LOIN	branch miss	strong
LUNAR	5	20	0	13.8338	800	5	0.0281204	0.030814	5	2	0.4	3.65616e-05	0.0028362	6400	LUNA	branch miss	strong
HOSTA	5	55	0	43.4708	800	5	0.0110829	0.0105022	7	1	0.142857	0.000207935	0.0109978	6285.71	HOST	branch miss	strong
ANOLE	5	54	0	38.6123	800	5	0.0112782	0.0117745	7	1	0.142857	0.00024259	0.0126017	6171.43	NOLE	branch miss	strong
ARIEL	5	61	0	42.5936	800	5	0.0100401	0.0107111	8	1	0.125	0.000290062	0.0148034	6100	RIEL	branch miss	strong
APTER	5	38	0	28.3349	800	5	0.0157045	0.0158319	5	1	0.2	0.000207692	0.0109978	6080	APT	branch miss	strong
TATIE	5	53	0	38.3742	800	5	0.0114804	0.0118449	7	1	0.142857	0.000283022	0.0145719	6057.14	TAT	branch miss	strong
AINEE	5	60	0	43.0115	800	5	0.0102001	0.0106105	8	1	0.125	0.0003315	0.0163446	6000	AINE	branch miss	strong
ARENA	5	75	0	50.8831	800	5	0.00823266	0.00901579	10	1	0.1	0.000369988	0.018089	6000	ARE	branch miss	strong
ASTIR	5	89	0	63.1265	800	5	0.0069767	0.0073075	12	1	0.0833333	0.000433329	0.0203315	5933.33	STIR	branch miss	strong
EARNT	5	81	0	60.8617	800	5	0.00764299	0.00757293	11	1	0.0909091	0.000443805	0.0204925	5890.91	EARN	branch miss	strong
ARTIS	5	124	0	88.0527	800	5	0.00505046	0.00527329	17	1	0.0588235	0.000543515	0.0239558	5835.29	ARTI	branch miss	strong
INLET	5	58	0	41.5613	800	5	0.0105358	0.010968	8	1	0.125	0.000432979	0.0203315	5800	LET	branch miss	strong
ELINT	5	65	0	47.5094	800	5	0.0094475	0.00963654	9	1	0.111111	0.000473245	0.0211795	5777.78	LINT	branch miss	strong
INRO	4	136	0	103.066	400	4	0.00728502	0.00714385	19	2	0.105263	2.69503e-07	3.91992e-05	5726.32		true gap	strong
AREDE	5	63	0	43.8317	800	5	0.0097348	0.0104185	9	1	0.111111	0.000598951	0.0262007	5600	ARED	branch miss	strong
DAUR	4	35	0	26.1707	400	4	0.0261973	0.0265309	5	2	0.4	1.71907e-08	3.70428e-06	5600		true gap	strong
SMIR	4	70	0	51.7905	400	4	0.0137908	0.013933	10	2	0.2	1.6455e-07	2.58744e-05	5600	MIR	branch miss	strong
THROE	5	34	0	25.8403	800	5	0.017413	0.017277	5	1	0.2	0.00050706	0.0225197	5440	THRO	branch miss	strong
ILEA	4	149	0	108.285	400	4	0.00666565	0.0068063	22	2	0.0909091	6.7997e-07	8.50123e-05	5418.18	LEA	branch miss	strong
EAGRE	5	33	0	23.9314	800	5	0.0178998	0.0185744	5	1	0.2	0.000633825	0.0275194	5280		true gap	strong
EROSE	5	91	0	66.0761	800	5	0.00682789	0.00698849	14	1	0.0714286	0.00117813	0.0463133	5200	ROSE	branch miss	strong
LIANA	5	32	0	20.9792	800	5	0.0184147	0.0210149	5	1	0.2	0.000792282	0.0331618	5120	ANA	branch miss	strong
FESTA	5	32	0	23.3597	800	5	0.0184147	0.0190016	5	1	0.2	0.000792282	0.0331618	5120	FEST	branch miss	strong
STOMA	5	32	0	23.1097	800	5	0.0184147	0.0191947	5	1	0.2	0.000792282	0.0331618	5120	TOM	branch miss	strong
STRIM	5	44	0	32.5984	800	5	0.0136897	0.0138518	7	1	0.142857	0.00113329	0.0451609	5028.57	TRIM	branch miss	strong
RODEO	5	31	0	22.444	800	5	0.01896	0.0197287	5	1	0.2	0.000990352	0.0408643	4960	RODE	branch miss	strong
RELIC	5	27	0	21.1391	800	5	0.0215077	0.0208663	9	2	0.222222	0.00113005	0.0451609	4800		true gap	strong
AEON	4	121	0	96.2099	400	4	0.00815988	0.00764176	12	1	0.0833333	2.6766e-05	0.00219331	4033.33	EON	branch miss	strong
NORM	4	54	0	42.4529	400	4	0.0176014	0.0168489	11	2	0.181818	1.96739e-05	0.00168328	3927.27	NOR	branch miss	strong
ANOW	4	29	0	23.0839	400	4	0.0309741	0.0297745	6	2	0.333333	7.82264e-06	0.000746101	3866.67	NOW	branch miss	strong
EDIT	4	157	0	117.059	400	4	0.00633424	0.00630542	17	1	0.0588235	7.35117e-05	0.00480552	3694.12	DIT	branch miss	strong
ICON	4	54	0	42.8119	400	4	0.0176014	0.0167144	6	1	0.166667	5.29923e-05	0.00371457	3600	CON	branch miss	strong
ALEC	4	54	0	41.0614	400	4	0.0176014	0.0173913	6	1	0.166667	5.29923e-05	0.00371457	3600	ALE	branch miss	strong
NANG	4	39	0	28.8002	400	4	0.0237549	0.0242779	9	2	0.222222	5.53816e-05	0.00383584	3466.67	NAN	branch miss	strong
HAEN	4	112	0	85.3978	400	4	0.0087935	0.00858536	13	1	0.0769231	0.000127833	0.00751247	3446.15	HAE	branch miss	strong
ENOW	4	43	0	36.1662	400	4	0.0217292	0.0196124	5	1	0.2	6.80565e-05	0.00449946	3440	NOW	branch miss	strong
DEAF	4	42	0	32.5373	400	4	0.0222025	0.0216634	5	1	0.2	8.50706e-05	0.00537979	3360		true gap	strong
MUNI	4	25	0	20.2292	400	4	0.0352604	0.0335702	6	2	0.333333	3.96021e-05	0.00291652	3333.33	MUN	branch miss	strong
THIR	4	90	0	71.1714	400	4	0.0108536	0.0102508	11	1	0.0909091	0.000188217	0.0102341	3272.73		true gap	strong
ANEW	4	46	0	35.2099	400	4	0.0204229	0.0201142	6	1	0.166667	0.000227857	0.011943	3066.67	ANE	branch miss	strong
SLOE	4	113	0	87.1293	400	4	0.00871828	0.00841887	15	1	0.0666667	0.000411297	0.0196142	3013.33		true gap	strong
DISA	4	112	0	85.5885	400	4	0.0087935	0.0085667	15	1	0.0666667	0.000440676	0.0204925	2986.67	DIS	branch miss	strong
AUTO	4	55	0	42.4568	400	4	0.0173026	0.0168474	8	1	0.125	0.000646313	0.0278537	2750		true gap	strong
ONST	4	184	0	141.227	400	4	0.00542408	0.00524265	27	1	0.037037	0.000964192	0.0400691	2725.93	ONS	branch miss	strong
BIAS	4	44	0	32.7752	400	4	0.0212756	0.0215158	7	1	0.142857	0.00113329	0.0451609	2514.29		true gap	strong
ESS	3	206	0	161.52	100	3	0.00571271	0.00538918	24	1	0.0416667	0.000155747	0.00888366	858.333		true gap	strong
ASTERN	6	71	0	49.6778	1400	6	0.00600944	0.00666707	19	8	0.421053	1.40403e-17	2.0576e-14	41852.6	ASTER	branch miss	topQuartile
ENATES	6	50	0	33.5169	1400	6	0.00842641	0.00977997	12	7	0.583333	9.75973e-20	8.58173e-16	40833.3	NATES	branch miss	topQuartile
LATENS	6	56	0	32.9295	1400	6	0.00755791	0.00994881	12	5	0.416667	7.78647e-14	6.84664e-11	32666.7	LATE	branch miss	topQuartile
SERINE	6	53	0	32.7232	1400	6	0.00796856	0.0100095	7	3	0.428571	1.31517e-13	1.0513e-10	31800	SERIN	branch miss	topQuartile
ASTONE	6	42	0	24.0495	1400	6	0.00995109	0.0134622	10	5	0.5	2.27374e-13	1.66608e-10	29400	STONE	branch miss	topQuartile
LATEN	5	111	0	79.8833	800	5	0.00562757	0.0058027	28	9	0.321429	2.02819e-19	8.91693e-16	28542.9	LATE	branch miss	topQuartile
STRAE	5	162	0	119.042	800	5	0.00388568	0.00391749	42	9	0.214286	1.07863e-17	1.89688e-14	27771.4		true gap	topQuartile
ENTERA	6	51	0	33.7545	1400	6	0.00826806	0.00971329	18	7	0.388889	1.23632e-11	7.76494e-09	27766.7	ENTER	branch miss	topQuartile
ASTERT	6	54	0	39.8429	1400	6	0.00782681	0.00826874	14	5	0.357143	4.34692e-11	2.24838e-08	27000	ASTER	branch miss	topQuartile
ENATE	5	98	0	68.7777	800	5	0.00635358	0.0067198	21	7	0.333333	5.53422e-18	1.21656e-14	26133.3	NAT	branch miss	topQuartile
SOLERA	6	34	0	21.2657	1400	6	0.0121494	0.0151382	10	5	0.5	5.82077e-11	2.69379e-08	23800	SOLER	branch miss	topQuartile
SANTERO	7	28	0	9.41671	1800	7	0.0104016	0.0323437	7	3	0.428571	1.56652e-07	3.62483e-05	21600	SANT	branch miss	topQuartile
ERODES	6	27	0	16.1737	1400	6	0.0150606	0.0196018	7	4	0.571429	1.16045e-10	5.10192e-08	21600	RODES	branch miss	topQuartile
ERODE	5	53	0	39.7639	800	5	0.0114804	0.0114458	16	8	0.5	1.11022e-16	1.3946e-13	21200	RODE	branch miss	topQuartile
SHIERS	6	18	0	14.5002	1400	6	0.0217663	0.0217051	6	5	0.833333	9.8464e-15	1.08224e-11	21000	HIE	branch miss	topQuartile
DAINES	6	30	0	16.953	1400	6	0.013658	0.0187554	6	3	0.5	9.31323e-10	3.41213e-07	21000	DAINE	branch miss	topQuartile
DENIER	6	29	0	16.5633	1400	6	0.0140956	0.0191692	6	3	0.5	1.86265e-09	6.06601e-07	20300	DENI	branch miss	topQuartile
SANTERA	7	22	0	7.68171	1800	7	0.013031	0.0388811	6	3	0.5	2.38419e-07	4.99146e-05	19800	SANT	branch miss	topQuartile
SATIRE	6	52	0	32.3245	1400	6	0.00811555	0.0101289	8	2	0.25	3.18556e-07	6.22458e-05	18200	SATI	branch miss	topQuartile
SCOTER	6	21	0	13.8358	1400	6	0.0189533	0.0226709	5	3	0.6	4.39805e-09	1.24748e-06	17640	SCOT	branch miss	topQuartile
SENOR	5	121	0	90.168	800	5	0.00517288	0.00515159	33	6	0.181818	2.84989e-11	1.56619e-08	17600	SEN	branch miss	topQuartile
MARTEN	6	35	0	19.5419	1400	6	0.0118229	0.0164026	9	3	0.333333	6.86761e-07	0.000118406	16333.3	MART	branch miss	topQuartile
ANOLES	6	35	0	21.013	1400	6	0.0118229	0.0153112	6	2	0.333333	6.86761e-07	0.000118406	16333.3	NOLES	branch miss	topQuartile
CERATE	6	27	0	18.3945	1400	6	0.0150606	0.0173683	7	3	0.428571	2.7414e-07	5.47844e-05	16200	RATE	branch miss	topQuartile
DORTER	6	27	0	19.3482	1400	6	0.0150606	0.016558	7	3	0.428571	2.7414e-07	5.47844e-05	16200	DORT	branch miss	topQuartile
ANOLE	5	54	0	38.6123	800	5	0.0112782	0.0117745	8	3	0.375	9.49557e-12	6.42266e-09	16200	NOLE	branch miss	topQuartile
DENIES	6	26	0	14.9376	1400	6	0.0155944	0.0211129	7	3	0.428571	4.79745e-07	8.78833e-05	15600	DENI	branch miss	topQuartile
TAMINE	6	26	0	12.1813	1400	6	0.0155944	0.0254959	7	3	0.428571	4.79745e-07	8.78833e-05	15600	AMINE	branch miss	topQuartile
CERATES	7	17	0	7.93133	1800	7	0.0165085	0.0377824	6	3	0.5	7.62939e-06	0.000945538	15300	RATES	branch miss	topQuartile
STENOS	6	29	0	19.3632	1400	6	0.0140956	0.0165459	8	3	0.375	1.20371e-06	0.000179393	15225	STEN	branch miss	topQuartile
ELAIN	5	83	0	52.8478	800	5	0.00746476	0.00868981	22	5	0.227273	5.08368e-10	2.03185e-07	15090.9	LAIN	branch miss	topQuartile
ETNA	4	259	0	192.93	400	4	0.00387673	0.00385328	63	9	0.142857	4.57911e-18	1.21656e-14	14800		true gap	topQuartile
ARTIS	5	124	0	88.0527	800	5	0.00505046	0.00527329	27	4	0.148148	2.31817e-09	7.05033e-07	14696.3	ARTI	branch miss	topQuartile
TESTA	5	119	0	89.0602	800	5	0.00525784	0.00521462	26	4	0.153846	2.32526e-09	7.05033e-07	14646.2	TEST	branch miss	topQuartile
HISTED	6	24	0	15.9271	1400	6	0.0167842	0.0198857	7	3	0.428571	1.46922e-06	0.000211784	14400	HIST	branch miss	topQuartile
SINNET	6	24	0	14.5822	1400	6	0.0167842	0.0215915	7	3	0.428571	1.46922e-06	0.000211784	14400	SIN	branch miss	topQuartile
EMITS	5	49	0	37.6319	800	5	0.0123675	0.0120696	11	4	0.363636	2.40748e-10	1.00805e-07	14254.5	ITS	branch miss	topQuartile
SITAR	5	128	0	87.9368	800	5	0.00489597	0.00528012	29	4	0.137931	5.61536e-09	1.54299e-06	14124.1	SIT	branch miss	topQuartile
DARRES	6	20	0	13.9125	1400	6	0.0198066	0.0225549	6	3	0.5	9.53674e-07	0.000149744	14000	RES	branch miss	topQuartile
RENIN	5	63	0	44.3709	800	5	0.0097348	0.010296	18	5	0.277778	1.24814e-09	4.22111e-07	14000	REN	branch miss	topQuartile
ITHER	5	61	0	43.9487	800	5	0.0100401	0.0103917	14	4	0.285714	1.21952e-09	4.22111e-07	13942.9	THE	branch miss	topQuartile
EGRETS	6	23	0	16.0193	1400	6	0.0174499	0.0197786	7	3	0.428571	2.57113e-06	0.000347815	13800	RETS	branch miss	topQuartile
THROE	5	34	0	25.8403	800	5	0.017413	0.017277	8	4	0.5	5.82077e-11	2.69379e-08	13600	THRO	branch miss	topQuartile
STEEDS	6	12	0	7.17328	1400	6	0.0309546	0.0409373	5	4	0.8	4.096e-09	1.20054e-06	13440	STEED	branch miss	topQuartile
TONIEST	7	18	0	7.173	1800	7	0.0156721	0.0413304	5	2	0.4	0.00010156	0.00769842	12960	NIES	branch miss	topQuartile
TENDRE	6	22	0	14.8463	1400	6	0.0181706	0.0212338	5	2	0.4	1.31622e-05	0.00148378	12320	TEND	branch miss	topQuartile
SANNIE	6	20	0	9.43218	1400	6	0.0198066	0.0321537	7	3	0.428571	1.37797e-05	0.00153373	12000	SAN	branch miss	topQuartile
DRIEST	6	34	0	22.3383	1400	6	0.0121494	0.0144453	12	3	0.25	5.65045e-05	0.00477735	11900	DRIES	branch miss	topQuartile
SERAI	5	166	0	115.79	800	5	0.00379359	0.00402612	45	4	0.0888889	1.94466e-07	4.38445e-05	11804.4	SERA	branch miss	topQuartile
ARMETS	6	25	0	15.9803	1400	6	0.0161674	0.0198237	9	3	0.333333	3.96021e-05	0.00355328	11666.7	METS	branch miss	topQuartile
PATENS	6	22	0	13.5765	1400	6	0.0181706	0.0230715	8	3	0.375	3.23117e-05	0.00302252	11550	PATE	branch miss	topQuartile
LIARD	5	36	0	23.3736	800	5	0.0165147	0.0189911	5	2	0.4	1.03144e-08	2.74833e-06	11520	LIAR	branch miss	topQuartile
ENTERAL	7	17	0	7.01655	1800	7	0.0165085	0.042147	8	3	0.375	0.000338813	0.0199945	11475	ENTER	branch miss	topQuartile
EDIT	4	157	0	117.059	400	4	0.00633424	0.00630542	33	6	0.181818	2.07693e-14	2.02916e-11	11418.2	DIT	branch miss	topQuartile
DEROS	5	89	0	61.2587	800	5	0.0069767	0.00752502	19	3	0.157895	2.27828e-07	4.88609e-05	11242.1		true gap	topQuartile
HORSTE	6	24	0	18.3315	1400	6	0.0167842	0.0174245	9	3	0.333333	5.94032e-05	0.00483497	11200	HORS	branch miss	topQuartile
RAMETS	6	24	0	15.1241	1400	6	0.0167842	0.0208702	6	2	0.333333	5.94032e-05	0.00483497	11200	METS	branch miss	topQuartile
REMET	5	35	0	24.526	800	5	0.0169519	0.0181498	15	6	0.4	1.71907e-08	4.3188e-06	11200	REM	branch miss	topQuartile
RANGA	5	23	0	15.3841	800	5	0.0248464	0.0279829	5	3	0.6	7.03687e-10	2.69023e-07	11040	RANG	branch miss	topQuartile
ALLIES	6	21	0	10.7849	1400	6	0.0189533	0.0284928	8	3	0.375	5.16988e-05	0.00441347	11025	LIES	branch miss	topQuartile
INSET	5	164	0	124.366	800	5	0.00383908	0.00375177	36	3	0.0833333	6.34857e-07	0.000113924	10933.3	INS	branch miss	topQuartile
BERATE	6	23	0	15.8574	1400	6	0.0174499	0.0199675	9	3	0.333333	8.91048e-05	0.00687279	10733.3	RATE	branch miss	topQuartile
MESTER	6	30	0	22.4431	1400	6	0.013658	0.0143809	8	2	0.25	0.000178582	0.0122678	10500	ESTER	branch miss	topQuartile
SIENTS	6	37	0	21.5163	1400	6	0.0112199	0.0149704	5	1	0.2	0.000259615	0.016423	10360	SIEN	branch miss	topQuartile
ALERTS	6	59	0	41.1124	1400	6	0.0071875	0.00802003	16	2	0.125	0.000378857	0.0222086	10325	ALE	branch miss	topQuartile
SLIER	5	69	0	50.2096	800	5	0.00892094	0.00913324	27	5	0.185185	7.29567e-07	0.000121039	10222.2	LIER	branch miss	topQuartile
DARRE	5	34	0	23.0331	800	5	0.017413	0.0192547	8	3	0.375	1.14794e-07	2.72807e-05	10200		true gap	topQuartile
DOEST	5	72	0	57.52	800	5	0.00856299	0.00800178	17	3	0.176471	8.48978e-07	0.000135728	10164.7	DOES	branch miss	topQuartile
OATEN	5	93	0	69.2589	800	5	0.0066853	0.0066741	22	3	0.136364	1.19888e-06	0.000179393	10145.5	OAT	branch miss	topQuartile
SALTERN	7	14	0	7.06674	1800	7	0.0196559	0.0418816	5	2	0.4	0.000783642	0.0378602	10080	SALTER	branch miss	topQuartile
TRAINEE	7	14	0	6.81766	1800	7	0.0196559	0.0432328	5	2	0.4	0.000783642	0.0378602	10080	TRAIN	branch miss	topQuartile
ONSET	5	127	0	97.1163	800	5	0.0049337	0.00478858	31	3	0.0967742	2.43296e-06	0.000339572	9832.26	ONS	branch miss	topQuartile
TOLARS	6	21	0	14.5138	1400	6	0.0189533	0.0216862	6	2	0.333333	0.000200486	0.0133551	9800	TOLA	branch miss	topQuartile
OUTRED	6	14	0	9.43423	1400	6	0.0271362	0.0321474	6	3	0.5	6.10352e-05	0.00483497	9800	OUTRE	branch miss	topQuartile
ADORES	6	38	0	24.7588	1400	6	0.0109409	0.0130929	11	2	0.181818	0.000487858	0.0266674	9672.73	DORES	branch miss	topQuartile
PATEN	5	42	0	30.0725	800	5	0.0143013	0.0149603	14	4	0.285714	7.28824e-07	0.000121039	9600	PATE	branch miss	topQuartile
NITHER	6	24	0	14.3252	1400	6	0.0167842	0.0219514	7	2	0.285714	0.000311119	0.0188667	9600	NIT	branch miss	topQuartile
TENNIS	6	24	0	14.5822	1400	6	0.0167842	0.0215915	7	2	0.285714	0.000311119	0.0188667	9600	TEN	branch miss	topQuartile
ORCAS	5	30	0	22.4509	800	5	0.0195386	0.019723	5	2	0.4	2.21074e-07	4.85976e-05	9600		true gap	topQuartile
OLDEST	6	20	0	12.8164	1400	6	0.0198066	0.024332	9	3	0.333333	0.000300729	0.0184917	9333.33	OLDE	branch miss	topQuartile
ALATE	5	52	0	36.226	800	5	0.01169	0.0125195	18	4	0.222222	2.111e-06	0.000299387	9244.44	LATE	branch miss	topQuartile
ARIEL	5	61	0	42.5936	800	5	0.0100401	0.0107111	16	3	0.1875	3.15664e-06	0.000420551	9150	RIEL	branch miss	topQuartile
HORST	5	48	0	35.1492	800	5	0.0126111	0.0128875	17	4	0.235294	2.55701e-06	0.000347815	9035.29	HORS	branch miss	topQuartile
MITRED	6	19	0	10.8971	1400	6	0.0207402	0.0282261	6	2	0.333333	0.000451093	0.0252641	8866.67	MITRE	branch miss	topQuartile
SENILE	6	22	0	11.1254	1400	6	0.0181706	0.0276989	7	2	0.285714	0.000609794	0.0323007	8800	SEN	branch miss	topQuartile
TOISES	6	25	0	14.9403	1400	6	0.0161674	0.0211094	8	2	0.25	0.000752543	0.0378121	8750	OIS	branch miss	topQuartile
MENED	5	18	0	12.4499	800	5	0.0308284	0.033873	5	3	0.6	6.87195e-08	1.67847e-05	8640	MENE	branch miss	topQuartile
TAWER	5	25	0	17.304	800	5	0.0230568	0.0251243	7	3	0.428571	8.39554e-07	0.000135728	8571.43	TAW	branch miss	topQuartile
IDENT	5	67	0	49.0515	800	5	0.00917667	0.00934253	19	3	0.157895	9.98959e-06	0.00117118	8463.16	DENT	branch miss	topQuartile
PETRE	5	37	0	27.6885	800	5	0.0160994	0.0161827	7	2	0.285714	3.91979e-06	0.000514428	8457.14	PET	branch miss	topQuartile
PORINS	6	12	0	5.92199	1400	6	0.0309546	0.0482366	6	3	0.5	0.000244141	0.015556	8400	PORIN	branch miss	topQuartile
RAMET	5	56	0	39.1559	800	5	0.0108943	0.011617	16	3	0.1875	8.91474e-06	0.0010738	8400	RAM	branch miss	topQuartile
RETORE	6	24	0	17.3138	1400	6	0.0167842	0.0183878	8	2	0.25	0.00100339	0.0461928	8400	TORE	branch miss	topQuartile
ORANG	5	37	0	23.8014	800	5	0.0160994	0.0186698	11	3	0.272727	7.63484e-06	0.000945538	8072.73	RANG	branch miss	topQuartile
SAROS	5	50	0	35.4726	800	5	0.0121331	0.0127747	10	2	0.2	1.42725e-05	0.00156872	8000	SAR	branch miss	topQuartile
TEIND	5	70	0	49.3185	800	5	0.00879835	0.00929343	14	2	0.142857	2.05932e-05	0.00201196	8000	TEIN	branch miss	topQuartile
OUTRAN	6	17	0	8.46539	1400	6	0.0228992	0.035405	6	2	0.333333	0.00101496	0.0462411	7933.33	OUT	branch miss	topQuartile
EMOTER	6	15	0	9.84463	1400	6	0.0255598	0.0309415	8	3	0.375	0.000867362	0.0410038	7875	MOTE	branch miss	topQuartile
DIANE	5	59	0	39.7769	800	5	0.0103652	0.0114422	12	2	0.166667	2.12964e-05	0.0020578	7866.67	ANE	branch miss	topQuartile
HILTED	6	14	0	10.3238	1400	6	0.0271362	0.0296433	5	2	0.4	0.000783642	0.0378602	7840	TED	branch miss	topQuartile
SECTOR	6	14	0	8.53064	1400	6	0.0271362	0.035165	5	2	0.4	0.000783642	0.0378602	7840	SECT	branch miss	topQuartile
RATAN	5	49	0	34.2473	800	5	0.0123675	0.0132127	10	2	0.2	1.78406e-05	0.00180695	7840	RATA	branch miss	topQuartile
IDEAL	5	63	0	44.3978	800	5	0.0097348	0.01029	13	2	0.153846	2.68725e-05	0.00256837	7753.85	DEAL	branch miss	topQuartile
ETNAS	5	121	0	90.7101	800	5	0.00517288	0.00512131	25	2	0.08	4.15267e-05	0.00368832	7744	NAS	branch miss	topQuartile
HOUTED	6	11	0	8.13153	1400	6	0.0332973	0.036686	6	3	0.5	0.000488281	0.0266674	7700	HOUT	branch miss	topQuartile
TENIA	5	144	0	102.5	800	5	0.00436224	0.00454066	30	2	0.0666667	4.84502e-05	0.00417669	7680	TEN	branch miss	topQuartile
FESTA	5	32	0	23.3597	800	5	0.0184147	0.0190016	10	3	0.3	1.10443e-05	0.00127779	7680	FEST	branch miss	topQuartile
SIENT	5	105	0	76.7576	800	5	0.00594088	0.0060345	22	2	0.0909091	4.50576e-05	0.00392269	7636.36	SIEN	branch miss	topQuartile
APTER	5	38	0	28.3349	800	5	0.0157045	0.0158319	12	3	0.25	1.78784e-05	0.00180695	7600	APT	branch miss	topQuartile
AMINO	5	38	0	24.794	800	5	0.0157045	0.0179648	12	3	0.25	1.78784e-05	0.00180695	7600	AMIN	branch miss	topQuartile
ANODE	5	52	0	36.7956	800	5	0.01169	0.0123332	11	2	0.181818	2.93894e-05	0.00277872	7563.64	NODE	branch miss	topQuartile
SERAC	5	102	0	77.8755	800	5	0.006111	0.0059495	22	2	0.0909091	5.99717e-05	0.00483497	7418.18	SERA	branch miss	topQuartile
DONOR	5	23	0	16.8373	800	5	0.0248464	0.0257641	5	2	0.4	7.8973e-06	0.000964458	7360	DON	branch miss	topQuartile
ARMET	5	49	0	35.4188	800	5	0.0123675	0.0127933	16	3	0.1875	3.81369e-05	0.00345709	7350	ARM	branch miss	topQuartile
ANILS	5	55	0	35.7064	800	5	0.0110829	0.0126944	12	2	0.166667	4.41602e-05	0.00388301	7333.33	NILS	branch miss	topQuartile
EMOTE	5	25	0	18.451	800	5	0.0230568	0.0236792	11	4	0.363636	1.23775e-05	0.00141345	7272.73	MOTE	branch miss	topQuartile
METED	5	27	0	20.7651	800	5	0.0215077	0.0212169	6	2	0.333333	1.76009e-05	0.00180695	7200	METE	branch miss	topQuartile
EDITS	5	87	0	63.2494	800	5	0.00713214	0.00729362	20	2	0.1	0.000104496	0.00785325	6960	DITS	branch miss	topQuartile
TANTI	5	52	0	38.4401	800	5	0.01169	0.0118253	12	2	0.166667	7.63089e-05	0.00593791	6933.33	ANTI	branch miss	topQuartile
SEMI	4	121	0	91.9497	400	4	0.00815988	0.00798767	29	4	0.137931	1.58702e-08	4.10432e-06	6675.86		true gap	topQuartile
ALTAR	5	29	0	20.5356	800	5	0.0201537	0.021438	7	2	0.285714	5.78478e-05	0.00483497	6628.57	ALT	branch miss	topQuartile
ANOW	4	29	0	23.0839	400	4	0.0309741	0.0297745	7	4	0.571429	2.13144e-11	1.24945e-08	6628.57	NOW	branch miss	topQuartile
PRESA	5	58	0	43.4262	800	5	0.0105358	0.0105126	14	2	0.142857	0.000130944	0.00967556	6628.57	PRE	branch miss	topQuartile
ROUES	5	37	0	29.255	800	5	0.0160994	0.0153581	9	2	0.222222	9.15492e-05	0.00699993	6577.78		true gap	topQuartile
TENON	5	41	0	31.0589	800	5	0.014628	0.0145069	15	3	0.2	0.000106338	0.007924	6560	TEN	branch miss	topQuartile
EGRET	5	30	0	20.8534	800	5	0.0195386	0.0211331	11	3	0.272727	7.09446e-05	0.00556978	6545.45	RET	branch miss	topQuartile
TOISE	5	89	0	64.813	800	5	0.0069767	0.00712162	22	2	0.0909091	0.000207038	0.0136879	6472.73	OIS	branch miss	topQuartile
LOGAN	5	20	0	13.6337	800	5	0.0281204	0.0312217	5	2	0.4	3.65616e-05	0.00334881	6400	LOG	branch miss	topQuartile
NOSEY	5	20	0	15.2198	800	5	0.0281204	0.028258	5	2	0.4	3.65616e-05	0.00334881	6400	NOSE	branch miss	topQuartile
MERIS	5	64	0	45.9301	800	5	0.009589	0.00995748	16	2	0.125	0.000194319	0.0131434	6400	MERI	branch miss	topQuartile
NOELS	5	40	0	32.1409	800	5	0.0149701	0.0140402	10	2	0.2	0.000132923	0.00971279	6400	ELS	branch miss	topQuartile
SENSA	5	71	0	53.1124	800	5	0.00867908	0.0086477	18	2	0.111111	0.000233438	0.0152008	6311.11	SENS	branch miss	topQuartile
AMIRS	5	35	0	24.6076	800	5	0.0169519	0.0180931	9	2	0.222222	0.000151336	0.0109074	6222.22	MIRS	branch miss	topQuartile
ISLED	5	50	0	36.6164	800	5	0.0121331	0.0123912	13	2	0.153846	0.000235758	0.0152008	6153.85	SLED	branch miss	topQuartile
OPERA	5	46	0	34.6017	800	5	0.0131283	0.0130829	6	1	0.166667	0.000227857	0.0149519	6133.33	OPE	branch miss	topQuartile
IRADE	5	72	0	47.763	800	5	0.00856299	0.00958693	19	2	0.105263	0.000332708	0.0197669	6063.16	RADE	branch miss	topQuartile
AGIST	5	30	0	21.7733	800	5	0.0195386	0.0202975	8	2	0.25	0.000178582	0.0122678	6000	GIST	branch miss	topQuartile
LORAL	5	26	0	17.7533	800	5	0.0222554	0.0245377	7	2	0.285714	0.000158734	0.0112561	5942.86	ORAL	branch miss	topQuartile
ANILE	5	80	0	52.8216	800	5	0.00773533	0.008694	22	2	0.0909091	0.000488186	0.0266674	5818.18	ANI	branch miss	topQuartile
ISLES	5	61	0	47.1528	800	5	0.0100401	0.00970719	17	2	0.117647	0.000483262	0.0266674	5741.18		true gap	topQuartile
TANTO	5	43	0	31.9698	800	5	0.0139888	0.014112	12	2	0.166667	0.000393737	0.022928	5733.33	TAN	branch miss	topQuartile
THALE	5	32	0	24.1566	800	5	0.0184147	0.0184112	9	2	0.222222	0.000321645	0.0192396	5688.89	HALE	branch miss	topQuartile
ILLER	5	32	0	22.2958	800	5	0.0184147	0.0198516	9	2	0.222222	0.000321645	0.0192396	5688.89	ILL	branch miss	topQuartile
AINEE	5	60	0	43.0115	800	5	0.0102001	0.0106105	17	2	0.117647	0.000547697	0.0297278	5647.06	AINE	branch miss	topQuartile
EARNT	5	81	0	60.8617	800	5	0.00764299	0.00757293	23	2	0.0869565	0.000630679	0.0332069	5634.78	EARN	branch miss	topQuartile
SETON	5	123	0	95.384	800	5	0.00509062	0.00487421	35	2	0.0571429	0.000719193	0.0365541	5622.86	SET	branch miss	topQuartile
CHIRT	5	21	0	14.6942	800	5	0.0269372	0.0291757	6	2	0.333333	0.000200486	0.0133551	5600	CHI	branch miss	topQuartile
ALIT	4	143	0	102.828	400	4	0.00693789	0.00716006	31	3	0.0967742	4.77393e-07	8.78833e-05	5535.48	LIT	branch miss	topQuartile
SCRAN	5	31	0	22.8305	800	5	0.01896	0.0194152	9	2	0.222222	0.000413544	0.023923	5511.11	CRAN	branch miss	topQuartile
ALERT	5	92	0	64.3341	800	5	0.00675584	0.00717343	27	2	0.0740741	0.000841423	0.0399926	5451.85	ALE	branch miss	topQuartile
SIDED	5	17	0	11.9837	800	5	0.032388	0.0350451	5	2	0.4	0.000169267	0.0118124	5440	SIDE	branch miss	topQuartile
DIODE	5	17	0	11.8978	800	5	0.032388	0.03527	5	2	0.4	0.000169267	0.0118124	5440	ODE	branch miss	topQuartile
OLLIE	5	27	0	19.639	800	5	0.0215077	0.0223478	8	2	0.25	0.000423306	0.0243276	5400	LIE	branch miss	topQuartile
ADORE	5	54	0	39.9778	800	5	0.0112782	0.0113868	16	2	0.125	0.000738643	0.037327	5400	DORE	branch miss	topQuartile
EROSE	5	91	0	66.0761	800	5	0.00682789	0.00698849	27	2	0.0740741	0.000908737	0.0425028	5392.59	ROSE	branch miss	topQuartile
LUNAR	5	20	0	13.8338	800	5	0.0281204	0.030814	9	3	0.333333	0.000300729	0.0184917	5333.33	LUNA	branch miss	topQuartile
RELET	5	43	0	30.7808	800	5	0.0139888	0.014632	13	2	0.153846	0.000759139	0.0378602	5292.31	LET	branch miss	topQuartile
LAIRD	5	39	0	24.0435	800	5	0.0153285	0.0184928	6	1	0.166667	0.000816453	0.0390167	5200	LAIR	branch miss	topQuartile
DIRER	5	39	0	26.2149	800	5	0.0153285	0.0170434	6	1	0.166667	0.000816453	0.0390167	5200	DIRE	branch miss	topQuartile
SIGNA	5	29	0	18.3268	800	5	0.0201537	0.0238276	9	2	0.222222	0.000683613	0.0353589	5155.56	SIGN	branch miss	topQuartile
STOND	5	45	0	33.258	800	5	0.0134031	0.0135889	14	2	0.142857	0.000971392	0.0451929	5142.86	TON	branch miss	topQuartile
ALONG	5	16	0	10.2789	800	5	0.0341137	0.0401218	5	2	0.4	0.000282111	0.0177186	5120	LONG	branch miss	topQuartile
AGATE	5	19	0	13.6671	800	5	0.0294122	0.0311528	6	2	0.333333	0.000451093	0.0252641	5066.67	GATE	branch miss	topQuartile
HONOR	5	19	0	13.7867	800	5	0.0294122	0.030909	6	2	0.333333	0.000451093	0.0252641	5066.67	HON	branch miss	topQuartile
IRING	5	22	0	14.366	800	5	0.0258496	0.0297798	7	2	0.285714	0.000609794	0.0323007	5028.57	RING	branch miss	topQuartile
AGLET	5	28	0	20.6259	800	5	0.0208087	0.0213505	9	2	0.222222	0.000878931	0.0413286	4977.78	LET	branch miss	topQuartile
DONAS	5	31	0	22.1127	800	5	0.01896	0.0200056	10	2	0.2	0.000990352	0.0458324	4960	DON	branch miss	topQuartile
HEALD	5	18	0	12.4996	800	5	0.0308284	0.0337527	6	2	0.333333	0.000676639	0.0352053	4800	HEAL	branch miss	topQuartile
ENOW	4	43	0	36.1662	400	4	0.0217292	0.0196124	11	3	0.272727	1.12975e-06	0.000174279	4690.91	NOW	branch miss	topQuartile
NORMS	5	17	0	12.2711	800	5	0.032388	0.0343132	6	2	0.333333	0.00101496	0.0462411	4533.33	NOR	branch miss	topQuartile
WRING	5	14	0	8.86655	800	5	0.0381827	0.0455932	5	2	0.4	0.000783642	0.0378602	4480	RING	branch miss	topQuartile
FLANE	5	14	0	9.92449	800	5	0.0381827	0.0413674	5	2	0.4	0.000783642	0.0378602	4480	FLAN	branch miss	topQuartile
CHILE	5	13	0	10.2955	800	5	0.0406043	0.0400652	7	3	0.428571	0.000692636	0.0355911	4457.14	CHI	branch miss	topQuartile
NOSY	4	39	0	31.2412	400	4	0.0237549	0.0225039	11	3	0.272727	4.03826e-06	0.000522183	4254.55	NOS	branch miss	topQuartile
ISLE	4	155	0	116.508	400	4	0.00641396	0.00633468	44	3	0.0681818	1.76333e-05	0.00180695	4227.27		true gap	topQuartile
ORCA	4	88	0	65.2843	400	4	0.0110898	0.0111455	17	2	0.117647	1.64636e-05	0.00176542	4141.18		true gap	topQuartile
LIMO	4	36	0	28.6696	400	4	0.0255408	0.0243807	7	2	0.285714	5.4877e-06	0.000699324	4114.29		true gap	topQuartile
UNDO	4	46	0	36.2762	400	4	0.0204229	0.0195563	9	2	0.222222	9.53574e-06	0.00113308	4088.89		true gap	topQuartile
OUTA	4	67	0	49.7034	400	4	0.0143743	0.0144936	20	3	0.15	1.86667e-05	0.00186519	4020	OUT	branch miss	topQuartile
AUTO	4	55	0	42.4568	400	4	0.0173026	0.0168474	11	2	0.181818	1.60968e-05	0.0017474	4000		true gap	topQuartile
SMIR	4	70	0	51.7905	400	4	0.0137908	0.013933	14	2	0.142857	2.05932e-05	0.00201196	4000	MIR	branch miss	topQuartile
INRO	4	136	0	103.066	400	4	0.00728502	0.00714385	29	2	0.0689655	6.0165e-05	0.00483497	3751.72		true gap	topQuartile
FOES	4	37	0	28.4626	400	4	0.0249164	0.0245455	13	3	0.230769	6.08269e-05	0.00483497	3415.38	FOE	branch miss	topQuartile
DOSA	4	86	0	66.369	400	4	0.0113365	0.0109691	21	2	0.0952381	0.000182789	0.0124594	3276.19	DOS	branch miss	topQuartile
TROG	4	57	0	40.7088	400	4	0.0167344	0.0175344	14	2	0.142857	0.000152768	0.0109211	3257.14		true gap	topQuartile
AEON	4	121	0	96.2099	400	4	0.00815988	0.00764176	30	2	0.0666667	0.000236837	0.0152008	3226.67	EON	branch miss	topQuartile
HAEN	4	112	0	85.3978	400	4	0.0087935	0.00858536	15	1	0.0666667	0.000440676	0.0251614	2986.67	HAE	branch miss	topQuartile
BOIS	4	22	0	15.9818	400	4	0.0393438	0.041428	9	3	0.333333	0.000133657	0.00971279	2933.33	BOI	branch miss	topQuartile
GNAT	4	93	0	65.1952	400	4	0.0105176	0.0111603	26	2	0.0769231	0.000584957	0.031363	2861.54	NAT	branch miss	topQuartile
TREY	4	69	0	53.425	400	4	0.01398	0.0135233	20	2	0.1	0.000696199	0.0355911	2760		true gap	topQuartile
DRAD	4	41	0	29.7569	400	4	0.0226969	0.0235503	6	1	0.166667	0.000566982	0.0305857	2733.33	RAD	branch miss	topQuartile
DOUC	4	18	0	13.357	400	4	0.0465282	0.0484337	6	2	0.333333	0.000676639	0.0352053	2400		true gap	topQuartile
WUD	3	20	0	14.6962	100	3	0.0504142	0.0523953	6	2	0.333333	0.000300729	0.0184917	666.667		true gap	topQuartile
