affix	opps	taken	forgone	rate	oppOpps	oppTaken	oppRate	p	q	excessForgone
-S	58379	42149	9.7766e+06	0.72199	49232	37252	0.75666	2.759e-38	5.7938e-36	1.5837e+06
-ED	8233	3697	4.8898e+06	0.44905	6801	4319	0.63505	6.6359e-115	4.1806e-112	1.7699e+06
S-	14566	8200	4.3482e+06	0.56295	11554	6061	0.52458	1	1	-4.1184e+05
-D	10514	4822	4.0584e+06	0.45863	8788	5437	0.61868	2.0464e-109	6.4461e-107	1.2679e+06
RE-	3761	870	3.7066e+06	0.23132	3249	877	0.26993	9.7092e-05	0.0015292	1.8732e+05
-ES	11686	8432	3.1114e+06	0.72155	9345	6832	0.73109	0.061683	0.2135	1.0768e+05
-T	12585	7722	3.0428e+06	0.61359	9836	5923	0.60218	0.95884	1	-76841
-ER	9800	7036	3.0002e+06	0.71796	7871	5992	0.76128	3.9529e-11	2.2639e-09	4.7405e+05
A-	4787	873	2.8806e+06	0.18237	4141	738	0.17822	0.6945	0.94042	-14648
-E	23712	18694	2.7104e+06	0.78838	18804	14174	0.75378	1	1	-4.3493e+05
T-	7829	4215	2.423e+06	0.53838	6013	3014	0.50125	0.99999	1	-2.0425e+05
-A	5382	935	2.3368e+06	0.17373	4342	867	0.19968	0.00053006	0.0065478	72339
-R	10400	7748	1.9072e+06	0.745	8500	6650	0.78235	1.0055e-09	5.2789e-08	3.1071e+05
-N	5405	2454	1.8102e+06	0.45402	4265	2036	0.47737	0.011128	0.066258	69289
-TS	4820	2923	1.7836e+06	0.60643	3651	2168	0.59381	0.87996	1	-55689
-ING	2014	971	1.707e+06	0.48213	1777	1007	0.56669	9.8995e-08	3.2825e-06	2.846e+05
E-	2863	426	1.692e+06	0.14879	2415	326	0.13499	0.92357	1	-26951
-IES	1217	164	1.645e+06	0.13476	1053	270	0.25641	9.8785e-14	8.8906e-12	2.3311e+05
DE-	1524	243	1.5912e+06	0.15945	1249	256	0.20496	0.00095375	0.010541	85723
-ERS	3830	2838	1.5848e+06	0.74099	3032	2356	0.77704	0.00027248	0.0037318	2.2168e+05
-Y	2181	198	1.5154e+06	0.090784	1832	270	0.14738	1.3191e-08	4.8884e-07	93417
-O	3059	428	1.4452e+06	0.13992	2548	417	0.16366	0.0066737	0.046203	39641
-IER	1031	170	1.4058e+06	0.16489	872	197	0.22592	0.00038672	0.0050176	1.0347e+05
-I	3262	436	1.3966e+06	0.13366	2718	615	0.22627	3.6638e-21	3.847e-19	1.4834e+05
-AS	1758	264	1.3832e+06	0.15017	1432	270	0.18855	0.00194	0.0186	62232
C-	3724	1982	1.3336e+06	0.53222	2838	1417	0.4993	0.99591	1	-93015
-RS	4194	3075	1.3314e+06	0.73319	3538	2747	0.77643	5.6208e-06	0.00012211	2.3022e+05
-ST	1515	416	1.2688e+06	0.27459	1214	349	0.28748	0.2281	0.48384	21212
-EN	1279	119	1.1902e+06	0.093041	1069	265	0.2479	2.6736e-24	3.3687e-22	2.0397e+05
-EST	808	52	1.182e+06	0.064356	697	187	0.26829	1.8439e-27	2.9042e-25	2.5623e+05
IN-	893	15	1.1718e+06	0.016797	785	26	0.033121	0.015347	0.081937	19530
SE-	1263	173	1.1524e+06	0.13698	1009	125	0.12389	0.82079	1	-17093
-TED	1428	642	1.1384e+06	0.44958	1169	682	0.5834	5.7196e-12	3.6033e-10	2.7814e+05
-IS	1363	111	1.1214e+06	0.081438	1106	190	0.17179	4.4401e-12	3.1081e-10	1.1021e+05
-AL	1241	119	1.1094e+06	0.09589	1041	152	0.14601	0.00011367	0.0016655	60950
D-	2947	1407	1.1052e+06	0.47743	2008	865	0.43078	0.99939	1	-95005
-IE	1048	145	1.0796e+06	0.13836	901	220	0.24417	1.1867e-09	5.7512e-08	1.3352e+05
G-	2731	1193	1.0522e+06	0.43684	2099	814	0.3878	0.9997	1	-93878
EN-	706	17	1.0266e+06	0.024079	608	43	0.070724	2.689e-05	0.00047058	49256
-OS	1214	163	1.0196e+06	0.13427	1027	172	0.16748	0.014013	0.076765	38870
ST-	1815	923	9.876e+05	0.50854	1238	558	0.45073	0.99915	1	-1.1385e+05
UN-	704	1	9.754e+05	0.0014205	625	18	0.0288	1.3545e-05	0.00027526	26728
P-	2624	1354	9.518e+05	0.51601	2062	1022	0.49564	0.9169	1	-40020
-NS	1855	920	9.422e+05	0.49596	1447	753	0.52039	0.08178	0.2589	42748
SA-	1005	105	9.316e+05	0.10448	782	113	0.1445	0.0051642	0.038276	41384
O-	1595	202	9.248e+05	0.12665	1375	180	0.13091	0.36465	0.65079	4415.1
-L	3443	1917	9.072e+05	0.55678	2594	1329	0.51234	0.9997	1	-79487
-TER	1983	1376	9.006e+05	0.6939	1646	1138	0.69137	0.56519	0.84779	-7247.6
-SE	2124	1067	8.932e+05	0.50235	1671	808	0.48354	0.87506	1	-33379
-ET	1151	327	8.634e+05	0.2841	960	366	0.38125	1.1052e-06	2.7851e-05	1.1407e+05
RA-	943	168	8.51e+05	0.17815	738	200	0.271	2.4549e-06	5.7281e-05	94816
AR-	778	43	7.848e+05	0.05527	659	44	0.066768	0.18124	0.42446	9605.4
-IN	961	197	7.608e+05	0.20499	807	235	0.2912	1.3239e-05	0.00027526	81035
B-	2282	1249	7.594e+05	0.54733	1822	869	0.47695	1	1	-1.2183e+05
-H	2619	1120	7.364e+05	0.42764	2139	757	0.3539	1	1	-90509
-ON	802	41	7.2e+05	0.051122	674	73	0.10831	2.0718e-05	0.00040789	43496
F-	1858	899	7.162e+05	0.48385	1423	639	0.44905	0.97613	1	-46517
I-	1231	95	7.086e+05	0.077173	1012	97	0.09585	0.057829	0.20702	14493
TA-	912	211	7.03e+05	0.23136	771	184	0.23865	0.36255	0.65075	6477.7
-EL	759	116	6.502e+05	0.15283	620	114	0.18387	0.062017	0.2135	23583
R-	3167	2143	6.488e+05	0.67667	2306	1565	0.67866	0.43794	0.74328	4161.4
RO-	830	211	6.404e+05	0.25422	631	157	0.24881	0.59319	0.86109	-4668.2
L-	2607	1634	6.21e+05	0.62677	1711	1140	0.66628	0.004036	0.033021	67171
-LS	1338	719	6.144e+05	0.53737	1015	546	0.53793	0.4892	0.77827	694.19
U-	890	99	6.126e+05	0.11124	719	61	0.08484	0.96072	1	-17960
-AR	737	97	5.952e+05	0.13161	554	87	0.15704	0.097937	0.29381	17350
LA-	618	120	5.91e+05	0.19417	489	105	0.21472	0.19942	0.45192	14306
N-	1667	675	5.77e+05	0.40492	1107	480	0.4336	0.066696	0.22533	27980
-INE	430	50	5.588e+05	0.11628	392	97	0.24745	4.7532e-07	1.3612e-05	82585
-ETS	520	166	5.552e+05	0.31923	428	167	0.39019	0.011378	0.066373	57020
-DS	1281	649	5.55e+05	0.50664	1002	518	0.51697	0.31206	0.58165	11579
-NT	711	173	5.342e+05	0.24332	537	128	0.23836	0.58032	0.85746	-3346.7
-RE	1160	575	5.264e+05	0.49569	940	479	0.50957	0.26344	0.52521	13843
-LE	937	428	5.256e+05	0.45678	727	316	0.43466	0.81592	1	-20880
-ATE	383	48	5.126e+05	0.12533	384	111	0.28906	1.1149e-08	4.3899e-07	95196
OUT-	283	2	5.106e+05	0.0070671	227	29	0.12775	7.1851e-09	3.2333e-07	61960
-TA	674	75	5.084e+05	0.11128	543	66	0.12155	0.28893	0.55836	5856.5
SI-	703	168	5.082e+05	0.23898	504	98	0.19444	0.96717	1	-29515
AS-	454	30	5.028e+05	0.066079	370	40	0.10811	0.015686	0.082998	22393
-AN	573	10	5.01e+05	0.017452	510	63	0.12353	1.828e-12	1.4395e-10	54057
TE-	694	148	4.98e+05	0.21326	569	85	0.14938	0.9982	1	-40546
SO-	608	146	4.98e+05	0.24013	473	118	0.24947	0.36145	0.65075	5973.8
TO-	653	149	4.952e+05	0.22818	497	123	0.24748	0.22265	0.48038	11998
CO-	550	122	4.91e+05	0.22182	422	97	0.22986	0.38309	0.67795	4937.9
-OR	506	35	4.854e+05	0.06917	428	74	0.1729	4.3377e-07	1.3013e-05	54353
BE-	470	51	4.8e+05	0.10851	362	51	0.14088	0.079044	0.25407	17158
-IA	544	18	4.79e+05	0.033088	471	25	0.053079	0.057413	0.20702	9863.2
-ENS	346	39	4.75e+05	0.11272	305	86	0.28197	2.2385e-08	7.8348e-07	90583
-NED	461	160	4.402e+05	0.34707	385	178	0.46234	0.00032647	0.0043761	77251
W-	1128	498	4.322e+05	0.44149	821	346	0.42144	0.81115	1	-15468
-IC	453	3	4.262e+05	0.0066225	376	28	0.074468	1.4816e-07	4.667e-06	29119
-ONS	305	19	4.252e+05	0.062295	234	33	0.14103	0.0010756	0.011485	35822
LI-	499	72	4.162e+05	0.14429	387	48	0.12403	0.80894	1	-9752
-LES	463	199	4.116e+05	0.42981	338	158	0.46746	0.14485	0.37554	26829
H-	1915	1247	4.074e+05	0.65117	1331	830	0.62359	0.94632	1	-32720
-RED	434	168	4.06e+05	0.3871	344	165	0.47965	0.0047814	0.037189	60494
-NE	758	312	4.026e+05	0.41161	606	281	0.4637	0.026915	0.13044	34950
PA-	425	79	4.018e+05	0.18588	355	92	0.25915	0.0068861	0.047155	35185
-SER	492	209	4.006e+05	0.4248	387	173	0.44703	0.2546	0.52393	15429
NO-	413	64	3.992e+05	0.15496	316	61	0.19304	0.088255	0.2739	17369
-RES	510	236	3.992e+05	0.46275	415	225	0.54217	0.0081348	0.05452	58011
M-	1790	1145	3.916e+05	0.63966	1213	771	0.63561	0.58965	0.86109	-4609.6
LO-	493	109	3.83e+05	0.2211	393	101	0.257	0.10593	0.31186	17276
CA-	511	163	3.828e+05	0.31898	406	124	0.30542	0.67002	0.91919	-7381.3
-INS	288	41	3.766e+05	0.14236	226	65	0.28761	2.6744e-05	0.00047058	63445
-TE	1316	897	3.758e+05	0.68161	1063	716	0.67357	0.66186	0.91242	-8932.2
-TO	501	56	3.682e+05	0.11178	412	55	0.1335	0.15883	0.38819	8969.8
-LY	326	22	3.652e+05	0.067485	267	28	0.10487	0.051548	0.19563	14498
-TY	425	34	3.594e+05	0.08	337	46	0.1365	0.0057538	0.041192	21944
MA-	469	117	3.588e+05	0.24947	373	77	0.20643	0.92963	1	-20552
AN-	361	27	3.578e+05	0.074792	272	31	0.11397	0.045383	0.18446	14911
-SED	412	164	3.564e+05	0.39806	311	167	0.53698	0.00010283	0.0015425	81796
-RA	391	26	3.546e+05	0.066496	327	25	0.076453	0.3025	0.57402	3737.6
SP-	497	192	3.528e+05	0.38632	405	130	0.32099	0.97917	1	-36507
-ELS	278	46	3.52e+05	0.16547	229	56	0.24454	0.013542	0.07484	33148
-M	1123	379	3.51e+05	0.33749	906	294	0.3245	0.73159	0.96776	-6568.1
DI-	326	37	3.506e+05	0.1135	260	43	0.16538	0.034566	0.15492	19873
-HS	478	109	3.49e+05	0.22803	374	97	0.25936	0.14463	0.37554	13946
DO-	440	121	3.488e+05	0.275	343	87	0.25364	0.74898	0.97895	-9704
-TEN	278	35	3.462e+05	0.1259	215	65	0.30233	6.7943e-07	1.861e-05	69794
-LED	367	139	3.42e+05	0.37875	283	148	0.52297	0.00012066	0.0017277	78658
RES-	258	47	3.414e+05	0.18217	216	40	0.18519	0.46635	0.76181	1277
-NET	244	8	3.376e+05	0.032787	200	40	0.2	8.2344e-09	3.4584e-07	58324
-AE	343	4	3.368e+05	0.011662	278	16	0.057554	0.00063854	0.0073142	15603
LE-	452	119	3.356e+05	0.26327	317	67	0.21136	0.95103	1	-23311
MO-	398	75	3.306e+05	0.18844	312	75	0.24038	0.046208	0.18451	20652
MI-	342	64	3.298e+05	0.18713	258	55	0.21318	0.21416	0.47005	10084
AL-	325	4	3.292e+05	0.012308	270	17	0.062963	0.00042832	0.0053969	16868
TI-	443	111	3.272e+05	0.25056	375	94	0.25067	0.49866	0.78539	43.328
-HER	404	177	3.254e+05	0.43812	312	138	0.44231	0.45542	0.75704	2427.9
-TES	579	353	3.248e+05	0.60967	447	274	0.61298	0.45715	0.7579	2714.9
HO-	390	72	3.244e+05	0.18462	301	62	0.20598	0.24062	0.49865	8302.3
-SES	407	185	3.208e+05	0.45455	312	162	0.51923	0.042687	0.17929	37712
-US	361	3	3.202e+05	0.0083102	262	7	0.026718	0.03556	0.15557	5938.2
ME-	357	53	3.186e+05	0.14846	295	54	0.18305	0.11762	0.33528	12695
-EE	415	110	3.178e+05	0.26506	328	29	0.088415	1	1	-72707
-ISH	200	0	3.14e+05	0	171	3	0.017544	0.03	0.14211	5508.8
SC-	430	133	3.138e+05	0.3093	299	68	0.22742	0.99252	1	-36534
-DER	522	304	3.12e+05	0.58238	416	237	0.56971	0.65173	0.90438	-9411.8
MIS-	184	3	3.118e+05	0.016304	129	8	0.062016	0.01532	0.081937	14481
TR-	582	287	3.076e+05	0.49313	494	180	0.36437	0.99999	1	-79081
-CH	493	154	3.054e+05	0.31237	384	112	0.29167	0.74595	0.97703	-8937
ES-	238	7	3.04e+05	0.029412	206	13	0.063107	0.043893	0.18116	10513
PO-	313	55	3.026e+05	0.17572	248	52	0.20968	0.15464	0.38355	12062
-TH	351	33	2.976e+05	0.094017	256	28	0.10938	0.26714	0.52923	5012.8
-SEL	225	14	2.962e+05	0.062222	178	10	0.05618	0.60046	0.86565	-1908.2
-ARS	232	33	2.946e+05	0.14224	187	33	0.17647	0.16951	0.40594	11720
-IST	194	7	2.914e+05	0.036082	149	11	0.073826	0.060114	0.20924	11383
RI-	394	102	2.896e+05	0.25888	315	81	0.25714	0.52098	0.8022	-661.7
-ANS	202	4	2.86e+05	0.019802	176	20	0.11364	9.5012e-05	0.0015292	27400
NA-	338	39	2.856e+05	0.11538	281	32	0.11388	0.52334	0.8022	-477.88
OR-	253	11	2.84e+05	0.043478	222	14	0.063063	0.17011	0.40594	5781.4
-ALS	211	31	2.788e+05	0.14692	194	33	0.1701	0.26142	0.5245	7534.7
TH-	281	40	2.784e+05	0.14235	203	22	0.10837	0.86512	1	-10940
HA-	322	77	2.778e+05	0.23913	267	64	0.2397	0.49356	0.77931	201.53
-ISE	186	10	2.748e+05	0.053763	143	10	0.06993	0.27148	0.53448	4675.4
-EY	296	5	2.744e+05	0.016892	252	16	0.063492	0.0023122	0.021741	13057
-NES	299	113	2.728e+05	0.37793	244	116	0.47541	0.011065	0.066258	42288
-ITE	210	29	2.71e+05	0.1381	180	30	0.16667	0.21623	0.47005	8914.3
-ENT	205	18	2.702e+05	0.087805	156	26	0.16667	0.011639	0.067272	23296
PE-	325	58	2.69e+05	0.17846	239	44	0.1841	0.43175	0.73913	1821.4
-LER	383	203	2.688e+05	0.53003	282	156	0.55319	0.27681	0.54328	13126
-NER	372	190	2.66e+05	0.51075	275	141	0.51273	0.48019	0.77769	1064.7
-TIE	214	31	2.634e+05	0.14486	181	43	0.23757	0.0093144	0.059273	28517
-RY	267	12	2.602e+05	0.044944	227	31	0.13656	0.00015912	0.0022277	24774
-NA	308	1	2.574e+05	0.0032468	245	15	0.061224	2.6669e-05	0.00047058	14970
-AT	358	77	2.56e+05	0.21508	263	53	0.20152	0.65928	0.91084	-4315.7
-IED	172	2	2.548e+05	0.011628	157	24	0.15287	1.0527e-06	2.7633e-05	36496
CAR-	191	29	2.544e+05	0.15183	134	26	0.19403	0.15897	0.38819	12668
-P	995	422	2.524e+05	0.42412	788	268	0.3401	0.99985	1	-36868
NE-	242	41	2.468e+05	0.16942	183	25	0.13661	0.82244	1	-9285.1
-LET	189	28	2.454e+05	0.14815	154	40	0.25974	0.0049629	0.037825	31804
-ORS	169	11	2.44e+05	0.065089	139	23	0.16547	0.0025758	0.023504	26199
PI-	231	18	2.4e+05	0.077922	206	21	0.10194	0.18965	0.43865	6240.3
-MEN	146	0	2.364e+05	0	118	1	0.0084746	0.13254	0.36032	2003.4
RET-	175	32	2.354e+05	0.18286	138	37	0.26812	0.035416	0.15557	24503
-RO	304	36	2.35e+05	0.11842	247	31	0.12551	0.40011	0.70214	1928.5
-G	1830	1285	2.31e+05	0.70219	1394	931	0.66786	0.98136	1	-30761
SH-	415	196	2.284e+05	0.47229	307	92	0.29967	1	1	-73879
-MAN	136	0	2.248e+05	0	101	0	0		1	0
BA-	247	35	2.238e+05	0.1417	206	53	0.25728	0.00098006	0.010645	29820
EA-	312	116	2.21e+05	0.37179	233	84	0.36052	0.60653	0.87042	-3957
AC-	233	26	2.198e+05	0.11159	188	14	0.074468	0.90169	1	-9057.3
Y-	448	94	2.188e+05	0.20982	268	38	0.14179	0.98845	1	-18259
REA-	159	26	2.178e+05	0.16352	123	28	0.22764	0.087377	0.27304	16607
DIS-	121	0	2.158e+05	0	94	3	0.031915	0.023909	0.12147	6887.2
TRI-	150	13	2.15e+05	0.086667	137	11	0.080292	0.57725	0.85746	-1499.3
-GE	515	259	2.14e+05	0.50291	405	186	0.45926	0.90579	1	-18675
-K	987	496	2.14e+05	0.50253	812	403	0.49631	0.60368	0.86831	-2672.8
-EES	190	56	2.1e+05	0.29474	161	17	0.10559	0.99999	1	-54550
-IAL	161	17	2.084e+05	0.10559	141	10	0.070922	0.85393	1	-8049.9
-TI	258	18	2.06e+05	0.069767	217	33	0.15207	0.0019486	0.0186	18272
TAR-	141	12	2.058e+05	0.085106	122	22	0.18033	0.010857	0.066258	21501
-TAL	158	14	2.048e+05	0.088608	140	21	0.15	0.050205	0.19286	13776
-MS	403	164	2.044e+05	0.40695	320	130	0.40625	0.50757	0.79347	-236.31
-IT	321	103	2.03e+05	0.32087	250	79	0.316	0.54932	0.82793	-1393.5
K-	355	29	2.024e+05	0.08169	259	32	0.12355	0.043399	0.18107	9142.7
-INA	146	10	2.008e+05	0.068493	132	21	0.15909	0.0082767	0.054887	19460
-SI	237	7	2.002e+05	0.029536	194	4	0.020619	0.7204	0.95547	-1835.2
AT-	190	32	2e+05	0.16842	156	32	0.20513	0.19078	0.43865	8640.9
-SA	250	3	1.996e+05	0.012	204	12	0.058824	0.0027473	0.024039	9458.4
-NTS	192	69	1.974e+05	0.35938	142	43	0.30282	0.86046	1	-16628
-U	448	11	1.962e+05	0.024554	368	20	0.054348	0.013371	0.074547	5988.6
-HES	294	160	1.952e+05	0.54422	237	118	0.49789	0.85601	1	-19643
SEA-	158	48	1.948e+05	0.3038	124	34	0.27419	0.70656	0.94308	-8147
-AGE	117	0	1.93e+05	0	108	1	0.0092593	0.14844	0.37861	1787
ON-	164	1	1.914e+05	0.0060976	94	1	0.010638	0.3445	0.63092	872.73
GA-	218	51	1.914e+05	0.23394	172	44	0.25581	0.3087	0.5788	5156.7
-GS	577	354	1.912e+05	0.61352	431	265	0.61485	0.48287	0.77775	659.11
HE-	302	113	1.91e+05	0.37417	221	66	0.29864	0.96394	1	-22311
-CE	290	83	1.906e+05	0.28621	243	57	0.23457	0.91137	1	-13271
SER-	139	12	1.902e+05	0.086331	108	9	0.083333	0.53339	0.81168	-634.89
-ID	228	20	1.89e+05	0.087719	200	29	0.145	0.031661	0.14775	11743
SL-	280	101	1.886e+05	0.36071	184	80	0.43478	0.054788	0.20268	22280
STE-	223	97	1.868e+05	0.43498	122	32	0.2623	0.99924	1	-56813
-GA	236	15	1.868e+05	0.063559	205	17	0.082927	0.21712	0.47005	3966.5
-DE	355	137	1.858e+05	0.38592	285	96	0.33684	0.90014	1	-14850
-TOS	150	19	1.85e+05	0.12667	136	18	0.13235	0.44311	0.74744	1203.2
AG-	174	2	1.838e+05	0.011494	128	12	0.09375	0.00039026	0.0050176	15250
-PS	394	177	1.83e+05	0.44924	294	119	0.40476	0.87812	1	-14891
-HED	194	70	1.816e+05	0.36082	144	83	0.57639	4.1222e-05	0.00068342	61393
-SET	131	14	1.798e+05	0.10687	105	23	0.21905	0.0092514	0.059273	22368
-NIE	147	23	1.796e+05	0.15646	127	36	0.28346	0.0053806	0.038963	26950
DES-	103	0	1.794e+05	0	82	6	0.073171	0.002628	0.023504	13127
PRE-	99	0	1.794e+05	0	78	8	0.10256	0.00055499	0.0067239	18400
RAT-	127	17	1.792e+05	0.13386	82	14	0.17073	0.23198	0.48717	7559.1
DR-	243	62	1.786e+05	0.25514	153	25	0.1634	0.98411	1	-22111
UP-	127	1	1.786e+05	0.007874	121	0	0	0.83598	1	-1412.6
BO-	204	46	1.778e+05	0.22549	178	46	0.25843	0.22632	0.4817	7371.2
CE-	161	14	1.772e+05	0.086957	145	15	0.10345	0.31143	0.58165	3107
SU-	193	24	1.736e+05	0.12435	160	18	0.1125	0.63397	0.89152	-2313.6
AI-	174	18	1.736e+05	0.10345	120	20	0.16667	0.056135	0.20473	11923
PRO-	104	5	1.734e+05	0.048077	97	3	0.030928	0.73285	0.96776	-3100.6
TEN-	125	12	1.726e+05	0.096	109	13	0.11927	0.28274	0.55164	4425.2
-ION	124	17	1.706e+05	0.1371	131	27	0.20611	0.072465	0.23891	13498
EST-	108	0	1.704e+05	0	89	6	0.067416	0.0030685	0.026124	11488
-RT	300	104	1.676e+05	0.34667	210	78	0.37143	0.28283	0.55164	6294.5
EL-	186	18	1.672e+05	0.096774	120	12	0.1	0.46309	0.76181	597.42
-SIE	118	1	1.666e+05	0.0084746	100	5	0.05	0.030922	0.14538	6976.3
ET-	177	6	1.656e+05	0.033898	143	11	0.076923	0.043995	0.18116	7357.2
AD-	136	0	1.654e+05	0	106	1	0.009434	0.12818	0.35509	1560.4
ER-	149	3	1.654e+05	0.020134	149	4	0.026846	0.35105	0.64105	1130.2
-GO	202	7	1.648e+05	0.034653	170	21	0.12353	0.00060468	0.0071323	15144
-TON	119	2	1.642e+05	0.016807	103	12	0.1165	0.0011533	0.01211	16650
TER-	107	4	1.638e+05	0.037383	87	1	0.011494	0.87113	1	-4385.6
IM-	115	0	1.638e+05	0	90	4	0.044444	0.01121	0.066258	7280
-GED	173	58	1.626e+05	0.33526	140	84	0.6	1.4502e-06	3.5141e-05	64967
-IAS	112	3	1.618e+05	0.026786	88	6	0.068182	0.080487	0.2574	6871.8
LU-	169	20	1.602e+05	0.11834	121	16	0.13223	0.36179	0.65075	2472.1
RED-	98	6	1.592e+05	0.061224	74	6	0.081081	0.30639	0.57709	3335.9
STA-	159	56	1.586e+05	0.3522	133	48	0.3609	0.43856	0.74328	2110.9
-EEN	110	0	1.584e+05	0	85	5	0.058824	0.0049833	0.037825	9317.6
-RAS	114	6	1.584e+05	0.052632	88	4	0.045455	0.59218	0.86109	-1197.1
-ERY	102	2	1.564e+05	0.019608	80	3	0.0375	0.2318	0.48717	2855.6
GE-	190	41	1.554e+05	0.21579	154	35	0.22727	0.39926	0.70214	2269.1
AST-	100	2	1.536e+05	0.02	60	6	0.1	0.012294	0.070413	12512
-TAS	125	17	1.536e+05	0.136	108	18	0.16667	0.25677	0.52393	5440.3
-ROS	116	12	1.528e+05	0.10345	98	9	0.091837	0.61198	0.87425	-2001.8
-F	424	73	1.524e+05	0.17217	319	40	0.12539	0.96059	1	-8513.6
-GES	218	112	1.524e+05	0.51376	168	78	0.46429	0.83247	1	-15337
-DIE	122	15	1.514e+05	0.12295	103	22	0.21359	0.033819	0.15328	15627
-THS	112	11	1.514e+05	0.098214	83	14	0.16867	0.07281	0.23891	11809
-HE	311	141	1.498e+05	0.45338	253	103	0.40711	0.86496	1	-12481
NI-	181	36	1.492e+05	0.1989	161	30	0.18634	0.61554	0.87735	-2243.1
AIR-	88	1	1.49e+05	0.011364	80	5	0.0625	0.037231	0.16065	7690.9
SEN-	100	4	1.48e+05	0.04	91	9	0.098901	0.053233	0.19844	9070.8
RU-	152	14	1.468e+05	0.092105	135	12	0.088889	0.53774	0.81633	-508.19
-ERA	98	0	1.444e+05	0	91	12	0.13187	0.00010171	0.0015425	19042
-GER	274	172	1.444e+05	0.62774	232	149	0.64224	0.36785	0.65319	5662.4
-TEL	113	10	1.442e+05	0.088496	85	14	0.16471	0.051937	0.19593	12056
-DED	126	25	1.442e+05	0.19841	98	36	0.36735	0.0024191	0.022412	30476
MAR-	100	11	1.414e+05	0.11	75	8	0.10667	0.52796	0.80536	-530.67
NIT-	103	19	1.412e+05	0.18447	81	18	0.22222	0.26294	0.52521	6350.6
SEI-	96	1	1.402e+05	0.010417	88	3	0.034091	0.13566	0.36257	3352.3
-TLE	153	55	1.4e+05	0.35948	104	34	0.32692	0.70484	0.94308	-7103.3
SOR-	107	20	1.394e+05	0.18692	115	22	0.1913	0.46676	0.76181	750.43
ENT-	86	5	1.378e+05	0.05814	79	5	0.063291	0.44491	0.74744	754.19
-OT	175	30	1.364e+05	0.17143	165	37	0.22424	0.11056	0.32097	8503
-ERN	85	4	1.362e+05	0.047059	62	20	0.32258	4.0342e-06	9.077e-05	39289
-DES	148	53	1.358e+05	0.35811	117	36	0.30769	0.8059	1	-10607
-AD	146	3	1.35e+05	0.020548	122	8	0.065574	0.032141	0.1478	6186.5
COR-	86	7	1.338e+05	0.081395	51	7	0.13725	0.14837	0.37861	8133.2
-DEN	101	7	1.324e+05	0.069307	91	18	0.1978	0.004124	0.033309	18272
FO-	122	29	1.324e+05	0.2377	88	20	0.22727	0.56999	0.85296	-1706.7
-GAS	93	2	1.322e+05	0.021505	79	8	0.10127	0.012952	0.072852	10768
ANI-	77	2	1.318e+05	0.025974	74	2	0.027027	0.48393	0.77775	141.73
LIN-	100	12	1.316e+05	0.12	59	4	0.067797	0.85476	1	-7809.6
AB-	127	13	1.31e+05	0.10236	105	17	0.1619	0.089258	0.27565	8597.9
EM-	98	0	1.306e+05	0	89	6	0.067416	0.0044926	0.035665	8804.5
AM-	135	15	1.288e+05	0.11111	106	15	0.14151	0.239	0.49692	4426
-CES	116	27	1.286e+05	0.23276	98	23	0.23469	0.4867	0.77823	322.03
-RAL	79	1	1.276e+05	0.012658	73	2	0.027397	0.25698	0.52393	1901.3
SAL-	95	17	1.268e+05	0.17895	84	14	0.16667	0.58578	0.8604	-1898.6
-RN	145	24	1.262e+05	0.16552	139	46	0.33094	0.00061134	0.0071323	24151
STO-	144	60	1.26e+05	0.41667	91	24	0.26374	0.99141	1	-32544
-EAL	100	12	1.256e+05	0.12	95	13	0.13684	0.36256	0.65075	2398.3
FE-	168	49	1.252e+05	0.29167	116	14	0.12069	0.99967	1	-29032
FI-	155	33	1.25e+05	0.2129	106	27	0.25472	0.21521	0.47005	6330.6
HI-	158	39	1.246e+05	0.24684	119	21	0.17647	0.92033	1	-11202
-OES	90	11	1.23e+05	0.12222	76	8	0.10526	0.6338	0.89152	-2360.7
CH-	274	162	1.228e+05	0.59124	172	62	0.36047	1	1	-67110
-EIN	87	0	1.226e+05	0	61	2	0.032787	0.044523	0.18214	4019.7
GR-	234	121	1.22e+05	0.51709	156	34	0.21795	1	1	-73829
TOR-	93	12	1.21e+05	0.12903	70	12	0.17143	0.22478	0.48168	5842.2
-OL	138	11	1.21e+05	0.07971	128	10	0.078125	0.5191	0.8022	-205.75
-ITS	112	30	1.208e+05	0.26786	73	25	0.34247	0.13893	0.36621	12176
PAR-	92	14	1.2e+05	0.15217	80	13	0.1625	0.42635	0.7354	1487
CR-	176	65	1.19e+05	0.36932	132	45	0.34091	0.6967	0.94042	-5397.7
-RON	84	0	1.188e+05	0	84	2	0.02381	0.07741	0.25138	2828.6
MU-	121	13	1.182e+05	0.10744	104	16	0.15385	0.15015	0.3799	6116.6
SN-	250	126	1.182e+05	0.504	148	60	0.40541	0.97163	1	-24432
-SO	151	6	1.18e+05	0.039735	126	4	0.031746	0.63868	0.8958	-981.06
-URE	77	0	1.178e+05	0	69	5	0.072464	0.008116	0.05452	8536.2
-C	241	17	1.15e+05	0.070539	237	46	0.19409	3.2675e-05	0.00055635	15321
-NY	139	2	1.15e+05	0.014388	114	9	0.078947	0.0061162	0.043294	7566.3
-SY	126	2	1.146e+05	0.015873	98	3	0.030612	0.22941	0.485	1712.7
-AIL	137	57	1.144e+05	0.41606	105	39	0.37143	0.75908	0.98806	-8667.1
-LA	156	18	1.14e+05	0.11538	106	10	0.09434	0.7058	0.94308	-2702.2
SAR-	75	1	1.136e+05	0.013333	52	2	0.038462	0.1796	0.42219	2899.8
-TAN	80	0	1.136e+05	0	68	3	0.044118	0.028848	0.13768	5011.8
LAT-	91	22	1.122e+05	0.24176	65	11	0.16923	0.86292	1	-10429
-DY	147	9	1.122e+05	0.061224	103	15	0.14563	0.012881	0.072852	10078
-ATS	98	20	1.12e+05	0.20408	68	13	0.19118	0.58117	0.85746	-1811.9
CRE-	80	4	1.12e+05	0.05	58	3	0.051724	0.48183	0.77775	205.52
LIS-	76	2	1.12e+05	0.026316	53	10	0.18868	0.00089351	0.010052	18639
-DO	122	0	1.106e+05	0	98	3	0.030612	0.025836	0.12902	3385.7
MAN-	71	5	1.104e+05	0.070423	44	3	0.068182	0.51831	0.8022	-263.06
-ILE	87	15	1.1e+05	0.17241	81	28	0.34568	0.0050636	0.037977	22698
EAR-	65	5	1.096e+05	0.076923	49	6	0.12245	0.20754	0.46365	5308.3
CI-	133	40	1.088e+05	0.30075	99	33	0.33333	0.29855	0.56824	4646.1
DA-	172	66	1.088e+05	0.38372	140	54	0.38571	0.48564	0.77823	350.83
TES-	82	12	1.084e+05	0.14634	70	4	0.057143	0.96296	1	-11560
-EA	138	11	1.062e+05	0.07971	124	9	0.072581	0.58589	0.8604	-824.17
AU-	99	1	1.052e+05	0.010101	67	0	0	0.79536	1	-1070.7
-KS	304	181	1.05e+05	0.59539	250	119	0.476	0.9975	1	-30684
CU-	131	35	1.05e+05	0.26718	115	33	0.28696	0.36462	0.65079	2733.7
OU-	82	2	1.048e+05	0.02439	61	9	0.14754	0.0031348	0.026332	13300
-RER	95	24	1.042e+05	0.25263	75	42	0.56	2.2222e-05	0.00042423	42970
-PER	212	140	1.036e+05	0.66038	176	115	0.65341	0.55724	0.83785	-2146.2
-OSE	65	0	1.026e+05	0	54	6	0.11111	0.0029092	0.025107	11400
CL-	157	67	1.022e+05	0.42675	114	46	0.40351	0.64918	0.90319	-4309.2
-EM	108	1	1.018e+05	0.0092593	100	3	0.03	0.13825	0.36594	2128
-ANT	80	15	1.014e+05	0.1875	69	9	0.13043	0.82764	1	-6984.8
CON-	66	8	1.008e+05	0.12121	57	1	0.017544	0.98615	1	-11611
-AI	119	0	1.006e+05	0	94	7	0.074468	0.0012349	0.012754	7491.5
IO-	87	0	99800	0	83	0	0		1	0
INS-	63	0	99400	0	51	0	0		1	0
TIN-	78	11	99400	0.14103	51	6	0.11765	0.64944	0.90319	-2693.2
-AH	112	0	99400	0	80	2	0.025	0.046274	0.18451	2485
-TIN	78	8	99200	0.10256	62	10	0.16129	0.15123	0.38111	6506.9
-ICS	70	2	99200	0.028571	52	5	0.096154	0.056219	0.20473	6893.4
-GLE	111	42	98600	0.37838	75	37	0.49333	0.059871	0.20924	18232
REC-	71	13	98400	0.1831	72	6	0.083333	0.96057	1	-11832
-SH	141	22	98200	0.15603	121	14	0.1157	0.82773	1	-4669.7
-PED	121	52	98200	0.42975	101	41	0.40594	0.63986	0.8958	-4186.1
-LIN	73	7	98000	0.09589	54	6	0.11111	0.38983	0.68794	1640.8
-EAR	71	2	97800	0.028169	68	3	0.044118	0.30687	0.57709	1604.4
-EAT	80	11	97800	0.1375	59	7	0.11864	0.62827	0.88746	-2134.5
SIT-	69	3	97600	0.043478	50	6	0.12	0.059581	0.20924	7851.1
UR-	105	11	96800	0.10476	80	3	0.0375	0.95671	1	-7371.9
-TIS	73	6	96200	0.082192	60	5	0.083333	0.49051	0.77832	119.41
REP-	62	6	95600	0.096774	49	8	0.16327	0.14737	0.37861	7101.3
-IL	111	23	95600	0.20721	104	24	0.23077	0.33807	0.62186	2686.1
PER-	58	1	95400	0.017241	47	0	0	0.81714	1	-1669
ARE-	65	5	95200	0.076923	45	1	0.022222	0.8929	1	-5590.4
AP-	88	1	95200	0.011364	82	2	0.02439	0.2596	0.5245	1258.4
-NAS	65	0	95000	0	53	3	0.056604	0.026008	0.12902	5377.4
-RD	146	29	94600	0.19863	102	25	0.2451	0.19147	0.43865	5473.9
OA-	109	7	94000	0.06422	75	9	0.12	0.093498	0.28319	5589.1
INT-	58	2	93600	0.034483	34	3	0.088235	0.13616	0.36257	5181.7
FOR-	64	7	93000	0.10938	61	8	0.13115	0.35404	0.64464	2246.9
CHO-	70	11	93000	0.15714	44	5	0.11364	0.74249	0.97452	-4750.9
UNS-	58	0	92800	0	37	0	0		1	0
COM-	60	4	92400	0.066667	53	5	0.09434	0.29384	0.56292	2734.1
CAN-	62	3	92200	0.048387	59	8	0.13559	0.047668	0.18769	8441.6
-NO	97	1	92200	0.010309	86	10	0.11628	0.0013058	0.013268	9855.2
TU-	99	5	92000	0.050505	74	5	0.067568	0.31712	0.58933	1648.2
IS-	90	0	91600	0	73	1	0.013699	0.13269	0.36032	1254.8
PAS-	68	10	91600	0.14706	41	6	0.14634	0.50409	0.78999	-77.188
AE-	60	0	90400	0	49	6	0.12245	0.0026488	0.023504	11069
-MED	101	37	90000	0.36634	81	39	0.48148	0.058745	0.20909	16374
OC-	94	6	89400	0.06383	69	3	0.043478	0.71297	0.94962	-1917.1
-EYS	59	0	89400	0	53	3	0.056604	0.031981	0.1478	5060.4
RAI-	73	15	89200	0.20548	56	12	0.21429	0.45151	0.75251	991.59
OS-	63	0	88400	0	62	0	0		1	0
-TAR	67	7	88000	0.10448	50	2	0.04	0.9023	1	-6305.9
-EO	112	2	88000	0.017857	89	3	0.033708	0.23678	0.49394	1420.2
CHA-	81	24	87800	0.2963	67	20	0.29851	0.48831	0.77827	273.74
-ANE	60	0	87600	0	48	5	0.10417	0.0052342	0.038344	9125
HAR-	61	6	87400	0.098361	51	3	0.058824	0.77832	1	-3803.5
STR-	81	27	87200	0.33333	67	16	0.23881	0.89631	1	-12043
LEA-	82	30	87200	0.36585	64	33	0.51562	0.034918	0.15492	20069
NES-	62	4	86800	0.064516	48	5	0.10417	0.22589	0.4817	3679.6
PR-	104	36	86400	0.34615	95	11	0.11579	0.99993	1	-28703
-OTS	73	16	86200	0.21918	69	22	0.31884	0.089998	0.27658	10863
-AHS	58	0	85600	0	41	0	0		1	0
-IDE	63	13	85600	0.20635	45	5	0.11111	0.90478	1	-9885.7
WI-	105	23	85600	0.21905	77	18	0.23377	0.40717	0.7118	1548.4
REN-	69	16	85400	0.23188	62	21	0.33871	0.087546	0.27304	11687
DU-	90	14	84600	0.15556	65	8	0.12308	0.71625	0.95198	-3130.9
ROT-	79	22	84600	0.27848	47	14	0.29787	0.40788	0.7118	2268.8
END-	53	1	84000	0.018868	42	3	0.071429	0.1026	0.3049	4488.7
-RTS	97	38	83800	0.39175	62	34	0.54839	0.026479	0.12932	21584
-IO	103	8	83600	0.07767	78	12	0.15385	0.052744	0.19779	6855.9
V-	222	84	83400	0.37838	171	57	0.33333	0.822	1	-6126.1
-TIC	55	0	83400	0	40	1	0.025	0.11923	0.33685	2085
MOR-	56	5	82600	0.089286	35	3	0.085714	0.52334	0.8022	-321.43
-SON	60	2	82000	0.033333	54	0	0	0.91206	1	-2826.7
-LIE	65	10	81800	0.15385	49	12	0.2449	0.11132	0.32171	8722.8
-RI	89	2	81600	0.022472	68	7	0.10294	0.015809	0.082998	6695
CEN-	49	1	80800	0.020408	38	4	0.10526	0.045832	0.18451	7009
-ADE	52	0	80400	0	44	7	0.15909	0.0014077	0.014077	12791
-IOS	60	3	80200	0.05	43	5	0.11628	0.10761	0.31531	5594
-HI	92	4	80000	0.043478	66	10	0.15152	0.0092168	0.059273	8988.7
TEA-	82	34	80000	0.41463	73	37	0.50685	0.12503	0.35166	12136
-OUS	50	0	79600	0	47	0	0		1	0
-TOR	64	10	79600	0.15625	64	17	0.26562	0.064689	0.22029	10238
-ND	161	71	79000	0.44099	137	46	0.33577	0.96812	1	-14395
DEN-	56	3	79000	0.053571	51	8	0.15686	0.039448	0.16792	8593.8
-DI	104	6	79000	0.057692	88	13	0.14773	0.018685	0.097283	7544.9
SW-	125	45	78800	0.36	96	30	0.3125	0.77011	0.99624	-5709.5
BR-	162	90	78800	0.55556	109	36	0.33028	0.99987	1	-40956
PU-	92	18	78200	0.19565	77	14	0.18182	0.59041	0.86109	-1353
EO-	72	0	77800	0	65	2	0.030769	0.066885	0.22533	2393.8
ORA-	54	5	77800	0.092593	37	8	0.21622	0.048922	0.18909	10483
-ORE	51	2	77400	0.039216	39	5	0.12821	0.059141	0.20924	7208.1
GL-	86	13	77400	0.15116	74	14	0.18919	0.26098	0.5245	3498.4
FA-	97	27	77000	0.27835	102	32	0.31373	0.29248	0.56292	3714.4
-GI	115	19	76800	0.16522	79	12	0.1519	0.59822	0.8644	-1225.3
-ELY	52	0	76800	0	43	1	0.023256	0.13447	0.36203	1786
-EAS	61	7	76400	0.11475	49	7	0.14286	0.33013	0.61171	2445
OL-	81	4	76400	0.049383	70	3	0.042857	0.57542	0.857	-523.35
GAR-	53	5	76000	0.09434	39	7	0.17949	0.11538	0.33041	7101.3
-IDS	54	3	75000	0.055556	48	7	0.14583	0.062959	0.21557	7150
TAS-	71	23	74800	0.32394	46	12	0.26087	0.76663	0.99583	-6875.1
POS-	54	7	74600	0.12963	36	3	0.083333	0.75322	0.98246	-3944.4
REG-	50	4	74400	0.08	43	3	0.069767	0.57397	0.85687	-818.6
VI-	76	5	74400	0.065789	58	6	0.10345	0.21569	0.47005	2952.5
-RIE	50	1	74200	0.02	42	1	0.02381	0.45034	0.75251	288
HAS-	59	13	74000	0.22034	38	13	0.34211	0.093143	0.28319	11519
MET-	52	3	73800	0.057692	35	1	0.028571	0.7376	0.97012	-2271.4
-FS	112	26	73600	0.23214	78	11	0.14103	0.94065	1	-8601.5
-GOS	54	2	73600	0.037037	50	9	0.18	0.0089288	0.058595	10922
DER-	52	2	73600	0.038462	38	4	0.10526	0.10477	0.30988	5103.6
-OLE	54	4	73200	0.074074	56	4	0.071429	0.5213	0.8022	-208.47
-ERO	62	14	73200	0.22581	66	11	0.16667	0.80051	1	-5488.2
RAN-	55	9	73200	0.16364	50	4	0.08	0.90312	1	-7209.5
-STS	122	73	73000	0.59836	90	36	0.4	0.99786	1	-35070
-OON	52	2	72800	0.038462	38	3	0.078947	0.20379	0.45798	3060.7
-YS	73	16	72600	0.21918	76	12	0.15789	0.83078	1	-5233.6
-IRE	55	6	72200	0.10909	50	9	0.18	0.14986	0.3799	5828.7
TRO-	57	10	72200	0.17544	36	2	0.055556	0.9535	1	-10478
SAI-	63	17	72000	0.26984	36	8	0.22222	0.70007	0.94042	-4619
DOR-	49	1	71600	0.020408	32	4	0.125	0.027929	0.13431	7635.2
-RET	68	19	71400	0.27941	58	14	0.24138	0.68579	0.93591	-3727.2
GRA-	56	11	71400	0.19643	48	4	0.083333	0.94914	1	-9907.1
-AY	88	5	70400	0.056818	70	10	0.14286	0.033421	0.15257	6401.3
ISO-	40	0	70400	0	37	0	0		1	0
-SOR	52	2	70400	0.038462	35	4	0.11429	0.085558	0.26951	5550.3
SIL-	48	4	70000	0.083333	33	9	0.27273	0.011253	0.066258	14394
FR-	76	8	69800	0.10526	45	7	0.15556	0.20858	0.46433	3832.3
-AIN	84	36	69600	0.42857	75	48	0.64	0.0038378	0.031814	25456
HOS-	46	2	69200	0.043478	43	10	0.23256	0.0045289	0.035665	13614
-UE	69	0	69000	0	60	1	0.016667	0.14084	0.3697	1150
BI-	75	13	68600	0.17333	69	16	0.23188	0.19073	0.43865	4754.3
-DLE	61	13	68400	0.21311	66	19	0.28788	0.16612	0.40098	6534.4
STI-	79	32	68200	0.40506	67	25	0.37313	0.65324	0.90448	-3646.3
BL-	105	42	67800	0.4	73	32	0.43836	0.30478	0.57661	4495.3
-ILY	41	0	67800	0	33	2	0.060606	0.055012	0.20268	4109.1
ROA-	52	11	67400	0.21154	37	10	0.27027	0.26007	0.5245	4980.5
EC-	60	4	67400	0.066667	45	2	0.044444	0.68633	0.93591	-1568.9
-MA	78	2	67400	0.025641	57	6	0.10526	0.026479	0.12932	5493.9
NON-	42	0	67200	0	31	0	0		1	0
DEA-	58	18	66400	0.31034	56	21	0.375	0.23348	0.48867	6077.6
-RAN	44	0	66400	0	38	5	0.13158	0.0065136	0.045595	8736.8
AMO-	40	0	66000	0	34	0	0		1	0
POT-	49	9	66000	0.18367	35	4	0.11429	0.80699	1	-5537.1
-ARD	47	2	65800	0.042553	33	2	0.060606	0.35766	0.64935	1238.4
-ME	132	66	65200	0.5	99	35	0.35354	0.98682	1	-17634
DON-	44	2	65200	0.045455	32	7	0.21875	0.010485	0.066053	11853
DET-	55	16	65000	0.29091	60	13	0.21667	0.82012	1	-6904.5
FL-	91	35	65000	0.38462	67	14	0.20896	0.99084	1	-18585
SAN-	48	3	65000	0.0625	54	5	0.092593	0.28629	0.55497	2082.4
PL-	136	75	65000	0.55147	100	32	0.32	0.99979	1	-34535
-W	196	51	64800	0.2602	127	40	0.31496	0.14263	0.37286	4709.1
HER-	45	3	64800	0.066667	39	3	0.076923	0.42778	0.7354	711.79
-ONE	45	2	64600	0.044444	51	9	0.17647	0.021349	0.10935	8898.6
THE-	55	11	64400	0.2	44	6	0.13636	0.79793	1	-5078.2
-IAE	45	0	64200	0	46	0	0		1	0
-B	194	45	64000	0.23196	174	25	0.14368	0.98439	1	-7274.3
-LAS	53	8	63800	0.15094	31	4	0.12903	0.60908	0.87209	-1643.3
SEC-	43	0	63800	0	43	5	0.11628	0.01061	0.066181	7418.6
TAN-	43	4	63400	0.093023	38	8	0.21053	0.068692	0.23019	8107.7
-SEY	46	1	63000	0.021739	38	2	0.052632	0.22381	0.48123	1989.5
URA-	40	2	62800	0.05	34	2	0.058824	0.43357	0.74025	578.82
-OID	40	0	62800	0	36	0	0		1	0
-ISM	38	0	62800	0	34	0	0		1	0
WA-	93	31	62600	0.33333	83	28	0.33735	0.47754	0.77738	382.33
-AIS	43	0	62200	0	33	0	0		1	0
KO-	62	1	62200	0.016129	42	0	0	0.79589	1	-1016.1
-CS	70	6	62000	0.085714	67	14	0.20896	0.020567	0.10621	8380.4
-AC	73	0	62000	0	52	6	0.11538	0.0014672	0.014443	7153.8
MER-	43	2	61800	0.046512	40	1	0.025	0.70009	0.94042	-1389.7
TY-	66	9	61800	0.13636	56	2	0.035714	0.97346	1	-6944.8
NOT-	41	4	61800	0.097561	34	6	0.17647	0.15847	0.38819	5318.5
-EOS	45	1	61600	0.022222	35	1	0.028571	0.4284	0.7354	400
-KER	98	55	61400	0.56122	81	52	0.64198	0.1364	0.36257	11176
-SEN	44	1	61400	0.022727	45	5	0.11111	0.048197	0.18822	5550.5
-INO	43	0	60600	0	42	2	0.047619	0.073796	0.24089	2885.7
-MER	88	45	60600	0.51136	67	38	0.56716	0.24508	0.50624	6963.9
SOU-	42	3	60600	0.071429	40	9	0.225	0.02461	0.12404	10013
-NI	72	4	60400	0.055556	68	5	0.073529	0.33237	0.61405	1143.1
TAL-	44	4	60400	0.090909	33	8	0.24242	0.034839	0.15492	10182
-ADS	43	2	60200	0.046512	40	1	0.025	0.70009	0.94042	-1355.2
BAR-	41	3	60000	0.073171	49	8	0.16327	0.096874	0.29201	5856.1
-NG	184	127	59800	0.69022	168	117	0.69643	0.44978	0.75251	1443.5
SHA-	61	21	59600	0.34426	42	12	0.28571	0.73427	0.96776	-5327.9
KA-	59	0	59600	0	43	2	0.046512	0.04716	0.18686	2772.1
-LOT	41	1	59600	0.02439	37	3	0.081081	0.12851	0.35509	3458.1
-KED	93	51	59200	0.54839	69	44	0.63768	0.1269	0.35375	11948
LY-	58	1	59000	0.017241	54	1	0.018519	0.47966	0.77769	76.373
-HO	71	0	58400	0	42	3	0.071429	0.01123	0.066258	4171.4
-ESS	37	2	57800	0.054054	39	4	0.10256	0.21656	0.47005	2939.7
-RIA	40	0	57600	0	31	0	0		1	0
CHI-	39	2	57400	0.051282	34	2	0.058824	0.44384	0.74744	454
-CED	55	17	57200	0.30909	43	15	0.34884	0.33857	0.62186	3219.5
OP-	50	0	57200	0	35	0	0		1	0
SUN-	34	0	56800	0	33	2	0.060606	0.072503	0.23891	3442.4
BEA-	50	17	56600	0.34	40	17	0.425	0.20427	0.45798	7276
-ETA	40	0	56400	0	39	1	0.025641	0.15405	0.38355	1446.2
-IR	68	12	56200	0.17647	68	11	0.16176	0.59047	0.86109	-967.65
-RDS	52	12	56000	0.23077	35	12	0.34286	0.12568	0.35191	8160
ID-	61	0	56000	0	42	1	0.02381	0.11294	0.3249	1333.3
-MES	61	26	55400	0.42623	47	13	0.2766	0.94576	1	-13916
-OED	36	1	55400	0.027778	35	2	0.057143	0.2693	0.53184	1679.7
BES-	35	1	55200	0.028571	34	1	0.029412	0.4917	0.77832	47.899
CIT-	34	3	54600	0.088235	33	2	0.060606	0.66649	0.91679	-1624.6
TON-	34	0	54400	0	36	2	0.055556	0.081593	0.2589	3022.2
GU-	51	1	54400	0.019608	37	0	0	0.80418	1	-1082.4
ARI-	41	5	54000	0.12195	34	4	0.11765	0.52277	0.8022	-264.28
-ULA	36	0	53200	0	35	0	0		1	0
HU-	52	0	53200	0	40	2	0.05	0.051522	0.19563	2660
-DOS	36	0	53200	0	30	2	0.066667	0.057835	0.20702	3546.7
WH-	69	14	53000	0.2029	33	10	0.30303	0.13236	0.36032	6668.8
RAS-	42	8	52800	0.19048	32	9	0.28125	0.17888	0.42208	5882.1
SM-	85	34	52600	0.4	74	18	0.24324	0.98221	1	-13795
-ORT	53	16	52600	0.30189	36	7	0.19444	0.8721	1	-8058.2
-UES	35	0	52600	0	34	1	0.029412	0.15338	0.38346	1547.1
BU-	56	5	52400	0.089286	55	4	0.072727	0.62534	0.88532	-950.45
-OD	59	0	52000	0	60	3	0.05	0.040962	0.1732	2600
MAI-	45	10	51800	0.22222	33	8	0.24242	0.41714	0.72396	1353.5
MAT-	51	16	51800	0.31373	34	5	0.14706	0.95954	1	-12567
-OLS	39	4	51800	0.10256	42	4	0.095238	0.54396	0.82379	-420.51
GI-	66	11	51600	0.16667	47	2	0.042553	0.97923	1	-7570.9
REM-	41	7	51600	0.17073	30	7	0.23333	0.25627	0.52393	3918.9
VA-	58	6	51600	0.10345	45	4	0.088889	0.59775	0.8644	-821.15
-AND	37	1	50800	0.027027	32	3	0.09375	0.11846	0.33616	3482.9
SCA-	53	22	50600	0.41509	32	12	0.375	0.64266	0.89773	-3343.9
VE-	43	1	50200	0.023256	34	2	0.058824	0.21158	0.46832	1814
GO-	79	20	50200	0.25316	67	18	0.26866	0.41582	0.72367	1034.9
-SS	57	12	49400	0.21053	59	9	0.15254	0.79127	1	-3490.6
-EH	62	1	49400	0.016129	50	1	0.02	0.43889	0.74328	194.32
-OP	48	2	49400	0.041667	34	0	0	0.8859	1	-2125
-HEN	36	2	49200	0.055556	34	4	0.11765	0.17684	0.41883	3228.8
WAR-	36	7	49000	0.19444	34	11	0.32353	0.10841	0.31619	7745.1
-HY	57	4	49000	0.070175	43	0	0	0.96188	1	-3663.2
-EI	51	0	48600	0	56	1	0.017857	0.16883	0.40594	867.86
-ALE	42	8	48400	0.19048	37	11	0.2973	0.13382	0.36183	6366.5
LEN-	33	1	48400	0.030303	34	2	0.058824	0.28626	0.55497	1420.3
ANT-	44	12	48400	0.27273	34	2	0.058824	0.99268	1	-14032
TET-	34	4	47600	0.11765	32	4	0.125	0.46356	0.76181	391.18
-SAL	34	0	47600	0	33	1	0.030303	0.15323	0.38346	1442.4
-HA	60	3	47400	0.05	50	1	0.02	0.79869	1	-1494
SK-	59	12	47200	0.20339	36	6	0.16667	0.67115	0.91919	-2269.5
-UT	74	16	47000	0.21622	61	16	0.2623	0.26548	0.5276	2783.2
-BS	74	18	46600	0.24324	59	10	0.16949	0.85001	1	-4498.9
MEA-	46	18	46400	0.3913	30	10	0.33333	0.69571	0.94042	-4313
MAS-	36	6	46400	0.16667	32	8	0.25	0.19814	0.45065	4733.3
-IM	49	0	46200	0	31	2	0.064516	0.035879	0.15589	2980.6
-DON	33	0	46200	0	33	1	0.030303	0.15681	0.38741	1400
LIT-	44	12	45600	0.27273	42	8	0.19048	0.81661	1	-5165.4
WE-	58	12	45600	0.2069	42	11	0.2619	0.25942	0.5245	3267.5
NET-	34	6	45600	0.17647	35	8	0.22857	0.29528	0.56372	2896.8
-OTE	42	10	45600	0.2381	33	2	0.060606	0.98129	1	-10578
-CT	55	5	45400	0.090909	38	3	0.078947	0.58013	0.85746	-590.91
COS-	42	13	45400	0.30952	36	7	0.19444	0.87705	1	-7457.1
OT-	66	17	45200	0.25758	46	8	0.17391	0.85224	1	-5120.2
TAI-	34	4	45200	0.11765	32	4	0.125	0.46356	0.76181	385.29
FU-	40	0	44800	0	32	1	0.03125	0.13011	0.35794	1400
-VE	72	24	44600	0.33333	72	29	0.40278	0.19381	0.44238	4430.6
-TRA	31	0	44200	0	32	1	0.03125	0.16056	0.39055	1381.2
KI-	56	8	44200	0.14286	40	3	0.075	0.84828	1	-3433.6
TIT-	47	17	44000	0.3617	33	15	0.45455	0.20201	0.45615	6369.1
-NEL	30	0	43600	0	35	1	0.028571	0.1754	0.417	1245.7
IR-	89	39	43600	0.4382	64	9	0.14062	0.99995	1	-26127
-GY	59	6	43600	0.10169	41	8	0.19512	0.092706	0.28319	4521.9
ROU-	33	9	43600	0.27273	30	11	0.36667	0.21186	0.46832	5617.6
LOU-	35	8	42600	0.22857	30	13	0.43333	0.03922	0.16792	11180
HY-	38	0	42400	0	34	0	0		1	0
-IGN	38	10	42400	0.26316	38	5	0.13158	0.92521	1	-7421.1
TOU-	33	7	42400	0.21212	35	7	0.2	0.54916	0.82793	-647.27
-TRE	30	0	42000	0	34	5	0.14706	0.014349	0.07793	6176.5
-OO	52	3	41600	0.057692	44	5	0.11364	0.16153	0.39141	2461.5
HAL-	36	9	41400	0.25	30	1	0.033333	0.99275	1	-11873
MEN-	30	4	40400	0.13333	31	4	0.12903	0.51984	0.8022	-199.57
-NDS	50	23	39400	0.46	50	16	0.32	0.92438	1	-10024
-OI	49	0	39200	0	38	0	0		1	0
LAS-	37	13	38000	0.35135	33	15	0.45455	0.1895	0.43865	5964.6
-VER	36	10	37600	0.27778	35	11	0.31429	0.36807	0.65319	1883.8
-RNS	34	11	37400	0.32353	30	13	0.43333	0.18261	0.42609	5841.6
-VES	37	11	37200	0.2973	32	15	0.46875	0.071375	0.23792	9018.4
-IF	40	0	36000	0	37	1	0.027027	0.14765	0.37861	972.97
-OM	39	1	33200	0.025641	43	1	0.023256	0.52787	0.80536	-81.097
KE-	36	1	33000	0.027778	38	2	0.052632	0.29397	0.56292	840.06
-PA	39	0	33000	0	30	0	0		1	0
RH-	47	8	32400	0.17021	34	2	0.058824	0.93371	1	-4388.7
-PY	40	4	32400	0.1	34	7	0.20588	0.10098	0.30151	3832.9
-OW	36	1	32200	0.027778	32	1	0.03125	0.4663	0.76181	114.58
-AM	30	0	30600	0	31	2	0.064516	0.078593	0.25392	1974.2
-DA	43	5	30400	0.11628	46	6	0.13043	0.41966	0.72633	486.96
-OC	36	1	30400	0.027778	30	0	0	0.82118	1	-866.67
-EW	41	5	28800	0.12195	40	4	0.1	0.62335	0.88448	-720
-PE	65	37	28800	0.56923	50	25	0.5	0.76985	0.99624	-4250.8
-AP	38	4	28800	0.10526	41	3	0.073171	0.692	0.94042	-1027
-CER	40	21	28200	0.525	41	15	0.36585	0.92523	1	-9166.8
-LL	42	18	25000	0.42857	33	13	0.39394	0.6188	0.88001	-1489.2
-WS	44	18	24400	0.40909	35	11	0.31429	0.80741	1	-3678.4
-NGS	35	22	22600	0.62857	32	15	0.46875	0.90559	1	-9940.9
-HT	35	12	19600	0.34286	35	12	0.34286	0.5	0.78554	0
-V	35	4	15600	0.11429	33	9	0.27273	0.048398	0.18822	2725.2
