word	times	strengthWeighted	inLosses	len	pts	present	playerFound	oppFound	pointsTotal	strengthWeightedPoints	playerFindRate	oppFindRate	excessPoints	anagramKey	anagramDictSize	branchStem
ASTER	246	121.757	143	5	800	986	260	349	196800	97405.8	0.263692	0.353955	71200	AERST	13	
RATES	263	121.163	122	5	800	1069	619	687	210400	96930.5	0.579046	0.642657	54400	AERST	13	RATE
ESTER	223	114.592	135	5	800	776	5	226	178400	91673.5	0.0064433	0.291237	176800	EERST	9	EST
TARES	216	96.1601	97	5	800	1072	646	593	172800	76928.1	0.602612	0.553172	-42400	AERST	13	TARE
RATED	191	91.1809	92	5	800	531	136	265	152800	72944.7	0.256121	0.499058	103200	ADERT	6	RATE
LATER	179	83.2766	88	5	800	635	246	317	143200	66621.3	0.387402	0.499213	56800	AELRT	6	LATE
ESTERS	85	44.2475	61	6	1400	248	1	85	119000	61946.5	0.00403226	0.342742	117600	EERSST	6	ESTER
NATES	162	77.1848	73	5	800	798	24	168	129600	61747.8	0.0300752	0.210526	115200	AENST	6	ATES
TEARS	173	76.5153	75	5	800	736	403	426	138400	61212.2	0.547554	0.578804	18400	AERST	13	TEAR
SANER	167	75.5049	73	5	800	564	13	175	133600	60403.9	0.0230496	0.310284	129600	AENRS	6	SANE
TRIES	155	74.5787	88	5	800	635	121	211	124000	59662.9	0.190551	0.332283	72000	EIRST	7	TRIE
TIRES	166	73.7804	74	5	800	783	442	416	132800	59024.3	0.564496	0.53129	-20800	EIRST	7	TIRE
STARE	156	73.6807	82	5	800	974	676	602	124800	58944.5	0.694045	0.61807	-59200	AERST	13	STAR
NITES	153	73.6475	90	5	800	768	372	349	122400	58918	0.484375	0.454427	-18400	EINST	8	NITE
ASTERS	88	41.8742	55	6	1400	330	93	122	123200	58623.8	0.281818	0.369697	40600	AERSST	7	ASTER
TASER	161	71.8744	73	5	800	895	465	393	128800	57499.5	0.519553	0.439106	-57600	AERST	13	TASE
TARE	323	143.329	134	4	400	1737	1036	908	129200	57331.6	0.596431	0.52274	-51200	AERT	4	TAR
ORATES	79	40.7942	46	6	1400	396	135	125	110600	57111.9	0.340909	0.315657	-14000	AEORST	4	ORATE
REST	298	139.559	140	4	400	1944	1013	778	119200	55823.4	0.521091	0.400206	-94000	ERST	4	RES
TINES	144	68.6478	82	5	800	714	443	425	115200	54918.2	0.620448	0.595238	-14400	EINST	8	TINE
ROTES	142	67.1165	63	5	800	645	361	361	113600	53693.2	0.55969	0.55969	0	EORST	7	ROTE
TEAR	318	133.856	125	4	400	1537	793	793	127200	53542.3	0.51594	0.51594	0	AERT	4	TEA
RASE	293	133.161	129	4	400	1419	533	530	117200	53264.3	0.375617	0.373502	-1200	AERS	7	RAS
ELATER	77	37.5733	47	6	1400	232	54	107	107800	52602.6	0.232759	0.461207	74200	AEELRT	2	ELATE
ORATE	129	64.3796	71	5	800	646	216	198	103200	51503.7	0.334365	0.306502	-14400	AEORT	3	RATE
ATONES	71	36.6723	44	6	1400	209	46	96	99400	51341.2	0.220096	0.45933	70000	AENOST	2	ATONE
TIERS	141	64.0283	59	5	800	675	212	219	112800	51222.6	0.314074	0.324444	5600	EIRST	7	TIER
SATES	136	63.985	71	5	800	632	239	256	108800	51188	0.378165	0.405063	13600	AESST	6	SATE
ELATES	73	36.2918	43	6	1400	233	60	107	102200	50808.5	0.257511	0.459227	65800	AEELST	4	ELATE
SATE	297	126.659	120	4	400	1575	654	585	118800	50663.5	0.415238	0.371429	-27600	AEST	10	SAT
RETS	272	126.19	125	4	400	2056	546	457	108800	50475.8	0.265564	0.222276	-35600	ERST	4	RET
STARED	78	35.8769	41	6	1400	295	162	180	109200	50227.7	0.549153	0.610169	25200	ADERST	6	STARE
TARED	134	62.3433	62	5	800	574	128	183	107200	49874.6	0.222997	0.318815	44000	ADERT	6	TARE
STARES	72	35.4479	41	6	1400	387	260	236	100800	49627	0.671835	0.609819	-33600	AERSST	7	STARE
RATS	275	123.521	105	4	400	1395	404	445	110000	49408.5	0.289606	0.318996	16400	ARST	6	RAT
DEAREST	56	27.2972	29	7	1800	109	1	56	100800	49134.9	0.00917431	0.513761	99000	ADEERST	8	DEARES
TALES	126	60.6033	67	5	800	523	268	289	100800	48482.6	0.512428	0.552581	16800	AELST	12	TALE
HATES	131	60.4916	60	5	800	444	214	266	104800	48393.3	0.481982	0.599099	41600	AEHST	6	HATE
RESIN	126	60.3615	65	5	800	673	99	167	100800	48289.2	0.147103	0.248143	54400	EINRS	7	RES
NEARS	134	59.7358	50	5	800	549	177	206	107200	47788.6	0.322404	0.375228	23200	AENRS	6	NEAR
RATE	262	119.435	122	4	400	1688	1158	1020	104800	47773.9	0.686019	0.604265	-55200	AERT	4	RAT
RATINE	68	34.0216	39	6	1400	319	49	93	95200	47630.3	0.153605	0.291536	61600	AEINRT	3	TINE
STEAR	129	59.2512	57	5	800	910	600	459	103200	47400.9	0.659341	0.504396	-112800	AERST	13	TEAR
TORES	130	59.0238	55	5	800	699	451	401	104000	47219	0.645207	0.573677	-40000	EORST	7	TORE
RITES	136	58.5641	62	5	800	751	446	384	108800	46851.2	0.593875	0.511318	-49600	EIRST	7	RITE
LITES	124	57.8314	62	5	800	473	247	288	99200	46265.1	0.522199	0.608879	32800	EILST	7	LITE
EATER	120	57.5981	60	5	800	636	329	298	96000	46078.5	0.517296	0.468553	-24800	AEERT	3	EAT
SEAT	262	115.092	109	4	400	1557	746	642	104800	46036.8	0.479127	0.412331	-41600	AEST	10	SEA
TIES	260	114.708	115	4	400	1401	373	385	104000	45883.4	0.266238	0.274804	4800	EIST	3	TIE
LASER	122	56.725	56	5	800	539	275	275	97600	45380	0.510204	0.510204	0	AELRS	9	LASE
STALER	70	32.0789	44	6	1400	262	118	127	98000	44910.5	0.450382	0.484733	12600	AELRST	12	STALE
TANE	256	112.245	107	4	400	1131	309	382	102400	44897.8	0.27321	0.337754	29200	AENT	4	TAN
STIRE	120	56.0192	59	5	800	751	442	353	96000	44815.4	0.588549	0.47004	-71200	EIRST	7	STIR
TEARER	63	31.8291	41	6	1400	124	7	67	88200	44560.8	0.0564516	0.540323	84000	AEERRT	3	TEAR
DATES	123	55.5477	66	5	800	426	194	244	98400	44438.2	0.455399	0.57277	40000	ADEST	7	DATE
LATE	250	110.768	108	4	400	1049	594	641	100000	44307.2	0.566254	0.611058	18800	AELT	6	LAT
RETAIN	65	31.5413	34	6	1400	329	147	142	91000	44157.8	0.446809	0.431611	-7000	AEINRT	3	TAIN
ANTES	116	55.0871	56	5	800	653	306	215	92800	44069.7	0.468606	0.32925	-72800	AENST	6	ANTE
RENTS	116	55.079	58	5	800	628	403	339	92800	44063.2	0.64172	0.539809	-51200	ENRST	4	RENT
RASED	114	54.9143	67	5	800	429	86	139	91200	43931.5	0.200466	0.324009	42400	ADERS	7	RASE
STARS	126	54.8197	56	5	800	400	91	169	100800	43855.8	0.2275	0.4225	62400	ARSST	3	STAR
STANE	117	54.6893	55	5	800	613	301	262	93600	43751.4	0.491028	0.427406	-31200	AENST	6	TANE
NEAR	250	109.302	102	4	400	1131	344	384	100000	43720.9	0.304156	0.339523	16000	AENR	4	EAR
DERATS	51	30.7617	36	6	1400	295	49	69	71400	43066.4	0.166102	0.233898	28000	ADERST	6	DERAT
TASE	237	107.638	112	4	400	1459	812	631	94800	43055	0.556546	0.432488	-72400	AEST	10	TAS
ASTERN	53	30.73	38	6	1400	303	0	53	74200	43022	0	0.174917	74200	AENRST	4	ASTER
LARES	116	53.7247	56	5	800	624	373	322	92800	42979.7	0.597756	0.516026	-40800	AELRS	9	LARE
ATONE	111	53.529	63	5	800	380	87	159	88800	42823.2	0.228947	0.418421	57600	AENOT	2	TONE
STEN	226	106.781	102	4	400	1468	412	348	90400	42712.5	0.280654	0.237057	-25600	ENST	6	TEN
INTER	116	53.3356	65	5	800	624	326	269	92800	42668.5	0.522436	0.43109	-45600	EINRT	5	
TEAS	232	106.428	99	4	400	1432	648	545	92800	42571	0.452514	0.380587	-41200	AEST	10	TEA
TATES	110	52.9949	52	5	800	456	229	251	88000	42395.9	0.502193	0.550439	17600	AESTT	6	TATE
HARES	114	52.8622	52	5	800	464	220	237	91200	42289.7	0.474138	0.510776	13600	AEHRS	5	HARE
LASTER	62	30.0972	38	6	1400	316	194	199	86800	42136	0.613924	0.629747	7000	AELRST	12	ASTER
RATINES	47	23.3738	30	7	1800	191	30	63	84600	42072.8	0.157068	0.329843	59400	AEINRST	11	RATINE
RATER	116	52.5167	60	5	800	622	387	349	92800	42013.4	0.622186	0.561093	-30400	AERRT	4	RATE
SEAR	239	103.979	91	4	400	1592	931	748	95600	41591.5	0.584799	0.469849	-73200	AERS	7	SEA
ARETS	99	51.9853	63	5	800	1123	444	162	79200	41588.3	0.39537	0.144256	-225600	AERST	13	ARET
TEARED	61	29.7027	33	6	1400	199	77	109	85400	41583.8	0.386935	0.547739	44800	ADEERT	3	EARED
TIER	236	103.925	98	4	400	1300	372	360	94400	41570.1	0.286154	0.276923	-4800	EIRT	4	TIE
EATERS	62	29.6833	31	6	1400	324	183	165	86800	41556.6	0.564815	0.509259	-25200	AEERST	9	EATER
NITERS	68	29.6661	33	6	1400	341	208	184	95200	41532.5	0.609971	0.539589	-33600	EINRST	10	NITER
TARS	240	103.745	98	4	400	1170	244	338	96000	41497.9	0.208547	0.288889	37600	ARST	6	TAR
NOTES	111	51.8153	59	5	800	489	265	276	88800	41452.3	0.541922	0.564417	8800	ENOST	6	NOTE
TONIES	55	29.5038	34	6	1400	204	18	63	77000	41305.4	0.0882353	0.308824	63000	EINOST	1	ONIE
TRINES	63	29.5025	34	6	1400	288	154	161	88200	41303.5	0.534722	0.559028	9800	EINRST	10	TRINE
LADER	104	51.6128	69	5	800	241	32	120	83200	41290.2	0.13278	0.497925	70400	ADELR	3	LADE
LEAST	115	51.5974	58	5	800	443	129	174	92000	41277.9	0.291196	0.392777	36000	AELST	12	LEAS
NEATS	118	51.5379	45	5	800	635	163	184	94400	41230.3	0.256693	0.289764	16800	AENST	6	NEAT
AIRED	110	51.4811	48	5	800	409	90	149	88000	41184.9	0.220049	0.364303	47200	ADEIR	5	IRED
RETINA	57	29.299	35	6	1400	323	57	83	79800	41018.6	0.176471	0.256966	36400	AEINRT	3	TINA
DARES	109	51.1111	56	5	800	481	259	268	87200	40888.9	0.538462	0.557173	7200	ADERS	7	DARE
SATED	111	51.0763	51	5	800	487	74	136	88800	40861	0.151951	0.279261	49600	ADEST	7	SATE
LATEN	107	50.8182	56	5	800	429	22	116	85600	40654.6	0.0512821	0.270396	75200	AELNT	2	LATE
RASES	102	50.6149	54	5	800	376	160	194	81600	40491.9	0.425532	0.515957	27200	AERSS	5	RASE
DEARS	102	50.3835	56	5	800	438	220	226	81600	40306.8	0.502283	0.515982	4800	ADERS	7	DEAR
TIRE	226	99.7917	100	4	400	1276	685	597	90400	39916.7	0.536834	0.467868	-35200	EIRT	4	IRE
ELATE	102	49.717	58	5	800	413	127	171	81600	39773.6	0.307506	0.414044	35200	AEELT	2	LATE
STERE	101	49.5918	60	5	800	649	173	157	80800	39673.4	0.266564	0.241911	-12800	EERST	9	ERE
HASTEN	58	28.297	34	6	1400	137	9	67	81200	39615.7	0.0656934	0.489051	81200	AEHNST	4	HASTE
REAL	217	98.2847	95	4	400	1039	426	438	86800	39313.9	0.41001	0.421559	4800	AELR	7	
SITE	222	97.8354	86	4	400	1320	603	521	88800	39134.2	0.456818	0.394697	-32800	EIST	3	SIT
RESIT	97	48.8812	55	5	800	727	267	181	77600	39104.9	0.367263	0.248968	-68800	EIRST	7	RES
LINES	111	48.8676	55	5	800	407	233	267	88800	39094.1	0.572482	0.65602	27200	EILNS	6	LINE
TATERS	59	27.9019	36	6	1400	220	131	140	82600	39062.7	0.595455	0.636364	12600	AERSTT	7	TATER
STAR	208	97.3028	103	4	400	1395	902	770	83200	38921.1	0.646595	0.551971	-52800	ARST	6	TAR
ATONER	60	27.7812	36	6	1400	189	29	74	84000	38893.7	0.153439	0.391534	63000	AENORT	2	ATONE
NITER	111	48.5081	48	5	800	709	430	342	88800	38806.5	0.606488	0.48237	-70400	EINRT	5	NITE
SANES	111	48.5024	52	5	800	397	149	182	88800	38801.9	0.375315	0.458438	26400	AENSS	4	SANE
SANEST	57	27.6024	36	6	1400	184	0	57	79800	38643.3	0	0.309783	79800	AENSST	5	SANES
RAST	227	96.496	78	4	400	1202	507	499	90800	38598.4	0.421797	0.415141	-3200	ARST	6	RAS
SEATER	59	27.5649	32	6	1400	318	172	165	82600	38590.9	0.540881	0.518868	-9800	AEERST	9	EATER
TRINE	107	48.1757	51	5	800	493	219	235	85600	38540.5	0.444219	0.476673	12800	EINRT	5	TRIN
SANE	215	96.058	92	4	400	1053	384	405	86000	38423.2	0.364672	0.384615	8400	AENS	6	SAN
LATENS	58	27.3114	30	6	1400	212	11	64	81200	38236	0.0518868	0.301887	74200	AELNST	1	LATEN
TONES	109	47.7457	48	5	800	489	314	345	87200	38196.5	0.642127	0.705521	24800	ENOST	6	TONE
DERAT	81	47.741	52	5	800	574	117	115	64800	38192.8	0.203833	0.200348	-1600	ADERT	6	ERA
RATERS	59	27.2367	35	6	1400	297	193	185	82600	38131.4	0.649832	0.622896	-11200	AERRST	8	RATER
STALE	103	47.6556	54	5	800	511	290	259	82400	38124.5	0.567515	0.506849	-24800	AELST	12	TALE
CATES	106	47.5399	50	5	800	362	151	200	84800	38031.9	0.417127	0.552486	39200	ACEST	5	CATE
SINE	214	95.0091	105	4	400	1235	626	538	85600	38003.7	0.506883	0.435628	-35200	EINS	3	SIN
SIRE	213	94.9057	94	4	400	1337	694	535	85200	37962.3	0.519073	0.40015	-63600	EIRS	5	SIR
TASED	105	47.3336	46	5	800	418	119	156	84000	37866.9	0.284689	0.373206	29600	ADEST	7	TASE
LISTER	56	27.0177	35	6	1400	243	134	136	78400	37824.8	0.55144	0.559671	2800	EILRST	5	LIST
ROSET	95	47.1639	58	5	800	594	186	163	76000	37731.1	0.313131	0.274411	-18400	EORST	7	ROSE
EATS	222	94.0612	82	4	400	1501	552	418	88800	37624.5	0.367755	0.278481	-53600	AEST	10	EAT
SLATER	53	26.8277	32	6	1400	259	157	139	74200	37558.8	0.606178	0.53668	-25200	AELRST	12	SLATE
NEAREST	44	20.8463	24	7	1800	131	0	44	79200	37523.3	0	0.335878	79200	AEENRST	5	NEAR
TRIE	201	93.6336	102	4	400	1005	173	271	80400	37453.4	0.172139	0.269652	39200	EIRT	4	
TERES	95	46.5529	47	5	800	647	182	149	76000	37242.4	0.281298	0.230294	-26400	EERST	9	ERES
NESTER	54	26.5311	34	6	1400	286	114	97	75600	37143.6	0.398601	0.339161	-23800	EENRST	9	ESTER
LADERS	55	26.3049	36	6	1400	124	11	65	77000	36826.9	0.0887097	0.524194	75600	ADELRS	3	LADER
SITES	99	45.9259	49	5	800	493	223	217	79200	36740.7	0.452333	0.440162	-4800	EISST	2	SITE
TILES	97	45.9234	57	5	800	395	234	259	77600	36738.7	0.592405	0.655696	20000	EILST	7	TILE
REAST	98	45.8036	48	5	800	836	433	231	78400	36642.9	0.517943	0.276316	-161600	AERST	13	EAST
SINES	99	45.7532	52	5	800	471	244	223	79200	36602.5	0.518047	0.473461	-16800	EINSS	5	SINE
TOSE	203	91.4776	87	4	400	974	236	297	81200	36591.1	0.2423	0.304928	24400	EOST	2	OSE
ORATED	49	26.1333	28	6	1400	183	22	54	68600	36586.6	0.120219	0.295082	44800	ADEORT	4	ORATE
RINES	95	45.4862	43	5	800	622	393	310	76000	36389	0.631833	0.498392	-66400	EINRS	7	RINE
ROSE	197	90.509	91	4	400	1050	559	478	78800	36203.6	0.532381	0.455238	-32400	EORS	6	OSE
REALS	93	45.2496	51	5	800	439	207	198	74400	36199.7	0.471526	0.451025	-7200	AELRS	9	REAL
STEIN	92	45.1614	53	5	800	706	171	140	73600	36129.1	0.24221	0.1983	-24800	EINST	8	TEIN
SEARE	99	45.1476	33	5	800	660	376	281	79200	36118.1	0.569697	0.425758	-76000	AEERS	4	SEAR
STARER	52	25.7985	28	6	1400	213	115	111	72800	36117.9	0.539906	0.521127	-5600	AERRST	8	STARE
RASER	93	45.0673	43	5	800	466	150	146	74400	36053.8	0.321888	0.313305	-3200	AERRS	4	RASE
DERATE	44	25.7232	30	6	1400	241	65	70	61600	36012.4	0.26971	0.290456	7000	ADEERT	3	DERAT
RETIES	55	25.5749	26	6	1400	267	9	57	77000	35804.8	0.0337079	0.213483	67200	EEIRST	2	RETIE
REATES	50	25.4963	30	6	1400	384	200	116	70000	35694.8	0.520833	0.302083	-117600	AEERST	9	REATE
STADE	90	44.5805	52	5	800	342	56	111	72000	35664.4	0.163743	0.324561	44000	ADEST	7	TAD
LIES	192	89.0436	96	4	400	874	186	263	76800	35617.5	0.212815	0.300915	30800	EILS	5	LIE
EARS	203	88.9643	79	4	400	1321	549	395	81200	35585.7	0.415594	0.299016	-61600	AERS	7	EAR
TRINS	95	44.3474	52	5	800	378	48	115	76000	35477.9	0.126984	0.304233	53600	INRST	2	TRIN
NITRES	53	25.2723	30	6	1400	355	161	143	74200	35381.3	0.453521	0.402817	-25200	EINRST	10	NITRE
RENS	191	88.4489	98	4	400	1193	299	283	76400	35379.6	0.250629	0.237217	-6400	ENRS	2	REN
TASERS	55	25.216	33	6	1400	241	116	117	77000	35302.4	0.481328	0.485477	1400	AERSST	7	TASER
SEATS	101	44.097	43	5	800	557	259	219	80800	35277.6	0.464991	0.393178	-32000	AESST	6	SEAT
RESET	92	44.0454	51	5	800	536	171	152	73600	35236.3	0.31903	0.283582	-15200	EERST	9	RES
TORSE	97	44.0266	49	5	800	512	253	224	77600	35221.2	0.494141	0.4375	-23200	EORST	7	TORS
TIRED	97	43.8623	54	5	800	418	89	130	77600	35089.8	0.212919	0.311005	32800	DEIRT	3	TIRE
ROTE	191	87.2309	81	4	400	1008	558	507	76400	34892.4	0.553571	0.502976	-20400	EORT	2	ROT
TIDES	100	43.5133	57	5	800	345	142	187	80000	34810.7	0.411594	0.542029	36000	DEIST	7	TIDE
STEED	93	43.4139	44	5	800	276	37	109	74400	34731.1	0.134058	0.394928	57600	DEEST	3	TEED
LASE	180	86.8107	78	4	400	952	510	464	72000	34724.3	0.535714	0.487395	-18400	AELS	6	LAS
DATERS	53	24.7806	27	6	1400	227	143	149	74200	34692.8	0.629956	0.656388	8400	ADERST	6	DATER
TALERS	51	24.7779	29	6	1400	238	121	116	71400	34689.1	0.508403	0.487395	-7000	AELRST	12	TALER
SORE	187	86.5385	78	4	400	1132	562	475	74800	34615.4	0.496466	0.419611	-34800	EORS	6	ORE
RETINE	54	24.6958	30	6	1400	254	42	70	75600	34574.1	0.165354	0.275591	39200	EEINRT	4	TINE
NARES	93	43.1464	47	5	800	758	162	142	74400	34517.1	0.21372	0.187335	-16000	AENRS	6	NARE
RALES	87	43.1288	49	5	800	487	218	187	69600	34503.1	0.447639	0.383984	-24800	AELRS	9	RALE
RAINES	51	24.6305	28	6	1400	303	185	168	71400	34482.7	0.610561	0.554455	-23800	AEINRS	4	RAINE
STEAN	88	43.1031	50	5	800	628	282	207	70400	34482.5	0.449045	0.329618	-60000	AENST	6	TEA
NOTER	92	42.9272	50	5	800	447	283	256	73600	34341.7	0.63311	0.572707	-21600	ENORT	5	NOTE
DIREST	51	24.4752	29	6	1400	193	0	51	71400	34265.3	0	0.264249	71400	DEIRST	4	DIRE
TENS	179	85.5225	90	4	400	1189	559	411	71600	34209	0.470143	0.345669	-59200	ENST	6	TEN
TINE	187	85.3764	89	4	400	1179	755	666	74800	34150.6	0.640373	0.564885	-35600	EINT	3	TIN
LATED	93	42.6841	59	5	800	319	27	105	74400	34147.3	0.0846395	0.329154	62400	ADELT	3	LATE
SAINE	92	42.6695	42	5	800	496	193	168	73600	34135.6	0.389113	0.33871	-20000	AEINS	3	SAIN
OATER	90	42.5954	54	5	800	525	219	164	72000	34076.3	0.417143	0.312381	-44000	AEORT	3	OAT
EASTER	54	24.336	33	6	1400	336	178	164	75600	34070.4	0.529762	0.488095	-19600	AEERST	9	ASTER
LISTEN	49	24.3159	31	6	1400	166	15	56	68600	34042.2	0.0903614	0.337349	57400	EILNST	7	LIST
LEATS	94	42.5358	45	5	800	474	218	217	75200	34028.6	0.459916	0.457806	-800	AELST	12	LEAT
NOSER	89	42.4979	50	5	800	468	190	169	71200	33998.3	0.405983	0.361111	-16800	ENORS	7	NOSE
ROTS	187	84.8513	83	4	400	950	260	286	74800	33940.5	0.273684	0.301053	10400	ORST	5	ROT
EAST	189	84.8348	91	4	400	1345	706	537	75600	33933.9	0.524907	0.399257	-67600	AEST	10	EAS
DATER	93	42.3863	47	5	800	421	257	264	74400	33909	0.610451	0.627078	5600	ADERT	6	DATE
TONED	93	42.228	52	5	800	239	77	139	74400	33782.4	0.322176	0.58159	49600	DENOT	2	TONE
ALTER	86	42.2251	48	5	800	414	184	184	68800	33780.1	0.444444	0.444444	0	AELRT	6	ALT
RISE	181	84.2438	84	4	400	1266	577	403	72400	33697.5	0.455766	0.318325	-69600	EIRS	5	
ARES	191	84.1927	86	4	400	1986	898	421	76400	33677.1	0.452165	0.211984	-190800	AERS	7	ARE
TALER	87	42.0535	49	5	800	480	260	210	69600	33642.8	0.541667	0.4375	-40000	AELRT	6	TALE
SENTE	87	42.0417	38	5	800	480	144	139	69600	33633.4	0.3	0.289583	-4000	EENST	7	SENT
RONES	94	41.8097	47	5	800	498	311	258	75200	33447.7	0.624498	0.518072	-42400	ENORS	7	RONE
NEST	185	83.4361	85	4	400	1467	563	373	74000	33374.4	0.383776	0.25426	-76000	ENST	6	EST
STORE	85	41.6929	42	5	800	615	419	345	68000	33354.4	0.681301	0.560976	-59200	EORST	7	TORE
SENT	184	83.2393	74	4	400	1275	592	463	73600	33295.7	0.464314	0.363137	-51600	ENST	6	SEN
SIRES	93	41.6127	51	5	800	512	285	233	74400	33290.2	0.556641	0.455078	-41600	EIRSS	3	SIRE
NITRE	88	41.5529	44	5	800	586	243	208	70400	33242.4	0.414676	0.354949	-28000	EINRT	5	NIT
RESAT	85	41.5343	43	5	800	895	170	107	68000	33227.4	0.189944	0.119553	-50400	AERST	13	RES
STERN	80	41.463	49	5	800	624	206	156	64000	33170.4	0.330128	0.25	-40000	ENRST	4	TERN
STERES	47	23.6804	32	6	1400	240	76	71	65800	33152.6	0.316667	0.295833	-7000	EERSST	6	STERE
SIRED	90	41.381	46	5	800	466	147	137	72000	33104.8	0.315451	0.293991	-8000	DEIRS	5	SIRE
TAINS	87	41.3318	39	5	800	435	215	203	69600	33065.4	0.494253	0.466667	-9600	AINST	8	TAIN
RITE	195	82.594	85	4	400	1183	667	550	78000	33037.6	0.563821	0.46492	-46800	EIRT	4	RIT
CARETS	48	23.5835	25	6	1400	220	119	119	67200	33017	0.540909	0.540909	0	ACERST	9	CARET
TREATS	47	23.553	26	6	1400	276	94	88	65800	32974.3	0.34058	0.318841	-8400	AERSTT	7	TREAT
REARS	92	41.1832	39	5	800	385	158	169	73600	32946.5	0.41039	0.438961	8800	AERRS	4	REAR
LASED	86	41.1277	49	5	800	294	89	129	68800	32902.1	0.302721	0.438776	32000	ADELS	6	LASE
RILES	89	41.0218	53	5	800	352	150	175	71200	32817.5	0.426136	0.497159	20000	EILRS	6	RILE
ROATES	42	23.4298	29	6	1400	283	141	85	58800	32801.7	0.498233	0.300353	-78400	AEORST	4	ROATE
TINED	86	40.9757	43	5	800	363	69	119	68800	32780.6	0.190083	0.327824	40000	DEINT	3	TINE
TEARERS	33	18.1603	24	7	1800	55	0	33	59400	32688.5	0	0.6	59400	AEERRST	3	TEARER
TORE	182	81.7162	74	4	400	1110	693	593	72800	32686.5	0.624324	0.534234	-40000	EORT	2	TOR
REDATE	41	23.3126	35	6	1400	143	15	48	57400	32637.7	0.104895	0.335664	46200	ADEERT	3	DATE
ALINES	49	23.284	28	6	1400	206	88	92	68600	32597.6	0.427184	0.446602	5600	AEILNS	6	ALINE
TASES	94	40.644	44	5	800	377	185	191	75200	32515.2	0.490716	0.506631	4800	AESST	6	TASE
ENTER	82	40.6049	45	5	800	453	210	187	65600	32483.9	0.463576	0.412804	-18400	EENRT	4	
TASTER	55	23.1637	29	6	1400	293	179	166	77000	32429.2	0.610922	0.566553	-18200	AERSTT	7	TASTE
LANES	89	40.5197	42	5	800	427	210	211	71200	32415.7	0.491803	0.494145	800	AELNS	5	LANE
STALES	51	23.1489	26	6	1400	191	99	108	71400	32408.5	0.518325	0.565445	12600	AELSST	7	STALE
STEARE	49	23.1077	23	6	1400	372	266	192	68600	32350.7	0.715054	0.516129	-103600	AEERST	9	STEAR
EASER	85	40.4365	47	5	800	535	297	236	68000	32349.2	0.55514	0.441121	-48800	AEERS	4	EASE
TINS	178	80.855	87	4	400	923	297	291	71200	32342	0.321777	0.315276	-2400	INST	3	TIN
TRATS	85	40.2942	42	5	800	411	67	97	68000	32235.4	0.163017	0.23601	24000	ARSTT	3	TRAT
TREAT	79	40.2366	49	5	800	505	153	135	63200	32189.2	0.30297	0.267327	-14400	AERTT	4	EAT
CRATES	46	22.9855	29	6	1400	184	89	97	64400	32179.7	0.483696	0.527174	11200	ACERST	9	CRATE
MATES	87	40.1228	44	5	800	370	209	236	69600	32098.2	0.564865	0.637838	21600	AEMST	6	MATE
RELATE	46	22.8739	32	6	1400	195	56	75	64400	32023.5	0.287179	0.384615	26600	AEELRT	2	ELATE
NOTERS	50	22.8653	31	6	1400	238	148	141	70000	32011.4	0.621849	0.592437	-9800	ENORST	8	NOTER
SENATE	44	22.8627	21	6	1400	273	0	44	61600	32007.8	0	0.161172	61600	AEENST	5	SENA
REATE	79	39.8991	43	5	800	631	318	189	63200	31919.3	0.503962	0.299525	-103200	AEERT	3	EAT
RITS	173	79.754	77	4	400	1073	296	263	69200	31901.6	0.275862	0.245107	-13200	IRST	2	RIT
REALES	42	22.7656	28	6	1400	168	69	62	58800	31871.8	0.410714	0.369048	-9800	AEELRS	8	REAL
ASTONE	43	22.7292	27	6	1400	191	13	50	60200	31820.9	0.0680628	0.26178	51800	AENOST	2	STONE
STIRED	51	22.628	30	6	1400	238	98	98	71400	31679.3	0.411765	0.411765	0	DEIRST	4	STIRE
STIRS	84	39.5415	34	5	800	313	42	98	67200	31633.2	0.134185	0.313099	44800	IRSST	1	STIR
AIREST	43	22.5726	28	6	1400	372	4	45	60200	31601.7	0.0107527	0.120968	57400	AEIRST	6	IRES
DARTS	77	39.4658	42	5	800	285	108	134	61600	31572.6	0.378947	0.470175	20800	ADRST	4	DART
SORES	87	39.3771	40	5	800	445	240	211	69600	31501.7	0.539326	0.474157	-23200	EORSS	2	SORE
STEARS	47	22.4893	20	6	1400	272	178	144	65800	31485	0.654412	0.529412	-47600	AERSST	7	STEAR
STAIN	86	39.2367	48	5	800	529	300	260	68800	31389.4	0.567108	0.491493	-32000	AINST	8	TAIN
RANTS	85	39.2228	40	5	800	401	215	203	68000	31378.3	0.53616	0.506234	-9600	ANRST	4	RANT
TRONES	47	22.4104	25	6	1400	220	129	127	65800	31374.6	0.586364	0.577273	-2800	ENORST	8	TRONE
RAINE	84	39.1551	44	5	800	530	330	290	67200	31324.1	0.622642	0.54717	-32000	AEINR	1	RAIN
STALED	47	22.3525	32	6	1400	141	40	67	65800	31293.6	0.283688	0.475177	37800	ADELST	6	STALE
RAITS	93	39.1095	36	5	800	548	223	188	74400	31287.6	0.406934	0.343066	-28000	AIRST	9	RAIT
ENTERS	47	22.325	26	6	1400	221	96	99	65800	31255	0.434389	0.447964	4200	EENRST	9	ENTER
RAINS	86	39.053	44	5	800	414	249	244	68800	31242.4	0.601449	0.589372	-4000	AINRS	5	RAIN
SORED	81	38.9696	38	5	800	371	103	124	64800	31175.7	0.277628	0.334232	16800	DEORS	10	SORE
SEAN	172	77.8399	72	4	400	1179	440	382	68800	31135.9	0.373198	0.324003	-23200	AENS	6	SEA
SALES	76	38.7163	43	5	800	337	194	183	60800	30973	0.575668	0.543027	-8800	AELSS	5	SALE
START	84	38.7112	43	5	800	411	210	203	67200	30969	0.510949	0.493917	-5600	ARSTT	3	STAR
ERASE	66	38.706	45	5	800	697	308	129	52800	30964.8	0.441894	0.185079	-143200	AEERS	4	ERAS
RAISE	83	38.6628	43	5	800	578	312	245	66400	30930.2	0.539792	0.423875	-53600	AEIRS	5	RAIS
SEARER	42	22.0266	22	6	1400	128	24	52	58800	30837.2	0.1875	0.40625	39200	AEERRS	3	SEARE
SIREN	76	38.4827	41	5	800	569	86	96	60800	30786.2	0.151142	0.168717	8000	EINRS	7	SIRE
INTERS	48	21.9482	27	6	1400	311	181	136	67200	30727.5	0.581994	0.437299	-63000	EINRST	10	INTER
SEAL	171	76.7234	79	4	400	1036	532	457	68400	30689.4	0.513514	0.44112	-30000	AELS	6	SEA
STARN	81	38.1161	42	5	800	390	122	139	64800	30492.9	0.312821	0.35641	13600	ANRST	4	STAR
HASTE	86	38.0669	48	5	800	361	215	226	68800	30453.6	0.595568	0.626039	8800	AEHST	6	HAST
SEARS	87	38.0164	34	5	800	429	232	225	69600	30413.1	0.540793	0.524476	-5600	AERSS	5	SEAR
TAIN	169	76.0206	70	4	400	936	490	446	67600	30408.2	0.523504	0.476496	-17600	AINT	4	TAI
SANT	164	75.977	67	4	400	765	270	285	65600	30390.8	0.352941	0.372549	6000	ANST	4	SAN
TEERS	83	37.9707	38	5	800	374	155	149	66400	30376.5	0.414439	0.398396	-4800	EERST	9	TEER
NEATER	46	21.6306	25	6	1400	234	70	74	64400	30282.9	0.299145	0.316239	5600	AEENRT	3	EATER
RESITE	44	21.6212	22	6	1400	274	84	76	61600	30269.7	0.306569	0.277372	-11200	EEIRST	2	RESIT
NEAT	175	75.6568	74	4	400	1106	318	302	70000	30262.7	0.287523	0.273056	-6400	AENT	4	EAT
TEAL	169	75.556	80	4	400	911	412	371	67600	30222.4	0.45225	0.407245	-16400	AELT	6	TEA
RELIST	46	21.528	28	6	1400	195	36	58	64400	30139.2	0.184615	0.297436	30800	EILRST	5	LIST
OATERS	47	21.5253	32	6	1400	257	110	84	65800	30135.4	0.428016	0.326848	-36400	AEORST	4	OATER
TONER	83	37.662	43	5	800	435	297	298	66400	30129.6	0.682759	0.685057	800	ENORT	5	TONE
LITER	80	37.6051	44	5	800	431	277	267	64000	30084	0.642691	0.61949	-8000	EILRT	4	LITE
MARES	78	37.5632	39	5	800	372	231	214	62400	30050.6	0.620968	0.575269	-13600	AEMRS	5	MARE
NARE	168	75.0039	75	4	400	1243	240	235	67200	30001.6	0.193081	0.189059	-2000	AENR	4	ARE
STONER	49	21.3308	28	6	1400	221	138	142	68600	29863.2	0.624434	0.642534	5600	ENORST	8	STONE
SERA	147	74.6457	76	4	400	1986	381	208	58800	29858.3	0.191843	0.104733	-69200	AERS	7	SER
RESTED	44	21.2652	24	6	1400	205	94	85	61600	29771.3	0.458537	0.414634	-12600	DEERST	4	REST
RINE	165	74.4104	74	4	400	1044	626	500	66000	29764.1	0.599617	0.478927	-50400	EINR	2	RIN
RASTER	45	21.197	17	6	1400	299	178	160	63000	29675.8	0.595318	0.535117	-25200	AERRST	8	ASTER
ENATES	40	21.1895	22	6	1400	288	0	40	56000	29665.3	0	0.138889	56000	AEENST	5	NATES
LINER	81	37.055	40	5	800	342	207	231	64800	29644	0.605263	0.675439	19200	EILNR	1	LINE
TONIER	41	21.1703	19	6	1400	168	29	51	57400	29638.4	0.172619	0.303571	30800	EINORT	3	ONIE
ROATE	68	36.9298	38	5	800	457	226	138	54400	29543.8	0.49453	0.301969	-70400	AEORT	3	OAT
REINS	79	36.8789	37	5	800	548	216	143	63200	29503.1	0.394161	0.260949	-58400	EINRS	7	REIN
RAINED	40	20.9713	25	6	1400	166	99	115	56000	29359.8	0.596386	0.692771	22400	ADEINR	4	RAINE
NETS	157	73.2627	66	4	400	1468	420	260	62800	29305.1	0.286104	0.177112	-64000	ENST	6	NET
DEETS	75	36.6277	42	5	800	276	18	80	60000	29302.2	0.0652174	0.289855	49600	DEEST	3	DEET
ESTATE	41	20.9156	23	6	1400	191	13	45	57400	29281.9	0.0680628	0.235602	44800	AEESTT	2	STATE
LATS	154	73.1794	64	4	400	890	244	246	61600	29271.8	0.274157	0.276404	800	ALST	5	LAT
STIES	79	36.5601	44	5	800	499	114	116	63200	29248.1	0.228457	0.232465	1600	EISST	2	STIE
TATER	80	36.5429	48	5	800	430	270	248	64000	29234.3	0.627907	0.576744	-17600	AERTT	4	TATE
IRATE	72	36.5428	39	5	800	672	27	76	57600	29234.2	0.0401786	0.113095	39200	AEIRT	3	RATE
STATES	43	20.8054	18	6	1400	158	88	103	60200	29127.5	0.556962	0.651899	21000	AESSTT	3	STATE
ATES	163	72.6605	63	4	400	1907	363	222	65200	29064.2	0.190351	0.116413	-56400	AEST	10	ATE
TRONE	79	36.3249	41	5	800	377	196	194	63200	29059.9	0.519894	0.514589	-1600	ENORT	5	TRON
RAIS	164	72.4726	69	4	400	942	398	356	65600	28989	0.422505	0.377919	-16800	AIRS	6	RAI
DIRE	160	72.3521	72	4	400	654	177	243	64000	28940.8	0.270642	0.37156	26400	DEIR	3	IRE
SENTS	80	36.174	38	5	800	415	204	187	64000	28939.2	0.491566	0.450602	-13600	ENSST	3	SENT
SANED	73	36.0756	41	5	800	360	54	97	58400	28860.5	0.15	0.269444	34400	ADENS	4	SANE
TARRES	41	20.6143	20	6	1400	157	64	70	57400	28860.1	0.407643	0.44586	8400	AERRST	8	TARRE
STEER	81	36.0177	36	5	800	441	243	214	64800	28814.1	0.55102	0.485261	-23200	EERST	9	TEER
TITERS	41	20.5698	24	6	1400	183	122	113	57400	28797.7	0.666667	0.617486	-12600	EIRSTT	6	TITER
NITS	152	71.9417	75	4	400	1101	235	218	60800	28776.7	0.213442	0.198002	-6800	INST	3	NIT
TOLES	82	35.9274	33	5	800	342	196	204	65600	28741.9	0.573099	0.596491	6400	ELOST	4	TOLE
ANTE	154	71.8281	78	4	400	1051	498	312	61600	28731.2	0.473834	0.29686	-74400	AENT	4	ANT
HATER	81	35.8277	44	5	800	427	272	262	64800	28662.2	0.637002	0.613583	-8000	AEHRT	5	HATE
NATS	145	71.4912	69	4	400	1049	175	181	58000	28596.5	0.166826	0.172545	2400	ANST	4	NAT
RETINAS	29	15.8795	20	7	1800	126	22	40	52200	28583	0.174603	0.31746	32400	AEINRST	11	RETINA
HATERS	47	20.3593	26	6	1400	225	150	152	65800	28503	0.666667	0.675556	2800	AEHRST	3	HATER
STAIR	76	35.5769	29	5	800	496	202	167	60800	28461.5	0.407258	0.336694	-28000	AIRST	9	TAI
RADE	165	71.0496	68	4	400	750	229	275	66000	28419.9	0.305333	0.366667	18400	ADER	6	RAD
TRAIN	79	35.5244	42	5	800	475	270	233	63200	28419.5	0.568421	0.490526	-29600	AINRT	3	RAIN
TARTER	45	20.293	32	6	1400	149	12	49	63000	28410.2	0.0805369	0.328859	51800	AERRTT	2	TART
ALTERS	42	20.2547	22	6	1400	207	98	89	58800	28356.6	0.47343	0.429952	-12600	AELRST	12	ALTER
TRIN	159	70.7664	77	4	400	822	283	301	63600	28306.6	0.344282	0.36618	7200	INRT	1	RIN
RENTES	40	20.161	22	6	1400	237	137	120	56000	28225.4	0.578059	0.506329	-23800	EENRST	9	RENTE
STEANE	37	20.1576	23	6	1400	211	63	63	51800	28220.7	0.298578	0.298578	0	AEENST	5	STEAN
STIRES	43	20.1364	27	6	1400	274	173	144	60200	28190.9	0.631387	0.525547	-40600	EIRSST	5	STIRE
LITERS	43	20.1329	29	6	1400	210	141	139	60200	28186.1	0.671429	0.661905	-2800	EILRST	5	LITER
RAIT	165	70.4312	62	4	400	987	335	306	66000	28172.5	0.339412	0.31003	-11600	AIRT	4	RAI
DITES	73	35.0845	42	5	800	359	200	182	58400	28067.6	0.557103	0.506964	-14400	DEIST	7	DITE
RETE	155	70.0551	67	4	400	851	230	231	62000	28022	0.27027	0.271445	400	EERT	3	RET
SEALER	41	20.0106	24	6	1400	167	86	88	57400	28014.9	0.51497	0.526946	2800	AEELRS	8	SEAL
TONERS	47	19.9795	21	6	1400	221	151	157	65800	27971.4	0.683258	0.710407	8400	ENORST	8	TONER
RESITS	40	19.9795	25	6	1400	197	59	58	56000	27971.4	0.299492	0.294416	-1400	EIRSST	5	RESIT
HIRES	75	34.9545	35	5	800	330	159	157	60000	27963.6	0.481818	0.475758	-1600	EHIRS	6	HIRE
CARET	75	34.9472	33	5	800	399	194	192	60000	27957.8	0.486216	0.481203	-1600	ACERT	7	CARE
LARE	161	69.8147	64	4	400	1035	606	481	64400	27925.9	0.585507	0.464734	-50000	AELR	7	LAR
RISEN	66	34.8921	42	5	800	546	55	78	52800	27913.7	0.100733	0.142857	18400	EINRS	7	RISE
SINTER	44	19.8954	19	6	1400	311	168	117	61600	27853.5	0.540193	0.376206	-71400	EINRST	10	INTER
TRIED	77	34.8132	41	5	800	314	24	85	61600	27850.6	0.0764331	0.270701	48800	DEIRT	3	TRIE
TITRE	73	34.8106	42	5	800	254	106	129	58400	27848.5	0.417323	0.507874	18400	EIRTT	4	TIT
ELATERS	31	15.4492	23	7	1800	100	15	41	55800	27808.5	0.15	0.41	46800	AEELRST	5	ELATER
SALINE	41	19.7813	24	6	1400	143	29	50	57400	27693.8	0.202797	0.34965	29400	AEILNS	6	ALINE
NEARED	43	19.7596	21	6	1400	142	43	61	60200	27663.4	0.302817	0.429577	25200	ADEENR	4	EARED
RENT	151	69.0769	64	4	400	1131	713	558	60400	27630.8	0.630416	0.493369	-62000	ENRT	2	REN
CARES	75	34.5256	28	5	800	429	297	284	60000	27620.5	0.692308	0.662005	-10400	ACERS	9	CARE
TART	157	69.0348	71	4	400	740	314	312	62800	27613.9	0.424324	0.421622	-800	ARTT	2	TAR
LASTED	45	19.7174	33	6	1400	157	69	86	63000	27604.4	0.43949	0.547771	23800	ADELST	6	LAST
TRADES	42	19.7171	29	6	1400	179	81	82	58800	27603.9	0.452514	0.458101	1400	ADERST	6	TRADE
DERES	72	34.4655	44	5	800	403	154	133	57600	27572.4	0.382134	0.330025	-16800	DEERS	7	DERE
LEAT	160	68.9044	67	4	400	825	369	354	64000	27561.8	0.447273	0.429091	-6000	AELT	6	LEA
RETIE	74	34.4467	34	5	800	477	17	77	59200	27557.4	0.0356394	0.161426	48000	EEIRT	1	RET
PATES	72	34.4127	36	5	800	290	171	180	57600	27530.2	0.589655	0.62069	7200	AEPST	8	PATE
TALE	143	68.8193	77	4	400	903	559	448	57200	27527.7	0.619048	0.496124	-44400	AELT	6	ALE
SONE	147	68.5037	73	4	400	798	397	340	58800	27401.5	0.497494	0.426065	-22800	ENOS	5	SON
TASTE	75	34.2048	37	5	800	469	283	240	60000	27363.9	0.603412	0.511727	-34400	AESTT	6	TAS
HARTS	75	34.1324	36	5	800	296	60	106	60000	27305.9	0.202703	0.358108	36800	AHRST	5	HART
IRES	154	68.2549	71	4	400	1619	288	207	61600	27301.9	0.177888	0.127857	-32400	EIRS	5	IRE
DONERS	42	19.4736	26	6	1400	113	8	48	58800	27263.1	0.0707965	0.424779	56000	DENORS	7	DONER
REAR	156	68.0815	59	4	400	816	307	297	62400	27232.6	0.376225	0.363971	-4000	AERR	2	EAR
SAILER	39	19.4476	22	6	1400	163	84	100	54600	27226.6	0.515337	0.613497	22400	AEILRS	6	SAIL
DARE	150	67.8983	70	4	400	817	439	393	60000	27159.3	0.537332	0.481028	-18400	ADER	6	ARE
RELATES	30	15.0614	21	7	1800	110	28	46	54000	27110.6	0.254545	0.418182	32400	AEELRST	5	RELATE
STIE	154	67.7385	62	4	400	1326	265	235	61600	27095.4	0.199849	0.177225	-12000	EIST	3	TIE
SEATED	40	19.2442	17	6	1400	149	64	73	56000	26941.9	0.42953	0.489933	12600	ADEEST	5	SEAT
CITES	72	33.6741	38	5	800	320	179	191	57600	26939.3	0.559375	0.596875	9600	CEIST	4	CITE
TREES	79	33.6614	39	5	800	370	118	132	63200	26929.1	0.318919	0.356757	11200	EERST	9	TREE
STANED	39	19.2307	22	6	1400	179	45	54	54600	26923	0.251397	0.301676	12600	ADENST	1	STANE
MASER	72	33.6426	37	5	800	288	59	101	57600	26914.1	0.204861	0.350694	33600	AEMRS	5	MASE
TORTES	39	19.1258	16	6	1400	194	105	89	54600	26776.2	0.541237	0.458763	-22400	EORSTT	4	TORTE
ELATED	37	19.1095	25	6	1400	114	27	51	51800	26753.3	0.236842	0.447368	33600	ADEELT	2	ELATE
DONER	68	33.3946	39	5	800	226	36	83	54400	26715.7	0.159292	0.367257	37600	DENOR	4	DONE
LAST	141	66.6644	78	4	400	819	479	438	56400	26665.7	0.58486	0.534799	-16400	ALST	5	LAS
DIES	150	66.6617	76	4	400	771	168	207	60000	26664.7	0.217899	0.268482	15600	DEIS	4	DIE
SINED	73	33.3219	40	5	800	402	103	115	58400	26657.5	0.256219	0.28607	9600	DEINS	6	SINE
REAN	149	66.6188	64	4	400	1149	456	322	59600	26647.5	0.396867	0.280244	-53600	AENR	4	EAN
RESEAT	37	18.977	26	6	1400	242	46	46	51800	26567.8	0.190083	0.190083	0	AEERST	9	SEAT
STORES	37	18.9656	25	6	1400	250	178	151	51800	26551.8	0.712	0.604	-37800	EORSST	9	STORE
ENATE	65	33.038	37	5	800	487	0	65	52000	26430.4	0	0.13347	52000	AEENT	2	NAT
TRAITS	39	18.8034	24	6	1400	174	46	67	54600	26324.7	0.264368	0.385057	29400	AIRSTT	5	TRAIT
STATED	38	18.7652	22	6	1400	118	56	79	53200	26271.2	0.474576	0.669492	32200	ADESTT	2	STATE
TAILER	39	18.7178	24	6	1400	173	111	121	54600	26204.9	0.641618	0.699422	14000	AEILRT	3	TAIL
ROES	145	65.3013	58	4	400	977	86	157	58000	26120.5	0.0880246	0.160696	28400	EORS	6	ROE
STEND	66	32.6203	38	5	800	352	141	117	52800	26096.3	0.400568	0.332386	-19200	DENST	3	STEN
STEAL	78	32.6193	38	5	800	549	329	245	62400	26095.4	0.599271	0.446266	-67200	AELST	12	TEAL
LIST	146	65.1995	73	4	400	656	303	322	58400	26079.8	0.46189	0.490854	7600	ILST	5	LIS
CARTS	77	32.5261	32	5	800	283	145	169	61600	26020.9	0.512367	0.597173	19200	ACRST	3	CART
STAINER	29	14.4437	14	7	1800	149	80	71	52200	25998.7	0.536913	0.47651	-16200	AEINRST	11	STAIN
SALTER	39	18.5569	24	6	1400	209	126	121	54600	25979.7	0.602871	0.578947	-7000	AELRST	12	ALTER
RAREST	40	18.5264	21	6	1400	197	65	62	56000	25937	0.329949	0.314721	-4200	AERRST	8	RARES
STRAIT	35	18.5216	24	6	1400	144	5	37	49000	25930.2	0.0347222	0.256944	44800	AIRSTT	5	TRAIT
LIER	134	64.7567	69	4	400	774	238	239	53600	25902.7	0.307494	0.308786	400	EILR	5	LIE
SITED	69	32.3432	29	5	800	403	107	110	55200	25874.6	0.265509	0.272953	2400	DEIST	7	SITE
ARTS	133	64.6308	54	4	400	1289	267	193	53200	25852.3	0.207137	0.149728	-29600	ARST	6	ART
TEES	153	64.5634	63	4	400	738	178	209	61200	25825.4	0.241192	0.283198	12400	EEST	1	TEE
TANS	144	64.5445	70	4	400	919	252	221	57600	25817.8	0.274211	0.240479	-12400	ANST	4	TAN
STIR	146	64.529	65	4	400	1073	509	382	58400	25811.6	0.474371	0.356011	-50800	IRST	2	
RESINS	38	18.43	22	6	1400	155	15	43	53200	25801.9	0.0967742	0.277419	39200	EINRSS	4	RESIN
ROTAS	67	32.1919	28	5	800	408	74	86	53600	25753.5	0.181373	0.210784	9600	AORST	6	ROTA
TRAIT	64	32.1681	36	5	800	310	75	100	51200	25734.5	0.241935	0.322581	20000	AIRTT	1	RAIT
LEARES	38	18.3689	21	6	1400	201	139	115	53200	25716.5	0.691542	0.572139	-33600	AEELRS	8	LEARE
NATTER	37	18.3683	19	6	1400	139	69	80	51800	25715.7	0.496403	0.57554	15400	AENRTT	2	NAT
ENTERA	30	18.3608	23	6	1400	226	0	30	42000	25705.1	0	0.132743	42000	AEENRT	3	ENTER
RALE	142	64.2114	63	4	400	858	334	296	56800	25684.6	0.389277	0.344988	-15200	AELR	7	ALE
REIN	135	64.2027	59	4	400	1218	386	243	54000	25681.1	0.316913	0.199507	-57200	EINR	2	REI
HEATS	70	31.9492	35	5	800	362	211	194	56000	25559.3	0.582873	0.535912	-13600	AEHST	6	HEAT
HATED	69	31.9337	35	5	800	182	41	94	55200	25547	0.225275	0.516484	42400	ADEHT	2	HATE
REDATES	27	14.19	24	7	1800	90	9	32	48600	25541.9	0.1	0.355556	41400	ADEERST	8	REDATE
TRAT	145	63.8535	65	4	400	740	124	180	58000	25541.4	0.167568	0.243243	22400	ARTT	2	RAT
LANE	143	63.8177	65	4	400	725	339	319	57200	25527.1	0.467586	0.44	-8000	AELN	4	ANE
TESTER	40	18.2259	25	6	1400	201	117	107	56000	25516.2	0.58209	0.532338	-14000	EERSTT	4	TESTE
ROSED	67	31.8746	41	5	800	316	95	108	53600	25499.7	0.300633	0.341772	10400	DEORS	10	ROSE
RETINT	40	18.1972	21	6	1400	180	49	51	56000	25476	0.272222	0.283333	2800	EINRTT	2	TINT
STAINS	39	18.1859	23	6	1400	158	93	93	54600	25460.3	0.588608	0.588608	0	AINSST	3	STAIN
STANES	44	18.1841	21	6	1400	230	122	107	61600	25457.8	0.530435	0.465217	-21000	AENSST	5	STANE
LAIRED	42	18.1582	13	6	1400	127	12	45	58800	25421.5	0.0944882	0.354331	46200	ADEILR	7	AIRED
LETS	141	63.5201	57	4	400	1014	271	224	56400	25408.1	0.267258	0.220907	-18800	ELST	4	LET
STONED	40	18.1308	21	6	1400	121	49	76	56000	25383.1	0.404959	0.628099	37800	DENOST	1	STONE
LINED	70	31.6945	36	5	800	229	68	112	56000	25355.6	0.296943	0.489083	35200	DEILN	2	LINE
NITE	143	63.3511	72	4	400	1216	773	562	57200	25340.5	0.635691	0.462171	-84400	EINT	3	NIT
ERASES	29	18.0675	24	6	1400	165	76	44	40600	25294.6	0.460606	0.266667	-44800	AEERSS	3	ERASE
TRAINS	38	18.0653	22	6	1400	212	129	114	53200	25291.5	0.608491	0.537736	-21000	AINRST	4	TRAIN
STADES	39	18.0375	23	6	1400	109	20	50	54600	25252.5	0.183486	0.458716	42000	ADESST	3	STADE
TRANS	63	31.5503	35	5	800	407	40	77	50400	25240.2	0.0982801	0.189189	29600	ANRST	4	RAN
RARES	69	31.5294	35	5	800	358	167	138	55200	25223.5	0.46648	0.385475	-23200	AERRS	4	RARE
SALE	130	63.0566	56	4	400	895	523	406	52000	25222.6	0.584358	0.453631	-46800	AELS	6	SAL
LIERS	68	31.498	33	5	800	398	139	124	54400	25198.4	0.349246	0.311558	-12000	EILRS	6	LIER
TIDE	145	62.9125	66	4	400	599	244	275	58000	25165	0.407346	0.459098	12400	DEIT	5	TID
TITER	68	31.4548	40	5	800	332	219	199	54400	25163.8	0.659639	0.599398	-16000	EIRTT	4	TITE
STENS	69	31.4427	31	5	800	427	63	86	55200	25154.2	0.147541	0.201405	18400	ENSST	3	STEN
ARET	120	62.8455	77	4	400	1870	803	247	48000	25138.2	0.429412	0.132086	-222400	AERT	4	ARE
TEALS	74	31.401	39	5	800	399	236	191	59200	25120.8	0.591479	0.478697	-36000	AELST	12	TEAL
SHARED	38	17.9283	24	6	1400	121	59	76	53200	25099.6	0.487603	0.628099	23800	ADEHRS	5	SHARE
ORES	137	62.6937	60	4	400	1484	571	259	54800	25077.5	0.384771	0.174528	-124800	EORS	6	ORE
TEASER	39	17.9105	22	6	1400	279	176	150	54600	25074.7	0.630824	0.537634	-36400	AEERST	9	TEASE
LITS	133	62.6673	67	4	400	655	201	216	53200	25066.9	0.30687	0.329771	6000	ILST	5	LIT
RONE	143	62.6629	68	4	400	824	496	395	57200	25065.2	0.601942	0.479369	-40400	ENOR	3	ONE
TITRES	37	17.8622	23	6	1400	147	72	80	51800	25007.1	0.489796	0.544218	11200	EIRSTT	6	TITRE
LITRES	38	17.8571	21	6	1400	190	82	84	53200	24999.9	0.431579	0.442105	2800	EILRST	5	LITRE
STERNA	28	17.8317	26	6	1400	272	0	28	39200	24964.4	0	0.102941	39200	AENRST	4	STERN
TERNS	65	31.1894	34	5	800	489	161	118	52000	24951.6	0.329243	0.241309	-34400	ENRST	4	TERN
LEST	145	62.2614	53	4	400	1014	311	256	58000	24904.6	0.306706	0.252465	-22000	ELST	4	EST
STATER	40	17.787	23	6	1400	250	159	150	56000	24901.8	0.636	0.6	-12600	AERSTT	7	STATE
LIRE	128	62.1818	62	4	400	710	258	235	51200	24872.7	0.36338	0.330986	-9200	EILR	5	IRE
DEARE	66	31.0884	40	5	800	414	247	202	52800	24870.7	0.596618	0.487923	-36000	ADEER	3	DEAR
TEER	140	62.1093	57	4	400	707	279	266	56000	24843.7	0.394625	0.376238	-5200	EERT	3	TEE
LEAS	143	62.0745	70	4	400	851	449	380	57200	24829.8	0.527615	0.446533	-27600	AELS	6	LEA
EARING	34	17.7268	22	6	1400	138	62	65	47600	24817.5	0.449275	0.471014	4200	AEGINR	6	RING
MATERS	36	17.7091	24	6	1400	166	120	118	50400	24792.8	0.722892	0.710843	-2800	AEMRST	8	MATER
ALINE	63	30.9166	42	5	800	350	163	146	50400	24733.3	0.465714	0.417143	-13600	AEILN	5	LINE
TORIES	37	17.6519	23	6	1400	232	22	46	51800	24712.6	0.0948276	0.198276	33600	EIORST	5	TORI
TORS	136	61.7432	61	4	400	789	349	307	54400	24697.3	0.442332	0.3891	-16800	ORST	5	TOR
DEAR	136	61.615	63	4	400	919	578	453	54400	24646	0.628945	0.492927	-50000	ADER	6	EAR
STORED	36	17.6005	20	6	1400	189	93	96	50400	24640.7	0.492063	0.507937	4200	DEORST	6	STORE
SHIER	62	30.7229	33	5	800	228	8	65	49600	24578.3	0.0350877	0.285088	45600	EHIRS	6	HIE
HART	141	61.4056	54	4	400	502	122	200	56400	24562.2	0.243028	0.398406	31200	AHRT	4	ART
SAIN	137	61.4038	62	4	400	847	447	358	54800	24561.5	0.527745	0.422668	-35600	AINS	4	SAI
TAIS	133	61.3578	55	4	400	910	98	156	53200	24543.1	0.107692	0.171429	23200	AIST	4	TAI
SIDES	68	30.6632	32	5	800	225	88	112	54400	24530.6	0.391111	0.497778	19200	DEISS	2	SIDE
ROSES	67	30.6207	32	5	800	303	150	163	53600	24496.6	0.49505	0.537954	10400	EORSS	2	ROSE
TORA	134	61.222	47	4	400	851	165	184	53600	24488.8	0.19389	0.216216	7600	AORT	4	TOR
TOES	133	61.192	62	4	400	877	187	185	53200	24476.8	0.213227	0.210946	-800	EOST	2	TOE
SLATE	61	30.5905	33	5	800	452	307	252	48800	24472.4	0.679204	0.557522	-44000	AELST	12	SLAT
STEAD	62	30.5895	37	5	800	425	172	138	49600	24471.6	0.404706	0.324706	-27200	ADEST	7	TEAD
RIDES	67	30.5711	35	5	800	341	208	190	53600	24456.9	0.609971	0.557185	-14400	DEIRS	5	RIDE
TAES	134	61.1332	58	4	400	1557	138	170	53600	24453.3	0.088632	0.109184	12800	AEST	10	TAE
STRAIN	38	17.4655	23	6	1400	248	125	90	53200	24451.7	0.504032	0.362903	-49000	AINRST	4	TRAIN
TRONS	72	30.5581	37	5	800	312	32	83	57600	24446.5	0.102564	0.266026	40800	NORST	3	TRON
CATER	69	30.5479	36	5	800	356	242	236	55200	24438.3	0.679775	0.662921	-4800	ACERT	7	CATE
MATED	70	30.5355	38	5	800	173	36	98	56000	24428.4	0.208092	0.566474	49600	ADEMT	2	MATE
TILER	68	30.5135	36	5	800	356	231	222	54400	24410.8	0.648876	0.623596	-7200	EILRT	4	TILE
TEINS	63	30.4695	29	5	800	523	125	98	50400	24375.6	0.239006	0.18738	-21600	EINST	8	TEIN
LADES	63	30.4335	42	5	800	240	115	125	50400	24346.8	0.479167	0.520833	8000	ADELS	6	LADE
REDES	63	30.4313	28	5	800	284	63	93	50400	24345	0.221831	0.327465	24000	DEERS	7	REDE
GATES	69	30.4282	31	5	800	218	108	143	55200	24342.5	0.495413	0.655963	28000	AEGST	4	GATE
NOSE	131	60.7755	60	4	400	814	372	288	52400	24310.2	0.457002	0.353808	-33600	ENOS	5	NOS
TRADE	62	30.3759	40	5	800	343	178	145	49600	24300.7	0.51895	0.422741	-26400	ADERT	6	TRAD
ROTA	134	60.6824	53	4	400	832	144	175	53600	24273	0.173077	0.210337	12400	AORT	4	ROT
REES	130	60.6703	69	4	400	810	357	264	52000	24268.1	0.440741	0.325926	-37200	EERS	4	REE
DINES	63	30.3281	32	5	800	365	236	222	50400	24262.5	0.646575	0.608219	-11200	DEINS	6	DINE
CRATE	62	30.2874	38	5	800	271	154	146	49600	24229.9	0.568266	0.538745	-6400	ACERT	7	RATE
TARTS	71	30.2131	32	5	800	389	174	158	56800	24170.5	0.447301	0.40617	-12800	ARSTT	3	TART
TEASE	68	30.1759	33	5	800	531	366	277	54400	24140.7	0.689266	0.521657	-71200	AEEST	2	TEAS
RET	537	241.2	218	3	100	3260	1527	1260	53700	24120	0.468405	0.386503	-26700	ERT	1	
TILERS	39	17.2123	20	6	1400	168	107	109	54600	24097.2	0.636905	0.64881	2800	EILRST	5	TILER
STONE	67	30.116	34	5	800	447	303	274	53600	24092.8	0.677852	0.612975	-23200	ENOST	6	TONE
TONS	134	60.1328	55	4	400	674	194	223	53600	24053.1	0.287834	0.330861	11600	NOST	3	TON
REMATE	33	17.1645	23	6	1400	91	8	36	46200	24030.3	0.0879121	0.395604	39200	AEEMRT	3	MATE
DEARES	37	17.1606	22	6	1400	216	134	124	51800	24024.8	0.62037	0.574074	-14000	ADEERS	5	DEARE
REANS	73	29.9894	23	5	800	529	266	177	58400	23991.5	0.502836	0.334594	-71200	AENRS	6	REAN
RILE	133	59.8739	74	4	400	592	222	256	53200	23949.6	0.375	0.432432	13600	EILR	5	
AIRS	138	59.8282	57	4	400	758	256	242	55200	23931.3	0.337731	0.319261	-5600	AIRS	6	AIR
DENTS	63	29.855	32	5	800	371	208	179	50400	23884	0.560647	0.48248	-23200	DENST	3	DENT
LISTED	35	16.973	23	6	1400	118	48	63	49000	23762.2	0.40678	0.533898	21000	DEILST	6	LIST
TRIER	58	29.6577	37	5	800	276	35	75	46400	23726.1	0.126812	0.271739	32000	EIRRT	1	TRIE
TENES	61	29.6495	34	5	800	402	207	154	48800	23719.6	0.514925	0.383085	-42400	EENST	7	TENE
STATE	63	29.6102	33	5	800	403	279	263	50400	23688.1	0.692308	0.652605	-12800	AESTT	6	STAT
SENTI	51	29.6004	33	5	800	590	8	51	40800	23680.3	0.0135593	0.0864407	34400	EINST	8	SENT
RETILE	34	16.8977	18	6	1400	148	40	50	47600	23656.8	0.27027	0.337838	14000	EEILRT	1	TILE
ATONED	32	16.8829	23	6	1400	98	19	41	44800	23636.1	0.193878	0.418367	30800	ADENOT	2	ATONE
SATIN	62	29.4632	35	5	800	482	88	90	49600	23570.5	0.182573	0.186722	1600	AINST	8	SATI
RANT	129	58.7543	57	4	400	821	483	401	51600	23501.7	0.588307	0.488429	-32800	ANRT	2	RAN
SERE	130	58.7486	57	4	400	1122	370	271	52000	23499.4	0.329768	0.241533	-39600	EERS	4	SER
SIDER	66	29.3721	34	5	800	350	149	139	52800	23497.6	0.425714	0.397143	-8000	DEIRS	5	SIDE
HEST	126	58.7205	52	4	400	760	304	231	50400	23488.2	0.4	0.303947	-29200	EHST	4	HES
OATS	124	58.717	59	4	400	799	207	196	49600	23486.8	0.259074	0.245307	-4400	AOST	5	OAT
SNARE	67	29.298	34	5	800	573	272	168	53600	23438.4	0.474695	0.293194	-83200	AENRS	6	SNAR
RETAINS	28	13.0145	16	7	1800	141	73	71	50400	23426	0.51773	0.503546	-3600	AEINRST	11	RETAIN
RESTS	61	29.2073	31	5	800	398	240	172	48800	23365.9	0.603015	0.432161	-54400	ERSST	2	REST
RESTER	38	16.6887	14	6	1400	201	96	95	53200	23364.1	0.477612	0.472637	-1400	EERRST	2	ESTER
