oppName	games	wins	exp	var	overlap	oppOpen10	oppLongShare	z	p	q
MiningMath	733	523	476.228	161.716	0.469357	3.9071	0.664457	3.67797	0.000235094	0.00413766
Insurrection	302	227	212.18	61.8481	0.411015	4.42351	0.710731	1.8845	0.0594975	0.196069
kluo11	216	77	85.8797	48.6892	0.502139	4.34259	0.718475	-1.27258	0.203168	0.415786
ravenclaw7218	199	123	115.812	45.5128	0.473991	4.29648	0.702926	1.06547	0.286665	0.494638
derek	193	108	114.653	44.6322	0.449575	4.58497	0.765165	-0.99589	0.319303	0.530164
Brendan	192	29	51.3556	36.9395	0.484152	4.6	0.7245	-3.67825	0.000234842	0.00413766
Peter	189	146	126.134	39.9873	0.452202	4.04385	0.653	3.14152	0.00168074	0.0184882
rafeh	178	107	111.117	37.4054	0.342502	4.61798	0.739098	-0.673177	0.500835	0.688648
five_plus	176	49	54.2754	36.7411	0.234403	5.54343	0.995139	-0.870321	0.384125	0.603625
sophia	167	67	71.8116	39.4129	0.49298	4.2697	0.701549	-0.766422	0.443425	0.672783
austin	160	124	105.57	32.5264	0.42898	4.02562	0.697413	3.23147	0.00123154	0.0154822
lark	158	122	106.466	33.6954	0.451774	4.19172	0.70778	2.67602	0.00745025	0.0504325
nocturne	123	44	46.9795	27.6653	0.472829	4.49675	0.759518	-0.566474	0.571072	0.728324
gas	119	82	74.5746	25.7268	0.510769	3.89076	0.603717	1.46395	0.143208	0.350064
Lasagna	114	77	75.4961	24.1952	0.489411	4.10354	0.66632	0.30574	0.759803	0.846362
cam	114	12	32.7418	21.312	0.483453	4.4614	0.747234	-4.49298	7.0232e-06	0.000309021
marchuzz	112	62	65.2357	25.4567	0.487458	4.29107	0.710072	-0.641299	0.521328	0.695105
DavidLaid25	109	79	71.4112	23.5501	0.487016	4.06789	0.675356	1.56378	0.117869	0.305072
jaeyee	109	66	60.9624	25.4997	0.494517	4.23028	0.706447	0.997593	0.318477	0.530164
Paul	94	11	32.2083	20.3348	0.484957	4.24982	0.74089	-4.7031	2.56235e-06	0.000225487
Alenn	94	62	61.7196	20.3046	0.36016	4.55161	0.695253	0.0622265	0.950382	0.965158
EddyBoss06	90	24	32.5057	19.7773	0.453967	4.3618	0.767858	-1.9126	0.0557988	0.196069
AI7776	90	15	26.5476	18.3398	0.531682	4.3618	0.704793	-2.69645	0.00700833	0.0504325
yoj	88	75	62.6938	17.8006	0.470498	4.1046	0.687555	2.9168	0.00353646	0.0282917
arthurh	87	57	48.0613	19.4129	0.472283	4.17701	0.707127	2.02875	0.0424838	0.196069
ssg	85	21	26.6082	17.6869	0.534927	4.21548	0.716179	-1.33351	0.182364	0.412364
Polarity	84	47	48.6115	18.6985	0.41349	4.18214	0.71312	-0.372669	0.709395	0.826398
C3Slayer	79	70	53.6952	16.6401	0.412293	4.01266	0.681166	3.99701	6.41463e-05	0.00188162
dickypp	78	41	43.7707	18.081	0.522145	4.23718	0.687462	-0.651605	0.514656	0.695105
aidan	78	45	39.8301	18.0692	0.456023	4.3961	0.74384	1.21622	0.223902	0.441459
notanoob	78	36	39.0359	18.5653	0.45887	4.10897	0.703067	-0.70458	0.481072	0.688648
neel	76	48	50.0178	16.3605	0.406039	4.45333	0.731527	-0.498853	0.617883	0.776767
2kkei	72	7	17.8032	13.2558	0.429328	4.53194	0.715334	-2.9672	0.00300521	0.0278103
Player_730e9s	65	44	40.253	14.7363	0.386165	4.41077	0.631945	0.976098	0.329016	0.536174
yangster	58	6	17.8782	11.347	0.455133	4.51897	0.80453	-3.52623	0.000421524	0.00618236
Conk	57	13	18.8909	12.3513	0.476454	4.41754	0.741029	-1.67619	0.0937016	0.257679
anders	56	42	35.3091	12.1611	0.404434	4.28929	0.705415	1.91867	0.0550262	0.196069
dodo	56	18	22.2567	12.7183	0.506513	4.45714	0.72009	-1.19361	0.232631	0.441459
breadedboris	55	30	29.7927	13.0255	0.517705	4.25273	0.655246	0.0574457	0.95419	0.965158
Loll	53	24	32.6937	12.3549	0.236763	5.37115	0.950318	-2.47334	0.0133857	0.0841389
crypto_______	50	36	29.5537	10.3676	0.44119	4.254	0.686009	2.00205	0.0452794	0.196069
Player_av62wy	50	11	17.1285	10.9436	0.498778	4.268	0.72668	-1.85256	0.0639455	0.200972
Player_nu7kw7	49	19	25.1974	12.154	0.468305	4.17959	0.714451	-1.77766	0.0754594	0.214207
elograbber123	46	12	13.8878	9.51119	0.428313	4.86222	0.818598	-0.612117	0.54046	0.709858
grac	45	32	30.5554	9.25859	0.476067	4.07111	0.662342	0.474777	0.634946	0.786975
leytonwordhunt	44	24	23.2975	10.3768	0.50334	4.16364	0.716462	0.21809	0.827359	0.878397
Michael	44	31	29.141	9.76497	0.463615	4.36591	0.690245	0.594887	0.551919	0.714248
pencil	43	29	24.5997	10.4746	0.456573	4.3381	0.716701	1.35959	0.173958	0.412364
R1J2L3	43	32	28.4774	9.00525	0.422995	4.54524	0.741743	1.17384	0.240458	0.441459
Player_wkj5i8	42	26	27.1129	9.20186	0.524901	4.18333	0.675133	-0.366882	0.713707	0.826398
michelle	41	23	22.7807	9.91585	0.508978	4.3425	0.713899	0.0696321	0.944486	0.965158
schatzyboy	36	29	26.0447	7.13893	0.467588	4.06111	0.655698	1.10606	0.2687	0.472911
BRCamy	35	22	19.6943	8.1296	0.490113	3.99714	0.671876	0.808657	0.418712	0.646433
imwashed	34	13	14.9779	7.88615	0.474455	4.71176	0.767379	-0.704334	0.481225	0.688648
four_plus	33	1	8.36587	6.22734	0.356859	5.30909	0.885022	-2.9517	0.00316026	0.0278103
rysefx	31	20	20.2579	6.93524	0.441904	4.25	0.70146	-0.0979363	0.921983	0.965158
tsuleii	30	15	14.414	7.3156	0.530006	3.90333	0.592493	0.216641	0.828488	0.878397
miscillianeous	30	10	11.1712	6.97064	0.509689	4.15	0.731234	-0.443594	0.657336	0.80341
ttttgffdsszzff	27	13	8.259	5.31221	0.36514	4.88333	0.8097	2.05699	0.0396872	0.194026
jack	27	17	16.9963	5.57746	0.346953	4.39259	0.739928	0.00157848	0.998741	0.998741
Player_v699z0	27	22	18.9234	5.58187	0.406334	3.84815	0.686265	1.30222	0.192841	0.413903
Dana	27	4	7.768	5.46481	0.516275	4.19615	0.720052	-1.61185	0.106995	0.285321
nEmerald	26	24	19.8433	4.67072	0.463042	4.07692	0.71592	1.92336	0.0544344	0.196069
Pramsu	25	22	19.2516	4.3747	0.415388	4.084	0.719883	1.31405	0.18883	0.413903
LukasTh3Lama	24	16	13.2211	5.73337	0.479979	4.31667	0.709152	1.16058	0.245812	0.441459
karissayng	23	15	14.4588	5.0834	0.497464	4.16522	0.726047	0.240052	0.81029	0.878397
lina	23	2	5.99504	4.31512	0.581831	4.43913	0.711847	-1.9232	0.0544549	0.196069
ppw	22	8	6.55423	4.52791	0.192543	5.58182	0.997183	0.679439	0.49686	0.688648
uvo	22	16	11.7467	5.438	0.549412	4.16364	0.629846	1.82394	0.0681616	0.206835
isasushii	21	14	11.1513	4.94521	0.39774	4.52857	0.63485	1.281	0.200193	0.415786
ythundered	20	5	5.86592	4.11755	0.411306	4.685	0.774215	-0.426736	0.669572	0.807155
ShioRamen	20	18	15.5431	3.40067	0.392468	4.125	0.696654	1.33233	0.182752	0.412364
airam	20	11	11.8385	4.68348	0.343957	4.48	0.611707	-0.387476	0.698404	0.826398
ChickenedPotato	19	13	11.5753	4.45042	0.434897	4.26316	0.717455	0.675319	0.499473	0.688648
Luvity	19	15	13.6071	3.77624	0.474728	4.30526	0.654514	0.716805	0.473495	0.688648
rem	19	16	14.291	3.51193	0.45193	3.98421	0.652349	0.911924	0.361809	0.578894
kuvo	19	17	14.9237	3.1488	0.492212	4.06111	0.610405	1.17011	0.241956	0.441459
snom	19	10	12.3745	4.03387	0.46698	4.33684	0.744404	-1.18226	0.237101	0.441459
travisnguyen	19	18	13.3836	3.85977	0.408473	4.13684	0.738056	2.34978	0.0187846	0.0972382
Gomoku	18	3	5.95439	3.90714	0.474718	4.43889	0.735486	-1.49465	0.135007	0.339446
aaratrik17	18	17	12.4198	3.75082	0.375416	4.13333	0.709096	2.36497	0.0180317	0.0972382
beckstein	17	12	12.5693	3.25065	0.171535	5.51765	0.997753	-0.315739	0.7522	0.846362
snoogaze	16	4	8.62395	3.73583	0.457105	4.43125	0.75467	-2.39232	0.0167421	0.0972382
OllieOakHunt	16	14	10.7134	3.37167	0.444358	3.95	0.651629	1.78987	0.0734744	0.214207
Barlo	15	10	9.58348	3.44251	0.461045	4.57333	0.690143	0.224492	0.822375	0.878397
kiki	15	2	5.62882	3.41391	0.514827	4.33571	0.733371	-1.96399	0.0495315	0.196069
Player_wb5rbn	15	14	10.7144	3.05544	0.429135	4.26	0.650638	1.87964	0.0601576	0.196069
sena	15	10	9.39375	3.50333	0.402499	4.4	0.782255	0.323898	0.746015	0.846362
